report_year,station_code,monitoring_location,river,state,table,page,temp_min,temp_max,do_min,do_max,ph_min,ph_max,cond_min,cond_max,bod_min,bod_max,nitrate_min,nitrate_max,fc_min,fc_max,tc_min,tc_max,fs_min,fs_max
2024,1001,RIVER BEAS AT U/S MANALI,Beas,HIMACHAL PRADESH,Table 1: Water Quality of river Beas - 2024,1,2,18,7.7,8.6,6.9,8.5,72,208,1.0,1.0,0.32,1.09,23,79,140,280,2,2
2024,3866,RIVER BEAS U/S BEFORE CONF. OF MANALSU NALLAH,Beas,HIMACHAL PRADESH,Table 1: Water Quality of river Beas - 2024,1,2,18,7.6,8.2,7.0,8.4,58,262,1.0,1.0,0.32,0.84,33,94,170,350,2,2
2024,4037,RIVER BEAS D/S MANALSU NALLAH,Beas,HIMACHAL PRADESH,Table 1: Water Quality of river Beas - 2024,1,2,18,7.6,8.2,6.9,8.5,66,162,1.0,1.0,0.32,1.38,32,110,210,430,2,2
2024,2601,RIVER BEAS AT D/S MANALI,Beas,HIMACHAL PRADESH,Table 1: Water Quality of river Beas - 2024,1,3,20,7.6,8.3,7.0,8.4,88,956,1.0,2.6,0.32,1.37,280,1600,920,1600,2,2
2024,4444,RIVER BEAS D/S OF WASTE PROCESSING FACILITY AT MANALI,Beas,HIMACHAL PRADESH,Table 1: Water Quality of river Beas - 2024,1,3,20,7.6,8.2,7.1,8.1,72,186,1.0,2.8,0.32,1.33,540,1600,1600,1600,2,2
2024,4443,RIVER BEAS AT RAISON,Beas,HIMACHAL PRADESH,Table 1: Water Quality of river Beas - 2024,1,3,18,7.6,8.4,7.3,8.4,90,196,1.0,1.0,0.32,0.94,34,110,210,540,2,2
2024,2602,"RIVER BEAS, U/S KULLU",,HIMACHAL PRADESH,Table 1: Water Quality of river Beas - 2024,1,3,22,7.6,8.3,7.3,8.2,62,152,1.0,1.1,0.32,1.00,40,130,220,540,2,2
2024,1002,RIVER BEAS D/S KULLU,Beas,HIMACHAL PRADESH,Table 1: Water Quality of river Beas - 2024,1,4,22,7.5,8.1,7.1,8.4,96,166,1.0,2.4,0.32,1.00,79,920,430,1600,2,2
2024,4445,RIVER BEAS D/S OF WASTE PROCESSING FACILITY AT KULLU,Beas,HIMACHAL PRADESH,Table 1: Water Quality of river Beas - 2024,1,3,22,7.6,8.1,7.4,8.3,86,170,1.0,1.0,0.32,0.83,33,94,240,430,2,2
2024,5765,River Beas D/S New bajaura Bridge,Beas,HIMACHAL PRADESH,Table 1: Water Quality of river Beas - 2024,1,3,17,7.5,8.1,7.0,8.5,86,284,1.0,1.8,0.32,0.77,70,140,350,540,2,2
2024,1003,RIVER BEAS D/S AUT,Beas,HIMACHAL PRADESH,Table 1: Water Quality of river Beas - 2024,1,5,18,7.6,8.2,7.1,8.5,72,180,1.0,1.0,0.32,0.69,27,140,150,540,2,2
2024,1004,RIVER BEAS AT PANDOH DAM,Beas,HIMACHAL PRADESH,Table 1: Water Quality of river Beas - 2024,1,8,32,8.0,9.1,6.8,8.3,65,188,1.0,1.0,0.32,1.06,23,58,140,280,2,2
2024,2603,"RIVER BEAS, D/S PANDOH DAM",,HIMACHAL PRADESH,Table 1: Water Quality of river Beas - 2024,1,8,32,6.5,8.9,7.0,8.4,81,402,1.0,1.0,0.32,1.44,34,170,220,920,2,2
2024,1550,"BEAS RIVER, U/S OF MANDI TOWN",,HIMACHAL PRADESH,Table 1: Water Quality of river Beas - 2024,1,8,33,5.5,9.2,6.9,8.5,70,201,1.0,1.0,0.32,1.00,22,43,70,280,2,2
2024,1006,RIVER BEAS D/S MANDI TOWN,Beas,HIMACHAL PRADESH,Table 1: Water Quality of river Beas - 2024,1,9,30,7.0,8.8,6.9,8.4,86,554,1.0,1.5,0.32,1.09,43,140,280,540,2,2
2024,1005,RIVER BEAS AT EXIT OF DEHAR POWER HOUSE,Beas,HIMACHAL PRADESH,Table 1: Water Quality of river Beas - 2024,1,9,25,6.8,8.8,7.1,8.4,90,620,1.0,1.0,0.32,0.80,31,79,210,350,2,2
2024,2604,RIVER BEAS AT D/S JAISINGHPUR,Beas,HIMACHAL PRADESH,Table 1: Water Quality of river Beas - 2024,1,14,20,8.5,9.2,7.1,8.2,196,496,1.0,2.6,0.30,2.39,7,790,110,3500,2,2
2024,4435,RIVER BEAS U/S SUJANPUR TIHRA,Beas,HIMACHAL PRADESH,Table 1: Water Quality of river Beas - 2024,1,8,16,7.0,8.9,7.3,8.1,160,472,1.0,2.6,0.32,0.95,20,430,70,920,2,2
2024,1007,RIVER BEAS AT D/S ALAMPUR,Beas,HIMACHAL PRADESH,Table 1: Water Quality of river Beas - 2024,1,14,21,8.5,9.2,7.2,8.0,121,439,1.0,2.3,0.30,2.67,4,700,110,2400,2,2
2024,4436,RIVER BEAS D/S SUJANPUR TIHRA,Beas,HIMACHAL PRADESH,Table 1: Water Quality of river Beas - 2024,1,8,18,6.9,8.9,7.1,8.1,169,389,1.0,2.2,0.32,1.38,21,220,79,350,2,2
2024,4437,RIVER BEAS U/S NADAUM TOWN,Beas,HIMACHAL PRADESH,Table 1: Water Quality of river Beas - 2024,1,8,19,7.3,8.9,7.7,8.3,131,423,1.0,2.6,0.32,1.06,24,790,94,1600,2,2
2024,3855,"RIVER BEAS D/S NADAUN BRIDGE, VILL BHADOLI",Beas,HIMACHAL PRADESH,Table 1: Water Quality of river Beas - 2024,1,12,21,6.8,9.2,7.2,8.4,151,483,1.0,1.6,0.43,6.24,9,1400,170,5400,2,2
2024,4438,RIVER BEAS D/S NADAUN TOWN AFTER CONFLUENCE OF MAAN KHAD,Beas,HIMACHAL PRADESH,Table 2: Water Quality of river Sutlej - 2024,2,8,18,6.3,8.9,7.5,8.2,144,384,1.0,2.6,0.32,0.89,26,1100,84,1600,2,2
2024,1008,RIVER BEAS AT D/S DEHRAGOPIPUR,Beas,HIMACHAL PRADESH,Table 2: Water Quality of river Sutlej - 2024,2,12,27,6.7,9.2,7.3,8.0,152,465,1.0,1.5,0.56,3.47,2,490,39,2400,2,2
2024,30083,RIVER BEAS AT TALWARA (PONG DAM),Beas,HIMACHAL PRADESH,Table 2: Water Quality of river Sutlej - 2024,2,17,30,7.4,9.4,8.0,8.4,200,247,1.0,2.0,0.32,0.57,2,110000,11,490000,230,330
2024,1292,"RIVER BEAS AT PONG DAM ,PONG VILLAGE",Beas,HIMACHAL PRADESH,Table 2: Water Quality of river Sutlej - 2024,2,9,28,6.8,9.2,7.6,8.2,144,473,1.0,1.6,0.46,3.97,11,1300,120,3500,2,2
2024,1009,RIVER BEAS AT D/S PONG DAM,Beas,HIMACHAL PRADESH,Table 2: Water Quality of river Sutlej - 2024,2,10,23,4.2,9.0,7.3,8.5,153,274,1.0,2.5,0.30,2.14,23,940,280,3500,2,2
2024,1693,"RIVER BEAS AT TALWARA H/W, PUNJAB",Beas,PUNJAB,Table 2: Water Quality of river Sutlej - 2024,2,7,40,7.8,8.4,7.3,7.8,191,260,1.0,1.3,0.30,0.72,17,33,70,120,,
2024,30084,"RIVER BEAS AT D/S CHANGARWA VILLAGE, (PUNJAB)",Beas,PUNJAB,Table 2: Water Quality of river Sutlej - 2024,2,16,28,7.0,9.8,7.8,8.2,199,255,1.0,3.0,0.32,1.19,490,11000,490,35000,490,2300
2024,1010,"RIVER BEAS AT MIRTHAL BRIDGE, GURDASPUR",Beas,PUNJAB,Table 2: Water Quality of river Sutlej - 2024,2,7,43,7.5,8.1,7.4,8.0,240,363,1.2,1.4,0.30,0.84,26,70,110,220,,
2024,1694,"RIVER BEAS AT U/S PATHANKOT, PUNJAB",Beas,PUNJAB,Table 2: Water Quality of river Sutlej - 2024,2,7,42,7.6,8.2,7.4,8.1,242,325,1.1,1.4,0.30,0.94,31,94,120,260,,
2024,1695,"RIVER BEAS D/S PATHANKOT, PUNJAB",Beas,PUNJAB,Table 2: Water Quality of river Sutlej - 2024,2,7,42,7.4,7.9,7.3,8.1,243,298,1.0,1.3,0.30,0.84,58,110,170,280,,
2024,1294,"RIVER BEAS AT 1KM.D/S OF EFFL. DISH. POINT AT MUKERIAN , PUNJAB",Beas,PUNJAB,Table 2: Water Quality of river Sutlej - 2024,2,11,27,7.6,8.6,7.4,8.0,244,332,1.0,1.6,0.31,0.94,110,210,280,460,,
2024,4164,"RIVER BEAS RIVER, NR VILL KIRI AFGHANA, TEHSIL BATALA, GURDASPUR",,PUNJAB,Table 2: Water Quality of river Sutlej - 2024,2,11,27,7.5,8.5,7.3,8.0,226,282,1.0,1.4,0.30,0.84,70,210,220,400,,
2024,1011,RIVER BEAS AT G.T.ROAD UNDER BDG. NEAR KAPURTHALA,Beas,PUNJAB,Table 2: Water Quality of river Sutlej - 2024,2,11,27,7.4,8.5,5.0,7.8,215,268,1.2,1.6,0.30,0.94,110,170,280,340,,
2024,1696,"RIVER BEAS U/S GOINDWAL, PUNJAB",Beas,PUNJAB,Table 2: Water Quality of river Sutlej - 2024,2,11,28,8.1,8.9,7.4,8.0,214,255,1.0,1.3,0.30,0.76,78,120,250,320,,
2024,1012,RIVER BEAS AT 100M D/S INDUST. DISCH. GOINDWAL,Beas,PUNJAB,Table 2: Water Quality of river Sutlej - 2024,2,11,27,7.7,8.9,7.6,8.0,215,265,1.1,1.4,0.30,0.92,110,140,260,380,,
2024,5504,RIVER BEAS AT KARMOWALA VILLAGE,Beas,PUNJAB,Table 2: Water Quality of river Sutlej - 2024,2,18,18,8.5,8.5,7.3,7.3,266,266,1.4,1.4,0.65,0.65,140,140,470,470,,
2024,5505,RIVER BEAS AT CHAMBA KALAN,Beas,PUNJAB,Table 2: Water Quality of river Sutlej - 2024,2,18,18,8.6,8.6,7.3,7.3,252,252,1.3,1.3,0.62,0.62,110,110,260,260,,
2024,5506,RIVER BEAS AT KAMBOH DAHIWALA,Beas,PUNJAB,Table 2: Water Quality of river Sutlej - 2024,2,18,18,8.4,8.4,7.2,7.2,252,252,1.4,1.4,0.60,0.60,93,93,220,220,,
2024,1697,"RIVER BEAS AT HARIKE, PUNJAB",Beas,PUNJAB,Table 2: Water Quality of river Sutlej - 2024,2,12,27,7.9,8.8,7.5,8.1,210,255,1.0,1.4,0.30,0.76,110,200,280,390,,
2024,2611,RIVER SUTLEJ AFTER CONF. WITH RIVER SPIT AT KHAB,Sutlej,HIMACHAL PRADESH,Table 2: Water Quality of river Sutlej - 2024,3,6,12,9.1,9.5,7.7,8.3,127,479,1.0,1.0,0.32,0.85,7,70,39,1600,2,2
2024,4448,RIVER SUTLEJ BEFORE CONFLUENCES WITH RIVER TIDONG,Sutlej,HIMACHAL PRADESH,Table 2: Water Quality of river Sutlej - 2024,3,7,12,9.0,9.4,7.4,8.4,127,467,1.0,1.0,0.32,0.90,4,94,17,920,2,2
2024,3872,RIVER SUTLEJ D/S TIDONG HEP,Sutlej,HIMACHAL PRADESH,Table 2: Water Quality of river Sutlej - 2024,3,7,12,8.9,9.3,7.6,8.4,128,470,1.0,1.0,0.32,1.35,9,220,220,1600,2,2
2024,4449,RIVER SUTLEJ AFTER CONFLUENCES WITH RIVER TIDONG,Sutlej,HIMACHAL PRADESH,Table 2: Water Quality of river Sutlej - 2024,3,7,12,8.9,9.3,7.5,8.4,130,471,1.0,1.0,0.32,0.93,2,220,70,920,2,2
2024,3871,RIVER SUTLEJ D/S POWER HOUSE KASHANG HEP,Sutlej,HIMACHAL PRADESH,Table 2: Water Quality of river Sutlej - 2024,3,7,12,8.9,9.3,7.6,8.4,128,465,1.0,1.0,0.32,0.85,12,140,140,1600,2,2
2024,4452,RIVER SUTLEJ BEFORE CONFLUENCES OF RIVER BASPA,Sutlej,HIMACHAL PRADESH,Table 2: Water Quality of river Sutlej - 2024,3,7,13,8.7,9.5,7.7,8.4,129,471,1.0,1.0,0.32,1.01,4,33,27,920,2,2
2024,3870,RIVER SUTLEJ AFTER CONF. OF RIVER BASPA AT KARCHAM DAM,Sutlej,HIMACHAL PRADESH,Table 2: Water Quality of river Sutlej - 2024,3,7,13,9.0,9.5,7.8,8.4,81,459,1.0,1.0,0.32,0.88,5,140,94,1600,2,2
2024,4453,RIVER SUTLEJ AFTER CONFLUENCES OF RIVER BASPA,Sutlej,HIMACHAL PRADESH,Table 2: Water Quality of river Sutlej - 2024,3,7,13,8.9,9.3,7.8,8.4,83,420,1.0,1.0,0.32,0.82,7,220,39,920,2,2
2024,4450,RIVER SUTLEJ BEFORE CONFLUENCE WITH GANVI KHAND,Sutlej,HIMACHAL PRADESH,Table 2: Water Quality of river Sutlej - 2024,3,7,13,8.7,9.3,7.7,8.3,79,475,1.0,1.0,0.32,0.99,2,280,17,920,2,2
2024,4451,RIVER SUTLEJ AFTER CONFLUENCE WITH GANVI KHAD,Sutlej,HIMACHAL PRADESH,Table 2: Water Quality of river Sutlej - 2024,3,7,13,8.8,9.4,7.2,8.4,81,475,1.0,1.0,0.32,0.83,7,350,70,1600,2,2
2024,4446,RIVER SUTLEJ U/S IANDFILL SITE RAMPUR,Sutlej,HIMACHAL PRADESH,Table 2: Water Quality of river Sutlej - 2024,3,7,14,8.6,9.2,7.5,8.3,84,468,1.0,1.0,0.32,1.78,2,70,33,1600,2,2
2024,4447,RIVER STLUJ D/S LANDFILL SITE RAMPUR,Stluj,HIMACHAL PRADESH,Table 2: Water Quality of river Sutlej - 2024,3,7,14,8.4,9.2,7.7,8.3,89,476,1.0,1.0,0.32,1.83,12,350,94,1600,2,2
2024,1086,RIVER SUTLEJ AT U/S RAMPUR,Sutlej,HIMACHAL PRADESH,Table 2: Water Quality of river Sutlej - 2024,3,7,14,8.5,9.2,7.6,8.4,79,467,1.0,1.0,0.32,1.83,4,24,26,920,2,2
2024,1087,RIVER SUTLEJ AT D/S RAMPUR,Sutlej,HIMACHAL PRADESH,Table 2: Water Quality of river Sutlej - 2024,3,7,14,8.4,9.5,7.8,8.4,78,418,1.0,1.0,0.32,2.10,14,540,140,1600,2,2
2024,3869,RIVER SUTLEJ D/S TRT OF RAMPUR HYDEL ELECTRIC PROJECT,Sutlej,HIMACHAL PRADESH,Table 2: Water Quality of river Sutlej - 2024,3,7,14,8.6,9.2,7.9,8.3,84,460,1.0,1.0,0.32,1.82,9,920,70,1600,2,2
2024,1389,RIVER SUTLEJ AT WANGTOO BRIDGE,Sutlej,HIMACHAL PRADESH,Table 2: Water Quality of river Sutlej - 2024,3,7,13,8.8,9.3,7.7,8.3,80,472,1.0,1.0,0.32,0.95,4,94,26,1600,2,2
2024,1013,RIVER SUTLEJ AT U/S TATAPANI,Sutlej,HIMACHAL PRADESH,Table 2: Water Quality of river Sutlej - 2024,3,7,14,8.5,9.1,7.8,8.3,95,420,1.0,1.0,0.32,1.84,2,39,21,1600,2,2
2024,1014,RIVER SUTLEJ U/S OF EXIT POINT OF DEHAR POWER HOUSE,Sutlej,HIMACHAL PRADESH,Table 2: Water Quality of river Sutlej - 2024,3,8,22,6.5,9.2,7.5,8.7,125,410,1.0,1.0,0.32,0.93,23,58,130,280,2,2
2024,1015,RIVER SUTLEJ D/S OF EXIT POINT OF DEHAR POWER HOUSE,Sutlej,HIMACHAL PRADESH,Table 2: Water Quality of river Sutlej - 2024,3,8,22,6.5,9.1,7.7,8.3,130,280,1.0,1.0,0.32,0.99,41,110,240,430,2,2
2024,4032,RIVER SUTLEJ D/S ACC BARMANA,Sutlej,HIMACHAL PRADESH,Table 2: Water Quality of river Sutlej - 2024,3,8,22,7.6,8.8,7.6,8.3,123,292,1.0,1.0,0.32,1.05,23,94,170,350,2,2
2024,4033,RIVER SUTLEJ NEAR LUHNOO GROUND,Sutlej,HIMACHAL PRADESH,Table 2: Water Quality of river Sutlej - 2024,3,8,26,7.2,8.5,7.6,8.5,120,275,1.0,2.1,0.32,1.17,12,540,540,1600,2,2
2024,1016,RIVER SUTLEJ D/S BHAKHRA,Sutlej,HIMACHAL PRADESH,Table 2: Water Quality of river Sutlej - 2024,3,15,20,9.0,9.7,7.6,8.1,158,311,1.0,2.8,0.32,46.02,15,280,58,540,2,2
2024,30087,"RIVER SUTLEJ U/S AT OLINDA, NEAR BHAKRA DAM, H.P.",Sutlej,HIMACHAL PRADESH,Table 2: Water Quality of river Sutlej - 2024,3,17,25,7.5,9.6,7.8,8.2,234,263,1.0,2.0,0.32,0.40,20,1700,82,7900,33,230
2024,30009,RIVER SUTLEJ AT NANGAL (H.P.),Sutlej,HIMACHAL PRADESH,"Table 2.1: Water Quality of tributray streams Ravi, Sainj, Parvati, Sirsa, Baira Siul, Suketi Khad,",4,19,22,6.8,9.0,7.8,8.1,242,271,1.0,3.0,0.32,2.68,31,6800,110,84000,2,33
2024,30088,"RIVER SUTLEJ D/S OLINDA, NEAR BHAKRA DAM, H.P.",Sutlej,HIMACHAL PRADESH,"Table 2.1: Water Quality of tributray streams Ravi, Sainj, Parvati, Sirsa, Baira Siul, Suketi Khad,",4,17,25,7.2,9.6,7.6,8.3,239,1173,1.0,6.0,0.32,0.40,2,2100,47,35000,45,49
2024,1017,"RIVER SUTLEJ AT 100M U/S OF HEADWORKS, NANGAL",Sutlej,PUNJAB,"Table 2.1: Water Quality of tributray streams Ravi, Sainj, Parvati, Sirsa, Baira Siul, Suketi Khad,",4,17,24,7.1,9.9,7.1,8.3,208,321,1.0,1.0,0.50,2.50,17,46,61,110,,
2024,1380,"RIVER SUTLEJ AT D/S NFL, PUNJAB",Sutlej,PUNJAB,"Table 2.1: Water Quality of tributray streams Ravi, Sainj, Parvati, Sirsa, Baira Siul, Suketi Khad,",4,16,25,7.4,11.3,7.2,8.4,212,382,1.0,1.0,0.80,4.50,17,68,40,170,,
2024,2915,"RIVER SUTLEJ AT 100 MT. D/S OF PACL, NANGAL Binwa, Neugal Khad, Spiti Baspa, Banoi Khand, Banganga, Basanter, Chenab, Tawi, Jhelum, Devak, Suran, Swan, Ujh, Chunt Kol, Lidder, Kali Bein, Manjhi Khad, Sindh, Sindh (Indus) (J&K), Manjhi Khad, Mol Khad, Tirthan, Dhauli Khad, Baner Khad, Baner Khad, Charan Khad, Gaj Khad, Bather Khad, Neugal Khad, Ratta, Bald, Chakki Khad, Gawkadal, Uhl, Suketi Khad, Seer Khad, Bhagga, Chandra, Chenab - 2024 Streptococci (MPN/100ml 100 Ml",Sutlej,PUNJAB,"Table 2.1: Water Quality of tributray streams Ravi, Sainj, Parvati, Sirsa, Baira Siul, Suketi Khad,",4,16,25,7.3,11.2,7.2,8.4,214,375,1.0,1.0,0.70,4.50,18,92,40,120,,
2024,4059,"RIVER RAVI AT RANJIT SAGAR DAM, AT PANAGAR (BASOHIL) KASHMIR",Ravi,JAMMU & KASHMIR,"Table 2.1: Water Quality of tributray streams Ravi, Sainj, Parvati, Sirsa, Baira Siul, Suketi Khad,",4,13,25,6.8,7.4,7.3,7.9,120,198,1.0,1.0,0.02,0.32,,,,,,
2024,4060,RIVER RAVI AT DAM-SITE AT THEIN,Ravi,JAMMU & KASHMIR,"Table 2.1: Water Quality of tributray streams Ravi, Sainj, Parvati, Sirsa, Baira Siul, Suketi Khad,",4,14,24,6.4,7.5,7.5,8.1,126,195,1.0,1.0,0.02,0.32,,,,,,
2024,4061,"RIVER RAVI AT LAKHANPUR, 1 KM D/S FROM MADHOPUR BRIDGE KASHMIR",Ravi,JAMMU & KASHMIR,"Table 2.1: Water Quality of tributray streams Ravi, Sainj, Parvati, Sirsa, Baira Siul, Suketi Khad,",4,15,23,5.1,7.3,7.5,7.9,144,224,1.0,2.2,0.03,1.09,,,,,,
2024,1089,RIVER RAVI U/S CHAMBA,Ravi,HIMACHAL PRADESH,"Table 2.1: Water Quality of tributray streams Ravi, Sainj, Parvati, Sirsa, Baira Siul, Suketi Khad,",4,11,17,7.5,9.1,6.9,8.0,142,353,1.0,1.9,0.30,2.16,2,320,63,2200,2,2
2024,1088,RIVER RAVI AT U/S MADHOPUR,Ravi,HIMACHAL PRADESH,"Table 2.1: Water Quality of tributray streams Ravi, Sainj, Parvati, Sirsa, Baira Siul, Suketi Khad,",4,9,22,8.1,9.0,7.2,8.3,182,451,1.0,1.3,0.42,5.89,7,490,110,2100,2,2
2024,2614,RIVER RAVI CHAMERA-I RESERVOIR,,HIMACHAL PRADESH,"Table 2.1: Water Quality of tributray streams Ravi, Sainj, Parvati, Sirsa, Baira Siul, Suketi Khad,",4,11,15,8.2,9.3,7.4,8.1,148,358,1.0,1.4,0.40,4.99,4,700,41,3500,2,2
2024,2615,RIVER RAVI D/S CHAMERA- III HEP DAM,Ravi,HIMACHAL PRADESH,"Table 2.1: Water Quality of tributray streams Ravi, Sainj, Parvati, Sirsa, Baira Siul, Suketi Khad,",4,10,16,8.0,9.2,7.0,8.2,149,478,1.0,1.7,0.30,5.34,2,630,23,4300,2,2
2024,2613,RIVER RAVI AT D/S OF CHAMBA TOWN,Ravi,HIMACHAL PRADESH,"Table 2.1: Water Quality of tributray streams Ravi, Sainj, Parvati, Sirsa, Baira Siul, Suketi Khad,",4,11,15,7.1,8.7,7.2,8.1,137,387,1.0,2.3,0.30,4.19,7,700,94,2100,2,2
2024,3873,RIVER RAVI U/S STP AT BHARGA,Ravi,HIMACHAL PRADESH,"Table 2.1: Water Quality of tributray streams Ravi, Sainj, Parvati, Sirsa, Baira Siul, Suketi Khad,",5,11,16,7.4,15.0,6.9,8.2,136,353,1.0,2.5,0.30,2.29,2,380,84,2800,2,2
2024,3874,RIVER RAVI D/S STP AT BHAGOT,Ravi,HIMACHAL PRADESH,"Table 2.1: Water Quality of tributray streams Ravi, Sainj, Parvati, Sirsa, Baira Siul, Suketi Khad,",5,11,17,7.2,8.9,7.1,8.1,141,430,1.0,1.9,0.30,3.68,2,460,70,3500,2,2
2024,30089,"RIVER RAVI AT LAKHANPUR, J & K KASHMIR",Ravi,JAMMU & KASHMIR,"Table 2.1: Water Quality of tributray streams Ravi, Sainj, Parvati, Sirsa, Baira Siul, Suketi Khad,",5,18,31,8.0,10.0,8.0,8.7,175,248,1.0,1.0,0.32,0.82,170,1700,330,49000,13,31
2024,30085,RIVER RAVI AT MADHOPUR (PUNJAB),Ravi,PUNJAB,"Table 2.1: Water Quality of tributray streams Ravi, Sainj, Parvati, Sirsa, Baira Siul, Suketi Khad,",5,17,27,8.0,10.2,8.1,8.3,170,229,1.0,6.0,0.32,0.69,20,9200,330,17000,5,33
2024,1097,"RIVER RAVI AT U/S OF MADHOPUR HEADWORKS, GURDASPUR, PUNJAB",Ravi,PUNJAB,"Table 2.1: Water Quality of tributray streams Ravi, Sainj, Parvati, Sirsa, Baira Siul, Suketi Khad,",5,8,42,8.1,8.7,7.4,7.8,170,240,1.0,1.2,0.30,0.64,14,27,63,110,,
2024,1090,RIVER SAINJ D/S LARJI,Sainj,HIMACHAL PRADESH,"Table 2.1: Water Quality of tributray streams Ravi, Sainj, Parvati, Sirsa, Baira Siul, Suketi Khad,",5,4,19,7.8,8.5,7.1,8.4,74,185,1.0,1.0,0.32,0.73,21,79,140,350,2,2
2024,1290,RIVER PARVATI BEFORE CONF. TO RIVER BEAS AT BHUNTER,Parvati,HIMACHAL PRADESH,"Table 2.1: Water Quality of tributray streams Ravi, Sainj, Parvati, Sirsa, Baira Siul, Suketi Khad,",5,4,18,7.5,8.2,6.8,8.4,56,201,1.0,1.0,0.32,1.15,48,140,220,540,2,2
2024,2605,RIVER PARVATI AT U/S MANIKARAN,Parvati,HIMACHAL PRADESH,"Table 2.1: Water Quality of tributray streams Ravi, Sainj, Parvati, Sirsa, Baira Siul, Suketi Khad,",5,2,17,7.5,8.2,6.8,8.4,46,121,1.0,1.0,0.32,1.32,21,40,110,240,2,2
2024,2606,RIVER PARVATI AT D/S MANIKARAN,Parvati,HIMACHAL PRADESH,"Table 2.1: Water Quality of tributray streams Ravi, Sainj, Parvati, Sirsa, Baira Siul, Suketi Khad,",5,3,17,7.5,8.1,6.6,8.6,45,98,1.0,1.0,0.32,1.16,22,84,130,280,2,2
2024,1551,RIVER SIRSA U/S SITOMAJRI NALLAH,Sirsa,HIMACHAL PRADESH,"Table 2.1: Water Quality of tributray streams Ravi, Sainj, Parvati, Sirsa, Baira Siul, Suketi Khad,",5,12,29,5.5,6.9,6.9,8.2,339,747,1.0,10.0,0.63,11.81,4,1600,46,1600,2,4
2024,1552,RIVER SIRSA D/S NALAGARH BRIDGE,Sirsa,HIMACHAL PRADESH,"Table 2.1: Water Quality of tributray streams Ravi, Sainj, Parvati, Sirsa, Baira Siul, Suketi Khad,",5,13,28,5.4,6.8,7.2,8.3,425,1382,1.0,9.2,1.65,14.49,4,1600,280,1600,2,11
2024,1868,RIVER SIRSA D/S NALAGARH TOWN,Sirsa,HIMACHAL PRADESH,"Table 2.1: Water Quality of tributray streams Ravi, Sainj, Parvati, Sirsa, Baira Siul, Suketi Khad,",5,13,28,5.3,6.7,7.3,8.3,432,1406,1.0,3.6,1.86,9.82,8,350,210,1600,2,2
2024,4485,RIVER SIRSA U/S SANDHOLI NALLAH,Sirsa,HIMACHAL PRADESH,"Table 2.1: Water Quality of tributray streams Ravi, Sainj, Parvati, Sirsa, Baira Siul, Suketi Khad,",5,13,29,5.1,6.8,7.1,8.0,418,1451,1.0,12.0,0.67,10.12,7,1600,240,1600,2,7
2024,4487,RIVER SIRSA D/S HOUSING BOARD NALLAH,Sirsa,HIMACHAL PRADESH,"Table 2.1: Water Quality of tributray streams Ravi, Sainj, Parvati, Sirsa, Baira Siul, Suketi Khad,",5,13,29,2.9,6.2,6.7,8.1,534,1368,1.0,70.0,2.30,10.20,6,1600,280,1600,2,17
2024,4489,RIVER SIRSA AFTER CONF. TO RIVER RATTA,Sirsa,HIMACHAL PRADESH,"Table 2.1: Water Quality of tributray streams Ravi, Sainj, Parvati, Sirsa, Baira Siul, Suketi Khad,",5,13,30,5.3,6.8,7.2,8.0,501,1393,1.0,13.0,2.24,10.06,2,1600,26,1600,2,14
2024,30012,"RIVER SARSA AT BADDI , ,GHANOLI VILLAGE) PUNJAB",Sarsa,PUNJAB,"Table 2.1: Water Quality of tributray streams Ravi, Sainj, Parvati, Sirsa, Baira Siul, Suketi Khad,",5,16,34,1.5,5.8,7.7,8.0,813,1324,5.0,15.0,1.40,3.34,3300,170000,7900,1700000,490,1700
2024,4161,"RIVER CONFLUENCE POINT OF SARSA NADI WITH WITH SUTLEJ, NR VILL ASPUR, ROOPNAGAR",,PUNJAB,"Table 2.1: Water Quality of tributray streams Ravi, Sainj, Parvati, Sirsa, Baira Siul, Suketi Khad,",5,15,32,5.6,10.7,7.3,8.5,300,475,1.0,1.6,1.20,9.60,38,400,150,1700,,
2024,2616,RIVER BAIRA SIUL D/S SURGANI,Baira Siul,HIMACHAL PRADESH,"Table 2.1: Water Quality of tributray streams Ravi, Sainj, Parvati, Sirsa, Baira Siul, Suketi Khad,",5,10,15,7.9,9.1,7.2,8.0,148,421,1.0,1.7,0.30,5.81,4,490,22,2800,2,2
2024,2607,SUKETI KHAD BEFORE CONF. WITH RIVER BEAS,Suketi Khad,HIMACHAL PRADESH,"Table 2.1: Water Quality of tributray streams Ravi, Sainj, Parvati, Sirsa, Baira Siul, Suketi Khad,",5,9,32,6.5,8.5,7.4,8.4,150,408,1.0,2.8,0.32,1.44,31,540,220,1600,2,2
2024,2608,RIVER BINWA AT D/S PAPROLA/BAIJNATH,Binwa,HIMACHAL PRADESH,"Table 2.1: Water Quality of tributray streams Ravi, Sainj, Parvati, Sirsa, Baira Siul, Suketi Khad,",5,14,21,7.5,9.2,7.1,7.9,74,237,1.0,1.6,0.41,2.16,5,790,94,3500,2,2
2024,2609,NEUGAL KHAD D/S THURAL,Neugal Khad,HIMACHAL PRADESH,"Table 2.1: Water Quality of tributray streams Ravi, Sainj, Parvati, Sirsa, Baira Siul, Suketi Khad,",5,15,20,8.7,9.1,7.2,7.9,89,466,1.0,2.2,0.41,4.62,2,790,33,3500,2,2
2024,2610,RIVER SPITI BEFORE CONF.WITH RIVER SUTLEJ AT KHAB,Spiti,HIMACHAL PRADESH,"Table 2.1: Water Quality of tributray streams Ravi, Sainj, Parvati, Sirsa, Baira Siul, Suketi Khad,",5,6,12,9.4,9.8,7.6,8.4,126,470,1.0,1.0,0.32,0.97,7,27,26,920,2,2
2024,2612,RIVER BASPA U/S RESERVOIR BASPA HEP AT KUPPA,Baspa,HIMACHAL PRADESH,"Table 2.1: Water Quality of tributray streams Ravi, Sainj, Parvati, Sirsa, Baira Siul, Suketi Khad,",5,6,13,9.5,9.8,7.8,8.5,66,360,1.0,1.0,0.32,0.89,7,70,33,1600,2,2
2024,5769,Banoi khad at kalapul on cant road Dharamshala,Banoi Khad,HIMACHAL PRADESH,"Table 2.1: Water Quality of tributray streams Ravi, Sainj, Parvati, Sirsa, Baira Siul, Suketi Khad,",6,13,18,9.0,9.2,6.7,8.3,147,280,1.0,1.9,0.30,3.47,4,320,21,1700,2,2
2024,2755,"RIVER BANGANGA (BATHING GHAT), KATRA, KASHMIR",Banganga,JAMMU & KASHMIR,"Table 2.1: Water Quality of tributray streams Ravi, Sainj, Parvati, Sirsa, Baira Siul, Suketi Khad,",6,9,20,4.1,7.5,8.0,8.8,207,356,1.0,3.7,0.03,1.81,,,2400,2400,,
2024,2756,RIVER BANGANGA (IN FRONT OF PONY SHED NEAR REASI BRIDGE)KATRA,Banganga,JAMMU & KASHMIR,"Table 2.1: Water Quality of tributray streams Ravi, Sainj, Parvati, Sirsa, Baira Siul, Suketi Khad,",6,9,24,3.4,7.2,7.8,8.5,202,456,2.3,3.7,0.05,1.98,,,2200,2200,,
2024,2752,"RIVER BASANTER U/S (R.H.S) SAMBA (BELOW NH-1A BRIDGE),",Basanter,JAMMU & KASHMIR,"Table 2.1: Water Quality of tributray streams Ravi, Sainj, Parvati, Sirsa, Baira Siul, Suketi Khad,",6,12,28,5.1,7.5,7.6,8.5,210,520,1.0,2.0,0.02,0.84,,,14000,14000,,
2024,2753,RIVER BASANTER D/S(R.H.S.) SAMBA (AT CHAK MANGA GUJJAR,Basanter,JAMMU & KASHMIR,"Table 2.1: Water Quality of tributray streams Ravi, Sainj, Parvati, Sirsa, Baira Siul, Suketi Khad,",6,12,29,2.6,7.8,7.7,8.5,196,632,1.0,4.5,0.02,1.89,30000,30000,900,49000,,
2024,2747,"RIVER TAWI AT SURAJPUR CHATHA(10 KM D/S TAWI BRIDGE)BELOW BRIDGE NEAR CHATHA MSW DUMPING SITE, J&K",Tawi,JAMMU & KASHMIR,"Table 2.1: Water Quality of tributray streams Ravi, Sainj, Parvati, Sirsa, Baira Siul, Suketi Khad,",6,14,29,4.4,7.5,7.9,8.6,170,376,1.0,2.4,0.02,1.16,60000,60000,1200,120000,,
2024,2748,RIVER CHENAB AT L.H.S.(BELOW BRIDGE CHENAB),Chenab,JAMMU & KASHMIR,"Table 2.1: Water Quality of tributray streams Ravi, Sainj, Parvati, Sirsa, Baira Siul, Suketi Khad,",6,9,17,7.0,7.8,7.3,7.6,128,166,1.0,1.0,0.02,0.32,,,,,,
2024,2749,RIVER CHENAB AT BLIND CURVE SHAMSHAN GHAT (1.5 KM U/S FROM SPOT) KASHMIR,Chenab,JAMMU & KASHMIR,"Table 2.1: Water Quality of tributray streams Ravi, Sainj, Parvati, Sirsa, Baira Siul, Suketi Khad,",6,9,17,7.0,7.4,7.3,7.5,130,156,1.0,1.0,0.02,0.32,,,,,,
2024,2750,RIVER CHENAB AT CHADRA GAON VIEW POINT(4 KM U/S FROM SPOT),Chenab,JAMMU & KASHMIR,"Table 2.1: Water Quality of tributray streams Ravi, Sainj, Parvati, Sirsa, Baira Siul, Suketi Khad,",6,9,17,7.1,7.8,7.2,7.4,100,146,1.0,1.0,0.02,0.32,,,,,,
2024,2751,RIVER CHENAB AT JAL PATAN MANDIR AFTER MEETING WITH MAIN DRAIN OF AKHNOOR CITY(1.5 KMD/S FROM SPOT),Chenab,JAMMU & KASHMIR,"Table 2.1: Water Quality of tributray streams Ravi, Sainj, Parvati, Sirsa, Baira Siul, Suketi Khad,",6,9,17,6.4,7.6,7.5,7.7,132,160,1.0,1.9,0.02,0.84,,,800,1500,,
2024,2754,RIVER DEVAK UDHAMPUR(NEAR SHIV MANDIR D/S)L.H.S.,,JAMMU & KASHMIR,"Table 2.1: Water Quality of tributray streams Ravi, Sainj, Parvati, Sirsa, Baira Siul, Suketi Khad,",6,11,28,2.3,25.0,7.9,8.7,460,604,2.0,6.6,0.04,3.28,1000,1000,2200,12000,,
2024,2757,RIVER DEVAK AT UTTERBEHNI KASHMIR,Devak,JAMMU & KASHMIR,"Table 2.1: Water Quality of tributray streams Ravi, Sainj, Parvati, Sirsa, Baira Siul, Suketi Khad,",6,13,26,5.0,6.4,7.8,8.0,312,488,1.0,1.2,0.02,0.70,,,,,,
2024,4058,"RIVER DEVAK AT PURMANDAL, NEAR TEMPLE",Devak,JAMMU & KASHMIR,"Table 2.1: Water Quality of tributray streams Ravi, Sainj, Parvati, Sirsa, Baira Siul, Suketi Khad,",6,13,27,5.2,6.8,7.9,8.6,424,632,1.0,1.3,0.02,1.48,,,,,,
2024,4062,"RIVER DEVAK 2 KM D/S FROM SHIV MANDIR AT UDHAMPUR,",,JAMMU & KASHMIR,"Table 2.1: Water Quality of tributray streams Ravi, Sainj, Parvati, Sirsa, Baira Siul, Suketi Khad,",6,11,28,4.5,7.5,8.3,8.6,413,624,1.0,2.8,0.02,1.98,4000,4000,2000,12000,,
2024,4063,"RIVER DEVAK ABOUT 10 KM D/S FROM SHIV MANDIR, BELOW RAILWAY BRIDGE, UDHAMPUR KASHMIR",,JAMMU & KASHMIR,"Table 2.1: Water Quality of tributray streams Ravi, Sainj, Parvati, Sirsa, Baira Siul, Suketi Khad,",6,11,28,6.2,7.9,7.8,8.5,360,550,1.0,2.3,0.02,1.18,1000,1000,1400,20000,,
2024,4081,SURAN RIVER BELOW SHER-E-KASHMIR BRIDGE AT POONCH,,JAMMU & KASHMIR,"Table 2.1: Water Quality of tributray streams Ravi, Sainj, Parvati, Sirsa, Baira Siul, Suketi Khad,",6,7,24,7.0,8.1,7.3,7.6,168,182,1.0,1.0,0.02,0.32,,,,,,
2024,3277,RIVER JHELUM AT BARAMULLA D/S,Jhelum,JAMMU & KASHMIR,"Table 2.1: Water Quality of tributray streams Ravi, Sainj, Parvati, Sirsa, Baira Siul, Suketi Khad,",6,8,9,7.4,10.0,8.0,8.2,342,346,3.5,3.9,,,,,,,,
2024,1410,"RIVER JHELAM AT DALAGATE (INLET), SRINAGAR",Jhelam,JAMMU & KASHMIR,"Table 2.1: Water Quality of tributray streams Ravi, Sainj, Parvati, Sirsa, Baira Siul, Suketi Khad,",6,8,24,5.2,9.7,7.3,8.2,165,352,2.0,6.3,0.30,2.34,280000,900000,110000,9500000,,
2024,1411,RIVER JHELAM AT CHATTABAL WEIR (OUTLET,Jhelam,JAMMU & KASHMIR,"Table 2.1: Water Quality of tributray streams Ravi, Sainj, Parvati, Sirsa, Baira Siul, Suketi Khad,",6,8,24,4.5,8.4,7.3,8.0,171,382,2.3,5.1,0.30,1.24,50000,820000,900000,8500000,,
2024,3272,RIVER JHELUM AT VERINAG KASHMIR,Jhelum,JAMMU & KASHMIR,"Table 2.1: Water Quality of tributray streams Ravi, Sainj, Parvati, Sirsa, Baira Siul, Suketi Khad,",6,7,20,9.0,9.9,7.8,8.1,271,335,1.0,1.0,,,,,,,,
2024,3273,"RIVER JHELUM AT SANGAM, CONFLUENCE POINT OF VISHAV NALLAH",Jhelum,JAMMU & KASHMIR,"Table 2.1: Water Quality of tributray streams Ravi, Sainj, Parvati, Sirsa, Baira Siul, Suketi Khad,",6,4,23,6.5,10.3,7.2,8.0,115,331,2.0,5.2,0.95,2.18,2300,8000,8000,850000,,
2024,3274,RIVER JHELUM AT AWANTIPORA KASHMIR,Jhelum,JAMMU & KASHMIR,"Table 2.1: Water Quality of tributray streams Ravi, Sainj, Parvati, Sirsa, Baira Siul, Suketi Khad,",6,4,25,7.0,11.3,7.5,8.2,141,320,2.0,3.7,1.14,2.37,1600,30000,30000,1260000,,
2024,3275,RIVER JHELUM AT PAMPORE,Jhelum,JAMMU & KASHMIR,"Table 2.1: Water Quality of tributray streams Ravi, Sainj, Parvati, Sirsa, Baira Siul, Suketi Khad,",7,4,25,6.9,11.2,7.4,8.3,117,325,2.0,4.2,1.05,1.88,240,4700,2500,430000,,
2024,3276,"RIVER JHELUM AT SOPORE, CONFLUENCE POINT OF WULAR LAKE KASHMIR",Jhelum,JAMMU & KASHMIR,"Table 2.1: Water Quality of tributray streams Ravi, Sainj, Parvati, Sirsa, Baira Siul, Suketi Khad,",7,7,31,5.3,10.5,7.4,8.2,140,333,1.8,3.3,0.40,1.30,18000,18000,,,,
2024,4053,RIVER JHELUM AT BIJEHARA KASHMIR,Jhelum,JAMMU & KASHMIR,"Table 2.1: Water Quality of tributray streams Ravi, Sainj, Parvati, Sirsa, Baira Siul, Suketi Khad,",7,4,23,5.2,10.3,7.1,7.9,124,319,2.0,4.4,0.92,2.34,4500,22000,6500,580000,,
2024,4054,RIVER JHELUM AT PANTHACHOWK,Jhelum,JAMMU & KASHMIR,"Table 2.1: Water Quality of tributray streams Ravi, Sainj, Parvati, Sirsa, Baira Siul, Suketi Khad,",7,4,25,5.9,11.0,7.1,8.4,115,331,2.0,4.4,0.88,2.13,2700,4900,6500,300000,,
2024,2742,RIVER TAWI AT SHETALI LIFTING POINT NAGROTA(5KM U/S TAWI BRIDGE) KASHMIR,Tawi,JAMMU & KASHMIR,"Table 2.1: Water Quality of tributray streams Ravi, Sainj, Parvati, Sirsa, Baira Siul, Suketi Khad,",7,13,29,7.0,7.6,7.4,8.1,146,320,1.0,1.0,0.02,0.32,,,,,,
2024,2743,RIVER TAWI AT BAGH-E-BAHU LIFTING POINT(1 KM U/S TAWI BRIDGE),Tawi,JAMMU & KASHMIR,"Table 2.1: Water Quality of tributray streams Ravi, Sainj, Parvati, Sirsa, Baira Siul, Suketi Khad,",7,14,29,7.0,7.5,7.9,8.4,156,378,1.0,1.2,0.02,0.59,,,,,,
2024,2744,RIVER TAWI BELOW TAWI BRIDGE KASHMIR,,JAMMU & KASHMIR,"Table 2.1: Water Quality of tributray streams Ravi, Sainj, Parvati, Sirsa, Baira Siul, Suketi Khad,",7,14,29,5.5,7.8,8.2,8.6,176,312,1.0,5.9,0.30,2.82,,,900,1000,,
2024,2746,RIVER TAWI AT BELICHARANA(4KM D/S TAWI BRIDGE),Tawi,JAMMU & KASHMIR,"Table 2.1: Water Quality of tributray streams Ravi, Sainj, Parvati, Sirsa, Baira Siul, Suketi Khad,",7,14,29,5.0,8.0,8.0,8.6,166,392,1.0,3.4,0.02,1.62,60000,60000,1000,190000,,
2024,4056,"RIVER TAWI AT BALOL NALLAH, NEAR NIT COLLEGE, MIRAN SAHIB, BEFORE MIXING",Tawi,JAMMU & KASHMIR,"Table 2.1: Water Quality of tributray streams Ravi, Sainj, Parvati, Sirsa, Baira Siul, Suketi Khad,",7,14,28,2.3,5.8,7.5,8.7,219,630,2.1,6.8,0.06,3.31,,,,,,
2024,1307,RIVER CHUNT KOL (MAULANA AZAD BRIDGE),Chunt Kol,JAMMU & KASHMIR,"Table 2.1: Water Quality of tributray streams Ravi, Sainj, Parvati, Sirsa, Baira Siul, Suketi Khad,",7,8,28,1.6,8.5,7.2,8.1,162,366,5.4,14.4,0.50,2.23,12000,950000,600000,820000,,
2024,4030,RIVER SWAN BEFORE CONF. OF GARNI KHAD AT CHURURU,Swan,HIMACHAL PRADESH,"Table 2.1: Water Quality of tributray streams Ravi, Sainj, Parvati, Sirsa, Baira Siul, Suketi Khad,",7,21,37,6.6,7.6,7.6,8.2,305,457,1.0,5.6,0.32,4.58,33,920,140,1700,2,2
2024,4031,RIVER SWAN AFTER CONF. GARNI KHAD AT CHURURU,Swan,HIMACHAL PRADESH,"Table 2.1: Water Quality of tributray streams Ravi, Sainj, Parvati, Sirsa, Baira Siul, Suketi Khad,",7,21,37,6.4,7.6,7.6,8.3,324,445,1.0,5.4,0.32,6.75,33,920,140,2200,2,2
2024,1869,RIVER SWAN D/S BELA BATHARI (BHANGLA),Swan,HIMACHAL PRADESH,"Table 2.1: Water Quality of tributray streams Ravi, Sainj, Parvati, Sirsa, Baira Siul, Suketi Khad,",7,21,36,6.0,6.8,7.5,8.2,362,682,1.0,6.0,0.32,2.44,41,1100,170,3500,2,2
2024,3856,RIVER SWAN U/S INDUSTRIAL AREA GAGRET,Swan,HIMACHAL PRADESH,"Table 2.1: Water Quality of tributray streams Ravi, Sainj, Parvati, Sirsa, Baira Siul, Suketi Khad,",7,21,38,6.2,7.6,7.7,8.3,322,474,1.0,3.9,0.32,2.92,26,430,110,920,2,2
2024,3857,RIVER SWAN D/S INDUSTRIAL AREA GAGRET,Swan,HIMACHAL PRADESH,"Table 2.1: Water Quality of tributray streams Ravi, Sainj, Parvati, Sirsa, Baira Siul, Suketi Khad,",7,21,38,6.3,7.4,7.2,8.3,334,483,1.0,4.2,0.32,2.42,26,920,110,1600,2,2
2024,3858,RIVER SWAN U/S SANTOSHGARH BRIDGE,Swan,HIMACHAL PRADESH,"Table 2.1: Water Quality of tributray streams Ravi, Sainj, Parvati, Sirsa, Baira Siul, Suketi Khad,",7,22,36,5.8,7.0,7.5,8.2,354,549,1.0,5.0,0.32,2.42,40,940,170,2200,2,2
2024,3859,RIVER SWAN U/S UNA TOWN AT GHALLUWAL BRIDGE,Swan,HIMACHAL PRADESH,"Table 2.1: Water Quality of tributray streams Ravi, Sainj, Parvati, Sirsa, Baira Siul, Suketi Khad,",7,21,38,6.1,7.4,7.6,8.2,251,461,1.0,6.4,0.32,1.82,32,920,120,1700,2,2
2024,30011,"RIVER SWAN AT DHANGLA VILLAGE, SANTOSHGARH (PUNJAB)",Swan,PUNJAB,"Table 2.1: Water Quality of tributray streams Ravi, Sainj, Parvati, Sirsa, Baira Siul, Suketi Khad,",7,18,37,6.2,10.0,8.0,8.4,392,520,1.0,15.0,0.32,1.48,33,780,350,13000,8,13
2024,4433,RIVER SWAN D/S OF UNA AT RAMPUR BRIDGE,Swan,HIMACHAL PRADESH,"Table 2.1: Water Quality of tributray streams Ravi, Sainj, Parvati, Sirsa, Baira Siul, Suketi Khad,",7,20,38,6.1,7.2,7.6,8.3,281,497,1.0,6.0,0.32,1.86,32,540,120,2800,2,2
2024,2758,"RIVER UJH AT DAM SITE(L.H.S.), KATHUA",Ujh,JAMMU & KASHMIR,"Table 2.1: Water Quality of tributray streams Ravi, Sainj, Parvati, Sirsa, Baira Siul, Suketi Khad,",7,13,27,6.5,7.4,7.6,7.9,172,420,1.0,1.0,0.02,0.59,,,,,,
2024,2913,"RIVER KALI BEIN FALLING INTO BEAS, PUNJAB",,PUNJAB,"Table 2.1: Water Quality of tributray streams Ravi, Sainj, Parvati, Sirsa, Baira Siul, Suketi Khad,",7,6,34,2.5,8.4,7.2,7.7,316,414,2.1,3.0,0.31,1.00,610,1400,2000,4700,,
2024,3278,RIVER LIDDER AT LARIPORA KASHMIR,Lidder,JAMMU & KASHMIR,"Table 2.1: Water Quality of tributray streams Ravi, Sainj, Parvati, Sirsa, Baira Siul, Suketi Khad,",7,3,15,8.2,11.4,7.7,8.5,96,231,1.0,2.2,0.30,0.70,3200,8800,4500,10000,,
2024,3279,RIVER LIDDER AT CLUB PARK,Lidder,JAMMU & KASHMIR,"Table 2.1: Water Quality of tributray streams Ravi, Sainj, Parvati, Sirsa, Baira Siul, Suketi Khad,",7,4,17,8.6,11.4,7.6,8.4,98,234,1.0,2.1,0.30,0.66,26000,27000,71000,85000,,
2024,3280,RIVER LIDDER AT BUS ADDA KASHMIR,Lidder,JAMMU & KASHMIR,"Table 2.1: Water Quality of tributray streams Ravi, Sainj, Parvati, Sirsa, Baira Siul, Suketi Khad,",8,4,17,8.1,11.2,7.6,8.3,104,251,1.1,3.2,0.34,0.76,8800,78000,52000,99700,,
2024,3281,"RIVER LIDDER AT YANEER, D/S OF PHALGUM",Lidder,JAMMU & KASHMIR,"Table 2.1: Water Quality of tributray streams Ravi, Sainj, Parvati, Sirsa, Baira Siul, Suketi Khad,",8,4,17,9.0,11.5,7.7,8.3,65,193,1.0,2.8,0.30,0.83,2400,13000,36000,40000,,
2024,3282,"RIVER LIDDER NERA BUMZOO, ANANTNAG KASHMIR",,JAMMU & KASHMIR,"Table 2.1: Water Quality of tributray streams Ravi, Sainj, Parvati, Sirsa, Baira Siul, Suketi Khad,",8,6,20,9.1,11.8,7.6,8.3,78,213,1.0,2.5,0.68,1.15,4500,13500,31000,38000,,
2024,4051,RIVER LIDDER AT NUNWAN KASHMIR,Lidder,JAMMU & KASHMIR,"Table 2.1: Water Quality of tributray streams Ravi, Sainj, Parvati, Sirsa, Baira Siul, Suketi Khad,",8,4,17,8.6,11.5,7.5,8.5,76,187,1.0,3.4,0.46,1.36,2000,2200,50000,72000,,
2024,4052,RIVER LIDDER NEAR LAVENDER PARK,Lidder,JAMMU & KASHMIR,"Table 2.1: Water Quality of tributray streams Ravi, Sainj, Parvati, Sirsa, Baira Siul, Suketi Khad,",8,4,17,8.2,11.1,7.5,8.3,103,239,1.0,2.1,0.48,0.72,7000,11000,32000,32000,,
2024,3283,RIVER SINDH AT SONAMARG U/S,Sindh,JAMMU & KASHMIR,"Table 2.1: Water Quality of tributray streams Ravi, Sainj, Parvati, Sirsa, Baira Siul, Suketi Khad,",8,4,12,8.2,10.6,7.9,8.6,200,476,1.0,2.2,0.30,1.12,125,540,420,8000,,
2024,3284,RIVER SINDH AT SONAMARG D/S KASHMIR,Sindh,JAMMU & KASHMIR,"Table 2.1: Water Quality of tributray streams Ravi, Sainj, Parvati, Sirsa, Baira Siul, Suketi Khad,",8,4,13,8.2,12.0,7.7,8.5,205,454,1.0,2.2,0.30,0.73,600,1400,1100,12000,,
2024,3285,RIVER SINDH AT WAIL BRIDGE,Sindh,JAMMU & KASHMIR,"Table 2.1: Water Quality of tributray streams Ravi, Sainj, Parvati, Sirsa, Baira Siul, Suketi Khad,",8,5,19,8.9,13.0,7.7,8.5,134,355,1.0,2.1,0.30,0.76,2000,13800,7500,72000,,
2024,3286,RIVER SINDH AT DUDERHAMA KASHMIR,Sindh,JAMMU & KASHMIR,"Table 2.1: Water Quality of tributray streams Ravi, Sainj, Parvati, Sirsa, Baira Siul, Suketi Khad,",8,5,19,7.8,10.3,7.6,8.3,135,370,1.4,2.8,0.30,0.99,200,650,750,1640,,
2024,3287,"RIVER SINDH AT RANGIL, SRINAGAR",Sindh,JAMMU & KASHMIR,"Table 2.1: Water Quality of tributray streams Ravi, Sainj, Parvati, Sirsa, Baira Siul, Suketi Khad,",8,5,18,8.6,10.8,7.4,8.5,159,374,1.1,2.5,0.30,0.72,160,300,4500,5500,,
2024,4023,MANJHI KHAD U/S DHARAMSHALA OF KHANIYARA,Manjhi Khad,HIMACHAL PRADESH,"Table 2.1: Water Quality of tributray streams Ravi, Sainj, Parvati, Sirsa, Baira Siul, Suketi Khad,",8,13,18,8.5,9.3,6.9,8.1,63,147,1.0,1.0,0.30,2.69,2,490,27,1700,2,2
2024,4024,MANJHI KHAD D/S DHARAMSHALA AT CHETRU,Manjhi Khad,HIMACHAL PRADESH,"Table 2.1: Water Quality of tributray streams Ravi, Sainj, Parvati, Sirsa, Baira Siul, Suketi Khad,",8,13,18,8.4,9.2,6.8,8.1,62,243,1.0,1.0,0.36,3.67,2,490,70,2800,2,2
2024,4025,MOL KHAD U/S PALAMPUR,Mol Khad,HIMACHAL PRADESH,"Table 2.1: Water Quality of tributray streams Ravi, Sainj, Parvati, Sirsa, Baira Siul, Suketi Khad,",8,14,20,7.4,9.1,7.0,7.9,99,374,1.0,1.3,0.31,5.34,2,92,47,700,2,2
2024,4026,MOL KHAD D/S PALAMPUR,Mol Khad,HIMACHAL PRADESH,"Table 2.1: Water Quality of tributray streams Ravi, Sainj, Parvati, Sirsa, Baira Siul, Suketi Khad,",8,14,20,7.2,9.0,6.7,7.8,100,383,1.0,1.2,0.55,4.99,2,460,39,1100,2,2
2024,4038,RIVER TIRTHAN BEFORE CONF. TO RIVER SUTLEJ,Tirthan,HIMACHAL PRADESH,"Table 2.1: Water Quality of tributray streams Ravi, Sainj, Parvati, Sirsa, Baira Siul, Suketi Khad,",8,4,22,7.6,8.6,7.6,8.4,84,160,1.0,1.0,0.32,0.58,17,49,120,240,2,2
2024,4432,DHAULI KHAD AT CHARAN GANGA MEDI,Dhauli Khad,HIMACHAL PRADESH,"Table 2.1: Water Quality of tributray streams Ravi, Sainj, Parvati, Sirsa, Baira Siul, Suketi Khad,",8,19,36,4.9,7.7,7.5,8.4,278,697,1.0,3.4,0.32,4.66,5,350,14,920,2,2
2024,4457,BANER KHAD U/S CHAMUNDA TEMPLE,Baner Khad,HIMACHAL PRADESH,"Table 2.1: Water Quality of tributray streams Ravi, Sainj, Parvati, Sirsa, Baira Siul, Suketi Khad,",8,12,20,7.5,9.3,6.7,8.0,86,385,1.0,1.6,0.67,84.00,2,460,17,1400,2,2
2024,4458,BANER KHAD D/S CHAMUNDA TEMPLE,Baner Khad,HIMACHAL PRADESH,"Table 2.1: Water Quality of tributray streams Ravi, Sainj, Parvati, Sirsa, Baira Siul, Suketi Khad,",8,12,20,7.5,9.2,6.8,8.1,83,409,1.0,1.3,0.44,4.88,7,350,110,1700,2,2
2024,4460,CHARAN KHAND U/S BHAGSUNAG,Charan Khand,HIMACHAL PRADESH,"Table 2.1: Water Quality of tributray streams Ravi, Sainj, Parvati, Sirsa, Baira Siul, Suketi Khad,",8,13,16,8.9,9.2,7.2,8.0,58,298,1.0,2.0,0.67,2.76,2,320,8,1100,2,2
2024,4469,GAJ KHAD NEAR WATER SUPPLY SCHEME DHARAMSHALA CANTT.,Gaj Khad,HIMACHAL PRADESH,"Table 2.1: Water Quality of tributray streams Ravi, Sainj, Parvati, Sirsa, Baira Siul, Suketi Khad,",8,13,16,9.0,9.1,6.9,8.5,44,214,1.0,1.9,0.45,5.10,2,280,27,920,2,2
2024,4470,BATHER KHAD WATER SUPPLY SCHEME AT DAL LAKE,Bather Khad Water Supply Scheme,HIMACHAL PRADESH,"Table 2.1: Water Quality of tributray streams Ravi, Sainj, Parvati, Sirsa, Baira Siul, Suketi Khad,",8,13,16,8.9,9.2,7.0,8.2,38,267,1.0,1.2,0.30,6.08,2,260,22,700,2,2
2024,4471,"NEUGAL KHAD NEAR WATER SUPPLY SCHEME AT BANDLA, PALAMPUR",Neugal Khad,HIMACHAL PRADESH,"Table 2.1: Water Quality of tributray streams Ravi, Sainj, Parvati, Sirsa, Baira Siul, Suketi Khad,",8,12,18,8.0,9.4,6.9,8.1,59,408,1.0,1.7,0.41,3.23,2,61,22,460,2,2
2024,4488,RIVER RATTA BEFORE CONF. TO RIVER SIRSA,Ratta,HIMACHAL PRADESH,"Table 2.1: Water Quality of tributray streams Ravi, Sainj, Parvati, Sirsa, Baira Siul, Suketi Khad,",8,13,30,5.1,6.9,6.9,7.9,624,1531,1.0,16.0,1.55,12.88,4,1600,40,1600,2,9
2024,4486,RIVER BALD D/S LANDFILLSITE AT BADDI,Bald,HIMACHAL PRADESH,Table 3: Water Quality of river Ganga - 2024,9,12,29,4.0,6.3,7.2,8.2,407,1189,1.0,20.0,2.84,8.24,8,1600,49,1600,2,26
2024,5766,Chakki khad at Lahroo D/S of Phinna Singh Irrigation Scheme,Chakki Khad,HIMACHAL PRADESH,Table 3: Water Quality of river Ganga - 2024,9,11,15,8.5,9.2,7.0,8.1,130,537,1.0,1.3,0.34,2.24,2,630,22,1600,2,2
2024,1306,"RIVER GAWKADAL, SRG (SHERGHARI, SRG) KASHMIR",,JAMMU & KASHMIR,Table 3: Water Quality of river Ganga - 2024,9,8,25,5.4,8.5,7.2,8.1,166,346,2.1,4.6,0.30,2.26,45000,170000,650000,720000,,
2024,5248,"RIVER UHL D/S OF IIT, MANDI",Uhl,HIMACHAL PRADESH,Table 3: Water Quality of river Ganga - 2024,9,7,30,7.0,9.4,7.5,8.5,100,260,1.0,1.0,0.32,1.07,31,94,140,350,2,2
2024,5251,SUKETI KHAD D/S SWM SITE AT SUNDER NAGAR,Suketi Khad,HIMACHAL PRADESH,Table 3: Water Quality of river Ganga - 2024,9,10,32,5.5,8.2,7.0,8.2,178,510,1.0,1.8,0.32,1.75,49,920,220,1600,2,2
2024,5252,SEER KHAD U/S INTAKE POINT OF WSS GHUMARWIN TOWN,Seer Khad,HIMACHAL PRADESH,Table 3: Water Quality of river Ganga - 2024,9,10,30,7.4,8.6,7.2,9.2,174,455,1.0,1.0,0.32,2.50,23,170,220,920,2,2
2024,5254,RIVER BHAGGA U/S BEFORE CONFLUENCE TO RIVER CHENAB,Bhagga,HIMACHAL PRADESH,Table 3: Water Quality of river Ganga - 2024,9,1,9,7.8,8.9,7.5,8.3,45,242,1.0,1.0,0.32,1.07,22,49,120,240,2,2
2024,5255,RIVER CHANDRA U/S BEFORE CONFLUENCE TO RIVER CHENAB,Chandra,HIMACHAL PRADESH,Table 3: Water Quality of river Ganga - 2024,9,1,5,7.5,8.9,7.4,8.3,42,205,1.0,1.0,0.32,1.42,27,63,130,280,2,2
2024,5256,RIVER CHENAB D/S AT TANDI (L & S),Chenab,HIMACHAL PRADESH,Table 3: Water Quality of river Ganga - 2024,9,1,7,7.6,9.0,7.3,8.4,35,260,1.0,1.0,0.32,1.41,31,84,170,280,2,2
2024,1491,"RIVER BHAGIRATHI AT GANGOTRI,",Bhagirathi,UTTARAKHAND,Table 3: Water Quality of river Ganga - 2024,9,10,10,11.2,11.2,8.1,8.1,67,67,1.0,1.0,0.32,0.32,2,2,2,2,2,2
2024,5451,RIVER MANDAKINI AT KEDARNATH,Mandakini,UTTARAKHAND,Table 3: Water Quality of river Ganga - 2024,9,14,14,11.6,11.6,7.8,7.8,30,30,1.0,1.0,0.32,0.32,2,2,2,2,2,2
2024,5452,RIVER ALAKNANDA AT BADRINATH,Alaknanda,UTTARAKHAND,Table 3: Water Quality of river Ganga - 2024,9,8,8,11.4,11.4,7.7,7.7,39,39,1.0,1.0,0.32,0.32,2,2,2,2,2,2
2024,1484,RIVER ALAKNANDA B/C TO RIVER MANDAKINI AT RUDRA PRAYAG,,UTTARAKHAND,Table 3: Water Quality of river Ganga - 2024,9,8,21,9.9,10.8,7.6,8.3,90,168,1.0,1.0,0.32,0.33,2,2,2,2,2,2
2024,1485,"RIVER MANDAKINI B/C TO RIVER ALKALNADA AT RUDRAPRAYAG,",,UTTARAKHAND,Table 3: Water Quality of river Ganga - 2024,9,7,21,10.1,11.2,7.5,8.2,77,90,1.0,1.0,0.32,0.34,2,2,2,2,2,2
2024,1486,RIVER ALAKNANDA A/C OF RIVER MANDAKINI AND RIVER ALAKNANDA AT RUDRAPRAYAG,,UTTARAKHAND,Table 3: Water Quality of river Ganga - 2024,9,7,21,10.0,11.0,7.6,8.2,99,158,1.0,1.0,0.32,0.34,2,2,2,2,2,2
2024,1487,"RIVER ALAKNANDA B/C TORIVER BHAGIRATHI AT DEVPRAYAG,DIST-TEHRI GARHWAL",,UTTARAKHAND,Table 3: Water Quality of river Ganga - 2024,9,13,20,10.0,10.8,7.7,8.0,91,127,1.0,1.0,0.32,0.34,2,2,2,2,2,2
2024,1488,"RIVER BHAGIRATHI B/C TO RIVER ALAKNANDA AT DEVPRAYAG,DIST-TEHRI GARHWAL",,UTTARAKHAND,Table 3: Water Quality of river Ganga - 2024,10,13,20,10.0,10.6,7.5,8.3,67,79,1.0,1.0,0.32,0.34,2,2,2,2,2,2
2024,1489,"RIVER GANGA AFTER CONFLUENCE OF RIVER BHAGIRATHI AND RIVER ALAKNANDA AT DEVPRAYAG ,DIST-TEFRI GARHWAL",Ganga,UTTARAKHAND,Table 3: Water Quality of river Ganga - 2024,10,13,21,10.2,10.8,7.6,8.1,92,109,1.0,1.0,0.32,0.33,2,2,2,2,2,2
2024,5776,"RIVER GANGA AT SWARG ASHRAM ,RISHIKESH",Ganga,UTTARAKHAND,Table 3: Water Quality of river Ganga - 2024,10,13,23,9.0,10.6,7.5,8.3,90,212,1.0,1.0,0.32,0.38,27,41,33,49,2,6
2024,1060,"RIVER GANGA U/S AT LAXMANJHULA,RISHIKESH",Ganga,UTTARAKHAND,Table 3: Water Quality of river Ganga - 2024,10,11,23,9.0,11.0,7.4,8.3,86,155,1.0,1.0,0.32,0.38,21,40,26,49,2,4
2024,5777,"RIVER GANGA NEAR VISTHAPHIT COLONY, RISHIKESH",Ganga,UTTARAKHAND,Table 3: Water Quality of river Ganga - 2024,10,12,23,8.1,10.4,7.6,8.3,75,217,1.0,1.5,0.32,0.42,33,41,39,49,2,6
2024,10147,"RIVER GANGA D/S AT BAIRAAJ,RISHIKESH",Ganga,UTTARAKHAND,Table 3: Water Quality of river Ganga - 2024,10,13,22,8.0,10.8,7.4,8.2,98,178,1.0,1.2,0.32,0.39,23,39,33,47,2,2
2024,2725,"RIVER GANGA AFTER CONFLUENCE OF SONG NEAR SATYANARAYAN TEMPLE D/S RAIWALA, DEHRADUN",Ganga,UTTARAKHAND,Table 3: Water Quality of river Ganga - 2024,10,12,23,7.9,9.4,7.7,8.3,113,259,1.0,1.8,0.32,0.39,43,94,63,130,2,8
2024,10148,RIVER GANGA AT HAR-KI-PAURI GHAT,Ganga,UTTARAKHAND,Table 3: Water Quality of river Ganga - 2024,10,14,25,7.2,11.4,7.1,8.2,133,380,1.0,2.4,0.33,0.74,70,94,110,150,6,17
2024,3997,"RIVER GANGA U/S AT ABINDUGHAT, DUDHIYABAD, HARIDWAR",Ganga,UTTARAKHAND,Table 3: Water Quality of river Ganga - 2024,10,15,24,7.4,10.1,7.2,8.2,143,389,1.0,2.6,0.42,0.85,70,110,110,170,6,12
2024,1061,"RIVER GANGA D/S AT BALKUMARI MANDIR, AJEETPUR, HARIDWAR",Ganga,UTTARAKHAND,Table 3: Water Quality of river Ganga - 2024,10,13,30,7.2,11.3,7.0,8.3,201,678,1.1,2.6,0.35,0.89,70,140,110,210,5,14
2024,5778,"RIVER GANGA NEAR BISHANPUR KUNDI, HARIDWAR",Ganga,UTTARAKHAND,Table 3: Water Quality of river Ganga - 2024,10,13,25,7.4,11.1,7.0,8.0,198,384,1.0,2.6,0.35,0.90,70,130,110,210,6,20
2024,2727,"UPPER GANGA CANAL D/S AT ROORKEE, HARIDWAR",Upper Ganga Canal,UTTARAKHAND,Table 3: Water Quality of river Ganga - 2024,10,14,24,7.1,11.1,7.1,8.4,179,388,1.2,2.6,0.41,1.18,70,140,110,210,7,17
2024,30005,RIVER GANGA AT SULTANPUR (UTTARAKHAND),Ganga,UTTARAKHAND,Table 3: Water Quality of river Ganga - 2024,10,18,30,7.9,10.8,7.7,7.8,156,448,1.6,6.3,0.32,1.19,2,3500000,2000,5400000,,
2024,30006,RIVER GANGA AT BIJNOR (U.P.),Ganga,UTTAR PRADESH,Table 3: Water Quality of river Ganga - 2024,10,,,8.5,10.5,7.0,9.0,186,239,1.0,2.0,0.32,0.84,110,2600,170,160000,11,1300
2024,10150,"RIVER GANGA AT MADHYA GANGA BARRAGE, BIJNOR",Ganga,UTTAR PRADESH,Table 3: Water Quality of river Ganga - 2024,10,,,8.8,9.3,7.7,7.9,163,476,1.0,1.5,,,470,700,1300,1700,2,2
2024,5708,"RIVER GANGA TIGRI GANGA GHAT, VILLAGE-TIGARI, AMROHA",,UTTAR PRADESH,Table 3: Water Quality of river Ganga - 2024,10,,,8.6,9.1,7.7,8.1,224,472,1.0,1.5,,,490,790,1400,1700,2,2
2024,10149,"RIVER GANGA AT U/S BRIJ GHAT ,GHARMUKTESHWAR",Ganga,UTTAR PRADESH,Table 3: Water Quality of river Ganga - 2024,10,15,30,9.4,12.5,7.2,7.8,185,255,1.5,2.7,0.30,0.30,130,700,220,1100,70,260
2024,1062,"RIVER GANGA AT D/S GARHMUKTESHWAR, U.P",Ganga,UTTAR PRADESH,Table 3: Water Quality of river Ganga - 2024,10,15,30,9.2,12.3,7.0,7.6,186,260,1.6,2.9,0.30,0.30,170,940,350,1600,94,470
2024,2488,"RIVER GANGA U/S, ANOOPSHAHAR",Ganga,UTTAR PRADESH,Table 3: Water Quality of river Ganga - 2024,10,17,28,7.0,10.6,7.1,7.3,85,374,1.1,2.5,,,110,920,170,1600,,
2024,2489,"RIVER GANGA D/S, ANOOPSHAHAR",Ganga,UTTAR PRADESH,Table 3: Water Quality of river Ganga - 2024,10,17,28,7.4,10.5,7.1,7.3,94,378,1.2,2.5,,,110,790,170,1600,,
2024,1145,"RIVER GANGA AT NARORA (BULANDSAHAR), U.P.",Ganga,UTTAR PRADESH,Table 3: Water Quality of river Ganga - 2024,10,17,28,7.2,10.3,7.1,7.4,101,376,1.0,2.6,,,170,930,350,2100,,
2024,2490,"RIVER GANGA AT KACHHLA GHAT, ALIGARH",Ganga,UTTAR PRADESH,Table 3: Water Quality of river Ganga - 2024,10,12,38,9.2,10.9,7.5,8.0,163,337,1.0,1.5,0.49,3.60,210,400,320,580,2,2
2024,10151,RIVER GANGA AT GHATIYAGHAT FARRUKABAD,Ganga,UTTAR PRADESH,Table 3: Water Quality of river Ganga - 2024,11,16,39,6.9,11.4,8.0,8.5,132,386,1.8,4.6,,,900,4900,1400,7900,2,4
2024,1063,"RIVER GANGA AT KANNAUJ U/S (NEAR MEHNDIGHAT BRIDGE), U.P",Ganga,UTTAR PRADESH,Table 3: Water Quality of river Ganga - 2024,11,16,39,6.7,11.0,7.8,8.4,210,450,2.4,4.7,,,1100,5500,2100,8200,2,4
2024,1066,"RIVER GANGA AT DURJANPUR, KANNAUJ D/S, U.P",Ganga,UTTAR PRADESH,Table 3: Water Quality of river Ganga - 2024,11,16,39,6.5,10.8,7.8,8.4,213,460,2.5,4.9,,,1400,5800,2200,8400,2,4
2024,5709,"RIVER GANGA NANAMAU GANGA BRIDGE, LUCKNOW MOHAN-HASANGANJ- RASULABAD MARG, KARTI AKBERPUR SENG",,UTTAR PRADESH,Table 3: Water Quality of river Ganga - 2024,11,18,39,6.6,10.5,7.8,8.5,222,386,2.5,4.2,,,1600,6300,3200,9400,2,37
2024,1146,"RIVER GANGA AT BITHOOR (KANPUR), U.P.",Ganga,UTTAR PRADESH,Table 3: Water Quality of river Ganga - 2024,11,16,39,6.2,11.6,7.9,8.5,212,465,2.2,6.9,,,1500,6100,3100,10000,2,58
2024,10154,RIVER GANGA AT BATHING GHAT (BHARAOGHAT),Ganga,UTTAR PRADESH,Table 3: Water Quality of river Ganga - 2024,11,16,39,6.0,10.9,7.9,8.5,220,460,2.5,4.6,,,2200,6300,3300,8400,2,63
2024,1067,"RIVER GANGA AT KANPUR U/S (SHUKLAGANJ U/S), U.P",Ganga,UTTAR PRADESH,Table 3: Water Quality of river Ganga - 2024,11,16,39,6.4,11.1,7.9,8.5,210,560,2.7,4.4,,,2100,8300,3800,13000,2,31
2024,10155,RIVER GANGA AT D/S (SHUKLAGANJ),Ganga,UTTAR PRADESH,Table 3: Water Quality of river Ganga - 2024,11,12,39,6.0,11.0,7.8,8.5,222,468,2.8,4.8,,,2600,9400,3800,15000,2,34
2024,10156,RIVER GANGA AT BATHING GHAT (GOLA GHAT),Ganga,UTTAR PRADESH,Table 3: Water Quality of river Ganga - 2024,11,16,39,5.8,11.7,7.9,8.5,225,474,3.0,4.8,,,2700,10000,3900,17000,2,4
2024,10157,RIVER GANGA AT BATHING GHAT (JAJMAU BRIDGE),Ganga,UTTAR PRADESH,Table 3: Water Quality of river Ganga - 2024,11,16,39,5.9,10.8,7.8,8.4,230,467,2.8,5.0,,,3100,17000,5800,25000,2,3000
2024,1068,"RIVER GANGA AT KANPUR D/S (JANA VILLAGE), U.P",Ganga,UTTAR PRADESH,Table 3: Water Quality of river Ganga - 2024,11,16,39,5.6,11.2,7.8,8.4,248,516,3.1,5.4,,,4600,70000,8400,110000,2,1500
2024,5710,"RIVER GANGA PURANA RAJAPUR, RAJAPUR, KANPUR",,UTTAR PRADESH,Table 3: Water Quality of river Ganga - 2024,11,16,39,5.8,10.6,7.8,8.8,236,548,3.0,4.9,,,2600,17000,3100,22000,2,2000
2024,5711,RIVER GANGA A/C PANDU RIVER AT MADEVESHWAR BABA TAMPLE DEOMAI AHT.,,UTTAR PRADESH,Table 3: Water Quality of river Ganga - 2024,11,21,29,7.8,11.2,7.8,8.2,241,274,2.3,3.2,0.58,0.69,610,2200,1500,3300,,
2024,1147,"RIVER GANGA AT DALMAU (RAI BAREILLY), U.P.",Ganga,UTTAR PRADESH,Table 3: Water Quality of river Ganga - 2024,11,20,25,7.3,12.1,7.8,8.2,242,397,2.1,3.3,0.78,0.86,700,1700,1300,2800,10,21
2024,2498,"RIVER GANGA AT KALA KANKAR, RAEBARELI",Ganga,UTTAR PRADESH,Table 3: Water Quality of river Ganga - 2024,11,20,25,7.5,12.3,7.9,8.3,235,397,2.0,3.2,0.76,0.86,540,1300,1100,2700,9,17
2024,2487,"RIVER GANGA AT KADAGHAT, KAUSHAMABI",Ganga,UTTAR PRADESH,Table 3: Water Quality of river Ganga - 2024,11,20,29,7.7,11.5,7.7,8.4,251,296,2.3,3.3,0.63,0.79,450,2700,1400,4000,,
2024,5713,"RIVER GANGA AT GANGA BRIDGE .NH19, DHEEMI",Ganga,UTTAR PRADESH,Table 3: Water Quality of river Ganga - 2024,11,21,25,7.9,12.5,7.8,8.2,241,370,2.0,3.0,0.76,0.84,540,1400,1200,2700,11,14
2024,1046,"RIVER GANGA AT PRAYAGRAJ (RASOOLABAD), U.P.",Ganga,UTTAR PRADESH,Table 3: Water Quality of river Ganga - 2024,11,20,29,7.6,12.0,7.3,8.5,246,367,1.2,3.4,0.60,0.83,600,2700,1400,4100,,
2024,1049,"RIVER GANGA AT PRAYAGRAJ D/S (SANGAM), U.P.",Ganga,UTTAR PRADESH,Table 3: Water Quality of river Ganga - 2024,11,20,29,7.5,12.3,7.6,8.4,258,296,2.5,3.4,0.64,0.77,680,3200,2000,4700,,
2024,5714,RIVER GANGA B/C TAMSA RIVER AT PRACHIN SHIVALAYA DUMDUMA GHAT,,UTTAR PRADESH,Table 3: Water Quality of river Ganga - 2024,11,21,29,8.0,12.0,7.7,8.3,255,275,2.4,3.0,0.62,0.73,450,2100,1300,3100,,
2024,10158,"RIVER GANGA A/C TAMSA RIVER, SIRSA, SON BARSA",,UTTAR PRADESH,Table 3: Water Quality of river Ganga - 2024,11,20,29,7.8,12.5,7.7,8.4,266,292,2.3,3.0,0.62,0.78,400,2200,1200,3400,,
2024,2485,"RIVER GANGA U/S, VINDHYACHAL, MIRZAPUR",Ganga,UTTAR PRADESH,Table 3: Water Quality of river Ganga - 2024,11,7,30,6.8,8.7,7.8,8.3,326,436,2.3,2.8,0.44,0.84,490,940,1100,1500,390,580
2024,2486,"RIVER GANGA D/S, MIRZAPUR",Ganga,UTTAR PRADESH,Table 3: Water Quality of river Ganga - 2024,11,20,30,6.4,7.8,7.6,8.0,334,444,3.3,3.8,0.56,0.98,4900,14000,13000,21000,2100,5800
2024,10153,RIVER GANGA AT CHUNAR,Ganga,UTTAR PRADESH,Table 3: Water Quality of river Ganga - 2024,12,20,30,6.6,8.4,7.7,8.2,330,440,2.8,3.5,0.50,0.92,4000,8400,7900,15000,1500,4300
2024,1070,"RIVER GANGA AT VARANASI U/S NEAR VISHWASUNDARI BRIDGE B/C DRAINS( NAGWA NALA, SAMNE GHAT NALA,NAKHHI NALA)",Ganga,UTTAR PRADESH,Table 3: Water Quality of river Ganga - 2024,12,20,33,6.8,8.8,7.8,8.4,320,438,2.2,2.6,0.44,0.78,460,790,940,1400,310,390
2024,1071,"RIVER GANGA AT VARANASI D/S , A/C RIVER VARUNA , U.P",Ganga,UTTAR PRADESH,Table 3: Water Quality of river Ganga - 2024,12,20,30,6.4,7.8,7.6,8.0,326,452,3.2,3.7,0.58,0.92,4900,8400,12000,16000,2200,5800
2024,5715,"RIVER GANGA B/C GOMTI RIVER AT BALUA GHAT BRIDGE, VARANASI",,UTTAR PRADESH,Table 3: Water Quality of river Ganga - 2024,12,20,30,7.0,8.2,7.7,8.1,324,438,3.0,3.4,0.62,0.88,4600,7000,9400,12000,2000,4900
2024,10152,"RIVER GANGA A/C GOMTI RIVER, BHUSAULA",,UTTAR PRADESH,Table 3: Water Quality of river Ganga - 2024,12,20,30,6.8,8.4,7.7,8.2,324,444,2.8,3.3,0.50,0.84,3300,7000,7000,12000,1700,4300
2024,5716,"RIVER GANGA ZAMANIA GANGA BRIDGE , ZAMANIZ, UP",Ganga Zamania Ganga Bridge,UTTAR PRADESH,Table 3: Water Quality of river Ganga - 2024,12,21,31,7.2,8.5,7.8,8.3,322,434,2.6,3.2,0.56,0.80,3100,6300,6300,9400,1300,3200
2024,1073,"RIVER GANGA AT TARIGHAT (GHAZIPUR), U.P",Ganga,UTTAR PRADESH,Table 3: Water Quality of river Ganga - 2024,12,20,31,6.4,7.7,7.6,7.9,330,456,3.4,3.8,0.62,0.96,7000,14000,14000,22000,2700,7000
2024,10113,"RIVER GANGA AT U/S JAIL GHAT, BUXAR",Ganga,BIHAR,Table 3: Water Quality of river Ganga - 2024,12,15,31,7.2,8.8,7.3,8.2,248,486,1.0,2.3,0.30,0.58,330,54000,790,92000,2,170
2024,1074,RIVER GANGA CHUSA AT BUXAR,Ganga Chusa,BIHAR,Table 3: Water Quality of river Ganga - 2024,12,15,31,6.6,9.2,7.3,8.2,254,546,1.0,2.4,0.30,0.62,780,24000,2200,54000,2,70
2024,2551,"RIVER GANGA AT BUXAR, RAMREKHAGHAT",Ganga,BIHAR,Table 3: Water Quality of river Ganga - 2024,12,15,31,7.0,8.5,7.2,8.2,258,489,1.0,2.5,0.30,0.77,490,35000,790,54000,2,49
2024,3113,RIVER GANGA AT D/S BUXAR NEAR VEER KUNWAR SINGH ROAD BRIDGE,Ganga,BIHAR,Table 3: Water Quality of river Ganga - 2024,12,14,32,7.4,9.0,7.2,8.1,237,574,1.0,3.5,0.30,0.87,230,94000,330,160000,2,46
2024,10162,RIVER GANGA AT ARA- CHAPRA ROAD BRIDGE (KOIILWAR BARHARA-CHAPRA ROAD),Ganga,BIHAR,Table 3: Water Quality of river Ganga - 2024,12,12,32,7.2,8.5,7.2,8.0,238,483,1.0,2.8,0.30,0.92,1300,24000,2200,35000,2,49
2024,2564,"RIVER GANGA AT THE BALUGHAT, DORIGANJ, SARAN",Ganga,BIHAR,Table 3: Water Quality of river Ganga - 2024,12,12,41,6.8,8.1,7.3,8.1,207,483,1.0,2.6,0.30,1.25,330,54000,490,92000,2,79
2024,10114,"RIVER GANGA AT MAA AMBIKA ASTHAN, AAMI, SARAN",Ganga,BIHAR,Table 3: Water Quality of river Ganga - 2024,12,11,32,7.1,8.3,7.2,8.0,230,463,1.1,2.9,0.30,2.01,540,54000,1300,92000,2,79
2024,3114,"RIVER GANGA NEAR DANAPUR (NEAR PIPA PUL) ,PATNA",Ganga,BIHAR,Table 3: Water Quality of river Ganga - 2024,12,12,31,5.7,8.9,7.1,7.9,171,464,1.0,2.2,0.30,1.08,790,24000000,1400,35000000,2,540
2024,1077,"RIVER GANGA AT DIGHA, NEAR J P SETU, PATNA U/S",Ganga,BIHAR,Table 3: Water Quality of river Ganga - 2024,12,12,35,6.0,8.7,7.4,7.8,232,477,1.0,2.5,0.30,0.89,240,54000,350,92000,2,130
2024,2552,"RIVER GANGA AT GANDHIGHAT, NIT PATNA",Ganga,BIHAR,Table 3: Water Quality of river Ganga - 2024,12,12,35,6.2,8.3,7.1,7.8,231,479,1.0,2.8,0.30,0.91,3500,54000,5400,92000,2,220
2024,10115,"RIVER GANGA AT GULABI GHAT, PATNA",Ganga,BIHAR,Table 3: Water Quality of river Ganga - 2024,12,13,35,5.8,8.3,7.2,8.4,229,490,1.1,2.9,0.30,0.94,1100,24000000,1400,35000000,2,940
2024,1079,"RIVER GANGA AT PATNA D/S (GANGA BRIDGE), GAIGHAT, PATNA",Ganga,BIHAR,Table 3: Water Quality of river Ganga - 2024,12,13,34,5.7,8.5,7.4,8.1,239,469,1.0,2.7,0.30,0.74,2400,92000,5400,160000,2,200
2024,3122,"RIVER GANGA AT MALSALAMI, PATNA CITY, PATNA",Ganga,BIHAR,Table 3: Water Quality of river Ganga - 2024,12,13,35,6.0,8.4,7.1,8.2,236,487,1.0,2.4,0.30,0.86,790,35000000,1300,54000000,2,79
2024,4297,"RIVER GANGA AT KACHCHI-DARGAH-BIDUPUR NEAR ROAD BRIDGE, PATNA",Ganga,BIHAR,Table 3: Water Quality of river Ganga - 2024,12,14,35,5.8,8.8,7.2,8.2,239,469,1.0,2.2,0.30,0.90,2400,24000,3300,54000,2,170
2024,10122,"RIVER GANGA AT TRIVENI GHAT, PATNA",Ganga,BIHAR,Table 3: Water Quality of river Ganga - 2024,12,14,35,5.6,8.5,7.2,8.1,238,488,1.0,2.9,0.30,1.20,2400,24000000,3500,35000000,2,240
2024,2553,"RIVER GANGA AT KEWALA GHAT,FATUHA, PATNA",Ganga,BIHAR,Table 3: Water Quality of river Ganga - 2024,12,15,34,6.1,8.1,7.2,8.2,232,668,1.0,2.7,0.30,1.43,2300,3500000,3300,5400000,2,240
2024,4301,"RIVER GANGA AT BAKHTIYARPUR-TAJPUR BRIDGE ON GANGA, ATHMALGOLA, PATNA",Ganga,BIHAR,Table 3: Water Quality of river Ganga - 2024,12,14,31,7.0,9.7,7.3,8.2,239,484,1.0,2.5,0.30,1.05,130,54000,240,92000,2,79
2024,3115,"RIVER GANGA AT UMA NATH MANDIR,BARH",Ganga,BIHAR,Table 3: Water Quality of river Ganga - 2024,13,15,33,6.5,8.9,7.1,8.0,237,474,1.0,2.6,0.30,1.22,140,24000,350,35000,2,49
2024,10130,"RIVER GANGA U/S OF M/S NTPC, BARH WATER INTAKE POINT, BARH",Ganga,BIHAR,Table 3: Water Quality of river Ganga - 2024,13,14,32,6.4,8.9,7.3,8.2,242,457,1.0,2.8,0.30,1.13,230,35000,330,54000,2,130
2024,10131,"RIVER GANGA D/S OF M/S NTPC, BARH WATER INTAKE POINT,PATHANICHAK, BINDTOLA BARH",Ganga,BIHAR,Table 3: Water Quality of river Ganga - 2024,13,16,33,6.4,8.7,7.3,8.9,235,690,1.0,2.4,0.30,1.31,790,35000,1400,54000,2,79
2024,1817,"RIVER GANGA AT MOKAMA (U/S), MAHADEO ASTHAN, PATNA",Ganga,BIHAR,Table 3: Water Quality of river Ganga - 2024,13,14,35,6.9,9.2,7.3,8.0,234,484,1.0,3.0,0.30,1.57,680,54000,1200,92000,2,49
2024,1815,"RIVER GANGA AT MOKAMA (D/S), NEAR RAJENDRA BRIDGE , SIMIRIYA GHAT",Ganga,BIHAR,Table 3: Water Quality of river Ganga - 2024,13,12,33,5.2,8.7,7.2,8.2,232,469,1.0,2.1,0.30,1.16,490,35000,940,54000,2,49
2024,3123,"RIVER GANGA AT BARAHIYA, NEPALITOLA, MARANCHI, HATHIDAH AT MOKAMA, PATNA",Ganga,BIHAR,Table 3: Water Quality of river Ganga - 2024,13,13,35,6.5,9.5,7.2,8.7,236,460,1.0,2.0,0.30,0.89,490,24000,700,35000,2,70
2024,3116,RIVER GANGA AT U/S MUNGER KASHATHARNI GHAT,Ganga,BIHAR,Table 3: Water Quality of river Ganga - 2024,13,12,32,7.2,8.7,7.3,7.9,234,431,1.0,1.9,0.30,0.94,2400,35000,4600,54000,2,240
2024,1818,"RIVER GANGA AT MUNGER D/S, CREAMINATION GHAT",Ganga,BIHAR,Table 3: Water Quality of river Ganga - 2024,13,12,34,6.9,8.4,7.0,7.9,233,429,1.0,2.7,0.30,2.86,3300,24000,4900,35000,2,130
2024,3117,"RIVER GANGA AT U/S AJGABINATH MANDIR SULTANGANJ, BHAGALPUR",Ganga,BIHAR,Table 3: Water Quality of river Ganga - 2024,13,13,32,6.6,8.6,7.2,7.8,202,434,1.0,2.8,0.30,0.94,1300,28000,2300,35000,2,33
2024,2554,"RIVER GANGA D/S CREMINATION GHAT AT SULTANGANJ, BHAGALPUR",Ganga,BIHAR,Table 3: Water Quality of river Ganga - 2024,13,13,32,6.2,8.3,7.1,7.8,227,440,1.1,2.2,0.30,0.77,1400,24000,1700,35000,2,49
2024,10138,"RIVER GANGA AT CHAMPANAGAR, RASIDPUR, BHAGALPUR",Ganga,BIHAR,Table 3: Water Quality of river Ganga - 2024,13,14,32,6.4,8.4,7.1,8.2,264,428,1.0,2.8,0.30,1.92,1300,35000,2300,92000,2,79
2024,1819,"RIVER GANGA AT BHAGALPUR, OPP. KUPPA GHAT",Ganga,BIHAR,Table 3: Water Quality of river Ganga - 2024,13,14,32,6.9,8.9,7.2,7.9,222,443,1.0,2.0,0.30,0.85,1300,35000,1700,54000,2,46
2024,4398,"RIVER GANGA AT WATER INTAKE POINT, BHAGALPUR",Ganga,BIHAR,Table 3: Water Quality of river Ganga - 2024,13,12,35,5.9,8.2,7.1,8.1,243,592,1.1,2.6,0.30,3.92,1300,54000,2400,160000,2,79
2024,3118,RIVER GANGA AT D/S BHAGALPUR NEAR BARARIGHAT,Ganga,BIHAR,Table 3: Water Quality of river Ganga - 2024,13,12,35,5.2,8.6,7.3,8.0,270,612,1.0,2.2,0.30,1.50,490,54000,790,160000,2,130
2024,1816,"RIVER GANGA, JHAJGHAT AT KAHALGAON",,BIHAR,Table 3: Water Quality of river Ganga - 2024,13,11,32,6.2,8.9,7.1,7.8,236,439,1.0,2.3,0.30,1.60,490,22000,790,28000,2,49
2024,10143,"RIVER GANGA D/S NEAR CREMATION GHAT, KHALGOAN",Ganga,BIHAR,Table 3: Water Quality of river Ganga - 2024,13,11,32,6.0,8.5,7.2,7.8,253,428,1.0,2.3,0.30,1.44,2400,22000,3500,28000,2,49
2024,30076,RIVER GANGA AT MANJHIGHAT DIST. CHHAPRA(BIHAR),Ganga,BIHAR,Table 3: Water Quality of river Ganga - 2024,13,19,33,7.9,10.8,7.9,8.3,258,554,2.1,5.5,0.32,1.75,2,7800,2,23000,2,2
2024,10144,RIVER GANGA U/S NEAR LCT GHAT,Ganga,JHARKHAND,Table 3: Water Quality of river Ganga - 2024,13,13,35,7.0,8.2,7.5,7.7,122,153,1.1,1.4,,,11,27,20,34,6,17
2024,10145,RIVER GANGA D/S NEAR JANTA GHAT,Ganga,JHARKHAND,Table 3: Water Quality of river Ganga - 2024,13,13,35,7.0,8.2,7.5,7.8,120,149,1.1,1.4,,,11,22,17,32,2,14
2024,1059,"RIVER GANGA AT RAJMAHAL, BIHAR",Ganga,JHARKHAND,Table 3: Water Quality of river Ganga - 2024,13,12,36,7.1,8.2,7.4,7.7,119,141,1.1,1.3,,,11,27,21,39,5,14
2024,10146,RIVER GANGA AT SANGI DALAN,Ganga,JHARKHAND,Table 3: Water Quality of river Ganga - 2024,13,12,36,7.0,8.2,7.3,7.8,120,144,1.1,1.3,,,12,27,14,39,5,17
2024,5162,"RIVER GANGA AT FARAKKA, MUSHIDABAD",Ganga,WEST BENGAL,Table 3: Water Quality of river Ganga - 2024,13,16,35,5.3,9.7,6.8,8.0,246,446,1.7,2.9,0.32,2.09,140,1100,790,2400,13,110
2024,10160,"RIVER GANGA AT BEHRAMPORE, (GORA BAZAR),MURSHIDABAD",Ganga,WEST BENGAL,Table 3: Water Quality of river Ganga - 2024,13,16,36,5.6,9.5,7.0,7.8,263,443,1.7,2.9,0.32,2.30,330,3500,2300,14000,130,490
2024,1080,"RIVER GANGA AT BAHARAMPORE, MURSHIDABAD, WEST BENGAL",Ganga,WEST BENGAL,Table 3: Water Quality of river Ganga - 2024,13,16,36,5.7,9.8,7.0,8.0,231,456,1.4,2.9,0.32,1.64,790,5400,4900,24000,230,790
2024,10159,"RIVER GANGA AT BEHRAMPORE(KHAGRA), MURSHIDABAD",Ganga,WEST BENGAL,Table 4: Water Quality of river Yamuna - 2024,14,16,36,5.5,9.7,7.0,8.0,261,457,1.6,2.9,0.34,3.58,230,1700,790,3500,23,110
2024,2511,"RIVER NABADIP ON GANGA, GHOSHPARA NEAR MONIPURGHAT,NADIA",Nabadip,WEST BENGAL,Table 4: Water Quality of river Yamuna - 2024,14,20,35,5.1,9.6,6.5,8.0,217,578,1.6,2.9,0.32,2.14,490,2400,1300,5400,33,240
2024,2506,"RIVER TRIBENI ON GANGA, NEAR BURNING GHAT, HOOGHLY",Tribeni,WEST BENGAL,Table 4: Water Quality of river Yamuna - 2024,14,19,33,5.3,9.3,7.0,8.0,263,556,1.9,2.9,0.32,2.35,540,2400,1300,5400,33,170
2024,1054,RIVER GANGA AT PALTA WEST BENGAL,Ganga,WEST BENGAL,Table 4: Water Quality of river Yamuna - 2024,14,19,34,5.3,9.3,6.8,8.0,264,546,2.0,2.8,0.32,2.06,1700,9200,7900,22000,170,790
2024,10161,"RIVER GANGA AT PALTA, SHITALTALA,",Ganga,WEST BENGAL,Table 4: Water Quality of river Yamuna - 2024,14,18,34,5.1,9.2,6.9,7.9,268,529,2.1,2.9,0.32,2.37,1300,9200,4900,24000,130,790
2024,1472,"RIVER GANGA AT SERAMPORE, HOOGHLY,WEST BENGAL",Ganga,WEST BENGAL,Table 4: Water Quality of river Yamuna - 2024,14,18,34,5.2,9.2,6.9,7.9,264,553,1.9,2.8,0.32,1.73,7000,17000,23000,49000,490,1100
2024,1053,"RIVER GANGA AT DAKSHMINESHWAR, KOLKATA, WEST BENGAL",Ganga,WEST BENGAL,Table 4: Water Quality of river Yamuna - 2024,14,17,33,5.2,8.3,6.9,7.8,189,450,1.1,2.8,0.44,1.55,11000,79000,17000,130000,470,5400
2024,1471,RIVER GANGA AT HOWRAH-SHIVPUR WEST BENGAL,Ganga,WEST BENGAL,Table 4: Water Quality of river Yamuna - 2024,14,18,35,5.0,8.0,6.9,7.8,218,451,1.5,2.9,0.50,2.13,4500,130000,17000,240000,330,5400
2024,1470,"RIVER GANGA AT GARDEN REACH, KOLKATA, WEST BENGAL",Ganga,WEST BENGAL,Table 4: Water Quality of river Yamuna - 2024,14,17,35,5.0,7.8,6.9,7.7,221,439,2.1,2.9,0.32,2.47,17000,240000,34000,350000,400,5400
2024,1052,"RIVER GANGA AT ULUBERIA , HOWRAH,WEST BENGAL",Ganga,WEST BENGAL,Table 4: Water Quality of river Yamuna - 2024,14,7,36,5.0,7.7,6.9,8.0,217,2521,1.8,2.8,0.53,2.38,2300,27000,7800,41000,130,1300
2024,1469,"RIVER GANGA AT DIAMOND HARBOUR, 24 PARGANAS (S)WEST BENGAL",Ganga,WEST BENGAL,Table 4: Water Quality of river Yamuna - 2024,14,19,37,5.0,7.8,7.0,7.9,218,11493,1.8,2.7,0.59,2.59,790,13000,1300,35000,21,700
2024,1335,RIVER GANGA AT PATIKALI NEAR DURGA CHAK WEST BENGAL Streptococci (MPN/100ml 100 Ml,Ganga,WEST BENGAL,Table 4: Water Quality of river Yamuna - 2024,14,17,33,5.0,7.0,7.4,8.4,343,16370,1.0,2.9,0.32,2.24,4600,17000,7000,28000,170,790
2024,1492,RIVER YAMUNA AT YAMUNOTRI,Yamuna,UTTARAKHAND,Table 4: Water Quality of river Yamuna - 2024,14,14,14,11.4,11.4,7.7,7.7,33,33,1.0,1.0,0.32,0.32,2,2,2,2,2,2
2024,1493,RIVER YAMUNA AT HANUMANCHATTI,Yamuna,UTTARAKHAND,Table 4: Water Quality of river Yamuna - 2024,14,15,15,11.0,11.0,7.6,7.6,61,61,1.0,1.0,0.32,0.32,2,2,2,2,2,2
2024,1494,RIVER YAMUNA AT U/S OF LAKHWAR DAM,Yamuna,UTTARAKHAND,Table 4: Water Quality of river Yamuna - 2024,14,19,20,10.0,10.8,7.8,8.3,110,142,1.0,1.0,0.33,0.36,2,2,2,2,2,2
2024,1490,"RIVER YAMUNA AT U/S DAKPATHER, DEHRADUN",Yamuna,UTTARAKHAND,Table 4: Water Quality of river Yamuna - 2024,14,18,22,9.6,10.4,7.8,8.1,97,165,1.0,1.0,0.32,0.37,46,63,70,94,4,5
2024,1553,RIVER YAMUNA U/S PAONTA SAHIB,Yamuna,HIMACHAL PRADESH,Table 4: Water Quality of river Yamuna - 2024,15,17,20,7.5,8.4,7.5,8.2,349,1002,1.0,1.5,0.54,0.89,22,49,94,220,2,2
2024,1554,RIVER YAMUNA D/S PAONTA SAHIB,Yamuna,HIMACHAL PRADESH,Table 4: Water Quality of river Yamuna - 2024,15,17,19,7.3,8.4,7.2,8.3,360,1002,1.1,2.8,0.58,0.87,22,170,110,920,2,2
2024,4439,RIVER YAMUNA U/S SUN PHARMACEUTICALS,Yamuna,HIMACHAL PRADESH,Table 4: Water Quality of river Yamuna - 2024,15,15,19,7.2,8.5,7.2,8.4,356,787,1.3,2.2,0.52,0.86,33,94,170,350,2,2
2024,4440,RIVER YAMUNA D/S SUN PHARMACEUTICALS,Yamuna,HIMACHAL PRADESH,Table 4: Water Quality of river Yamuna - 2024,15,16,18,7.1,8.4,7.4,8.4,287,1045,1.4,2.7,0.63,0.90,39,140,280,540,2,2
2024,1117,"RIVER YAMUNA AT HATHNIKUND, YAMUNANAGAR",Yamuna,HARYANA,Table 4: Water Quality of river Yamuna - 2024,15,,,6.0,7.8,7.0,7.8,272,412,1.0,3.4,0.30,0.30,2,200,200,800,2,100
2024,1496,"RIVER YAMUNA AT KALANAUR, YAMUNA NAGAR",Yamuna,HARYANA,Table 4: Water Quality of river Yamuna - 2024,15,,,5.6,7.2,7.0,7.8,269,436,1.0,2.8,0.30,0.30,100,200,300,800,2,100
2024,4914,"RIVER YAMUNA AT MANGLAURA, KARNAL",Yamuna,HARYANA,Table 4: Water Quality of river Yamuna - 2024,15,,,6.9,7.6,7.1,7.6,272,398,1.0,2.2,0.30,0.30,100,100,200,500,2,2
2024,10004,RIVER YAMUNA AT KHOJKIPUR PANIPAT,Yamuna,HARYANA,Table 4: Water Quality of river Yamuna - 2024,15,,,4.0,6.8,6.7,7.6,348,645,2.6,6.0,0.30,0.30,100,500,600,1100,2,200
2024,1119,RIVER YAMUNA AT SONEPAT,Yamuna,HARYANA,Table 4: Water Quality of river Yamuna - 2024,15,,,5.8,7.8,7.1,7.9,310,395,1.0,2.8,0.30,0.30,2,100,200,600,2,2
2024,1120,"RIVER YAMUNA AT PALLA, DELHI",Yamuna,DELHI,Table 4: Water Quality of river Yamuna - 2024,15,,,6.1,9.6,7.1,8.3,,,1.3,4.0,,,200,1600,,,,
2024,5098,RIVER YAMUNA AT WAZIRABAD,Yamuna,DELHI,Table 4: Water Quality of river Yamuna - 2024,15,,,4.0,7.9,7.1,7.8,,,3.0,9.0,,,400,3500,,,,
2024,5099,RIVER YAMUNA AT ISBT BRIDGE,Yamuna,DELHI,Table 4: Water Quality of river Yamuna - 2024,15,,,0.3,6.4,6.9,7.6,,,11.0,51.0,,,2600,640000,,,,
2024,5100,RIVER YAMUNA AT ITO BRIDGE,Yamuna,DELHI,Table 4: Water Quality of river Yamuna - 2024,15,,,0.3,4.1,6.8,7.5,,,20.0,66.0,,,1700,2400000,,,,
2024,1121,"RIVER YAMUNA AT NIZAMUDDIN, DELHI",Yamuna,DELHI,Table 4: Water Quality of river Yamuna - 2024,15,,,0.3,4.4,7.0,7.8,,,21.0,53.0,,,9000,1100000,,,,
2024,1375,"RIVER YAMUNA AT OKHLA BRIDGE (INLET OF AGRA CANAL), DELHI",Yamuna,DELHI,Table 4: Water Quality of river Yamuna - 2024,15,,,0.3,3.7,7.1,7.6,,,25.0,60.0,,,28000,3500000,,,,
2024,1812,"RIVER YAMUNA AT OKHLA AFTER MEETING OF SHAHDARA DRAIN, DELHI",Yamuna,DELHI,Table 4: Water Quality of river Yamuna - 2024,15,,,0.3,2.2,6.8,7.8,,,29.0,85.0,,,40000,8400000,,,,
2024,2493,RIVER YAMUNA AT SHAHPUR,Yamuna,UTTAR PRADESH,Table 4: Water Quality of river Yamuna - 2024,15,14,26,4.0,6.8,7.7,8.1,692,768,12.4,15.2,,,22000,49000,49000,120000,,
2024,2495,"RIVER YAMUNA AT KESIGHAT, VRINDAVAN",Yamuna,UTTAR PRADESH,Table 4: Water Quality of river Yamuna - 2024,15,14,26,4.4,6.8,7.5,8.2,686,746,8.4,12.6,,,20000,27000,47000,79000,,
2024,1123,"RIVER YAMUNA AT MATHURA U/S ,NEAR GAUGHAT U.P.",Yamuna,UTTAR PRADESH,Table 4: Water Quality of river Yamuna - 2024,15,14,26,4.8,7.4,7.6,8.2,630,690,8.4,12.4,,,20000,31000,47000,84000,,
2024,2494,"RIVER YAMUNA AT VISHRAMGHAT, MATHURA",Yamuna,UTTAR PRADESH,Table 4: Water Quality of river Yamuna - 2024,15,14,26,4.4,7.2,7.4,8.2,708,760,8.2,13.2,,,21000,33000,49000,110000,,
2024,1124,"RIVER YAMUNA AT MATHURA D/S , NEAR SHAMSHAN GHAT U.P.",Yamuna,UTTAR PRADESH,Table 4: Water Quality of river Yamuna - 2024,15,14,26,4.2,7.6,7.7,8.2,686,746,11.2,14.6,,,23000,34000,63000,130000,,
2024,1125,"RIVER YAMUNA AT AGRA U/S, U.P.(KAILASH GHAT)",Yamuna,UTTAR PRADESH,Table 4: Water Quality of river Yamuna - 2024,15,18,32,6.5,7.3,7.0,7.7,660,1688,6.4,10.0,,,4000,6800,9200,14000,,
2024,1126,"RIVER YAMUNA AT D/S OF AGRA, U.P.",Yamuna,UTTAR PRADESH,Table 4: Water Quality of river Yamuna - 2024,15,18,32,5.8,6.6,7.3,7.8,802,1975,7.2,11.2,,,4800,13000,14000,26000,,
2024,1498,"RIVER YAMUNA AT BATESWAR, U.P",Yamuna,UTTAR PRADESH,Table 4: Water Quality of river Yamuna - 2024,15,19,32,6.7,7.6,7.0,7.9,1245,1878,6.8,10.0,,,4000,7800,9200,21000,,
2024,1127,"RIVER YAMUNA AT ETAWAH, U.P.",Yamuna,UTTAR PRADESH,Table 4: Water Quality of river Yamuna - 2024,15,12,34,6.4,7.2,7.7,8.1,930,2930,9.6,16.8,,,4100,24000,17000,92000,,
2024,1499,"RIVER YAMUNA AT JUHIKA B/C WITH CHANBAL, ETAWAH, U.P",Yamuna,UTTAR PRADESH,"Table 3.1: Water Quality of tributary streams Tons, Giri, Pabbar, Andhra, Ashwani Khad, Batta,",16,12,36,7.2,7.5,7.5,7.7,905,2390,7.2,15.6,,,4100,17000,12000,54000,,
2024,2283,RIVER YAMUNA AT HAMIRPUR,Yamuna,UTTAR PRADESH,"Table 3.1: Water Quality of tributary streams Tons, Giri, Pabbar, Andhra, Ashwani Khad, Batta,",16,14,34,4.8,7.7,7.1,8.5,502,1851,3.1,4.8,0.30,0.30,7800,7800,14000,14000,,
2024,1069,"RIVER YAMUNA AT PRAYAGRAJ D/S (BALUA GHAT), U.P. Streptococci (MPN/100ml 100 Ml",Yamuna,UTTAR PRADESH,"Table 3.1: Water Quality of tributary streams Tons, Giri, Pabbar, Andhra, Ashwani Khad, Batta,",16,21,29,7.6,9.0,7.8,8.3,300,395,2.3,3.3,0.58,0.78,450,2600,1400,3300,,
2024,1510,RIVER TONS AT TIUNI (HIMACHAL PRADESH/UTTRA KHAND BORDER),Tons,HIMACHAL PRADESH,"Table 3.1: Water Quality of tributary streams Tons, Giri, Pabbar, Andhra, Ashwani Khad, Batta,",16,7,20,7.1,8.6,7.5,8.6,58,119,1.0,1.0,0.32,1.22,2,22,34,920,2,2
2024,30023,RIVER TONS AT HARIPUR (U.K.),Tons,UTTARAKHAND,"Table 3.1: Water Quality of tributary streams Tons, Giri, Pabbar, Andhra, Ashwani Khad, Batta,",16,12,25,7.4,9.1,8.0,8.2,193,339,1.0,3.0,0.32,0.84,5,450,79,13000,22,49
2024,4027,RIVER GIRI D/S RAJGARH TOWN,Giri,HIMACHAL PRADESH,"Table 3.1: Water Quality of tributary streams Tons, Giri, Pabbar, Andhra, Ashwani Khad, Batta,",16,19,25,7.6,8.8,7.0,8.3,336,642,1.0,1.5,0.62,1.01,21,48,110,280,2,2
2024,4028,"RIVER GIRI D/S KALGIDHAR TRUST, BARU SAHIB",Giri,HIMACHAL PRADESH,"Table 3.1: Water Quality of tributary streams Tons, Giri, Pabbar, Andhra, Ashwani Khad, Batta,",16,18,24,7.5,8.6,8.0,8.4,358,641,1.0,1.5,0.66,0.89,21,40,130,280,2,2
2024,2621,RIVER GIRI AT D/S YASHWANT NAGAR AFTER CONF. WITH ASHWANI KHAD AT YASHWANT NAGAR- NEAR SHANI MANDIR,Giri,HIMACHAL PRADESH,"Table 3.1: Water Quality of tributary streams Tons, Giri, Pabbar, Andhra, Ashwani Khad, Batta,",16,6,22,7.4,8.8,7.4,8.1,178,919,1.0,1.0,0.34,5.08,2,5,14,34,2,2
2024,3876,RIVER GIRI AFTER CONFLUENCE OF ASHWANI RIVER AT VILLAGE MARYOG,Giri,HIMACHAL PRADESH,"Table 3.1: Water Quality of tributary streams Tons, Giri, Pabbar, Andhra, Ashwani Khad, Batta,",16,6,23,7.3,9.5,7.6,8.3,207,917,1.0,1.0,0.54,4.36,2,5,14,49,2,2
2024,2622,RIVER GIRI AT U/S CCI MINES AT VILLAGE NADI,Giri,HIMACHAL PRADESH,"Table 3.1: Water Quality of tributary streams Tons, Giri, Pabbar, Andhra, Ashwani Khad, Batta,",16,17,22,7.4,8.8,7.1,8.3,528,1068,1.0,1.3,0.59,0.85,17,39,70,150,2,2
2024,2623,RIVER GIRI D/S SATAUN,Giri,HIMACHAL PRADESH,"Table 3.1: Water Quality of tributary streams Tons, Giri, Pabbar, Andhra, Ashwani Khad, Batta,",16,18,22,7.6,8.5,7.8,8.4,532,986,1.0,1.9,0.63,0.81,32,94,130,280,2,2
2024,3877,RIVER GIRI U/S LWSS AT SAINJ,Giri,HIMACHAL PRADESH,"Table 3.1: Water Quality of tributary streams Tons, Giri, Pabbar, Andhra, Ashwani Khad, Batta,",16,7,24,7.4,8.3,7.5,8.3,116,298,1.0,1.0,0.73,3.54,2,20,40,920,2,2
2024,3878,RIVER GIRI D/S LWSS AT SAINJ,Giri,HIMACHAL PRADESH,"Table 3.1: Water Quality of tributary streams Tons, Giri, Pabbar, Andhra, Ashwani Khad, Batta,",16,10,24,7.3,8.2,7.6,8.3,118,302,1.0,1.0,0.75,3.12,12,220,110,1600,2,2
2024,3860,"RIVER GIRI D/S CEMENT CORPORATION OF INDIA, RAJBAN AT BANGRAN BRIDGE",Giri,HIMACHAL PRADESH,"Table 3.1: Water Quality of tributary streams Tons, Giri, Pabbar, Andhra, Ashwani Khad, Batta,",16,18,21,7.5,8.6,7.8,8.3,466,1257,1.0,1.6,0.53,0.86,21,70,92,220,2,2
2024,4427,RIVER GIRI U/S CHAILLA,Giri,HIMACHAL PRADESH,"Table 3.1: Water Quality of tributary streams Tons, Giri, Pabbar, Andhra, Ashwani Khad, Batta,",17,8,22,7.2,8.1,7.3,8.2,107,246,1.0,1.0,0.32,3.34,2,26,33,350,2,2
2024,4441,RIVER GIRI U/S PROPOSED SITE OF SRI RENUKAJI DAM SITE.,Giri,HIMACHAL PRADESH,"Table 3.1: Water Quality of tributary streams Tons, Giri, Pabbar, Andhra, Ashwani Khad, Batta,",17,16,24,7.4,8.6,7.9,8.4,359,646,1.0,1.5,0.42,1.01,21,47,110,220,2,2
2024,4442,RIVER GIRI D/S PROPOSED SITE OF SRI RENUKAJI DAM SITE NEAR BRIDGE AT DADAHU- RENUKAJI,Giri,HIMACHAL PRADESH,"Table 3.1: Water Quality of tributary streams Tons, Giri, Pabbar, Andhra, Ashwani Khad, Batta,",17,16,25,7.3,8.4,7.8,8.4,357,639,1.1,1.8,0.43,0.90,23,49,140,280,2,2
2024,4473,RIVER GIRI D/S PROPOSED SITE OF RENUKA DAM,Giri,HIMACHAL PRADESH,"Table 3.1: Water Quality of tributary streams Tons, Giri, Pabbar, Andhra, Ashwani Khad, Batta,",17,18,23,7.3,8.3,7.9,8.4,358,622,1.2,1.8,0.35,3.77,27,49,130,280,2,2
2024,5292,"RIVER GIRI AT NIHARI, KOTKHAL",Giri,HIMACHAL PRADESH,"Table 3.1: Water Quality of tributary streams Tons, Giri, Pabbar, Andhra, Ashwani Khad, Batta,",17,6,19,7.5,8.1,7.4,8.2,107,242,1.0,1.0,0.49,2.92,4,70,17,920,2,2
2024,5764,RIVER GIRI B/C WITH ASHWANI KHAD U/S OF WSS YASHWANT NAGAR,,HIMACHAL PRADESH,"Table 3.1: Water Quality of tributary streams Tons, Giri, Pabbar, Andhra, Ashwani Khad, Batta,",17,10,10,9.5,9.5,7.8,7.8,254,254,1.0,1.0,1.39,1.39,5,5,34,34,2,2
2024,2617,RIVER PABBAR AT U/S DHAMBARI,Pabbar,HIMACHAL PRADESH,"Table 3.1: Water Quality of tributary streams Tons, Giri, Pabbar, Andhra, Ashwani Khad, Batta,",17,6,13,8.0,8.7,7.3,8.7,59,127,1.0,1.0,0.32,1.15,2,170,24,1600,2,2
2024,2618,RIVER PABBAR AT U/S ROHRU,Pabbar,HIMACHAL PRADESH,"Table 3.1: Water Quality of tributary streams Tons, Giri, Pabbar, Andhra, Ashwani Khad, Batta,",17,6,15,7.9,8.4,7.5,8.2,52,118,1.0,1.0,0.32,1.18,2,47,9,540,2,2
2024,2619,RIVER PABBAR D/S SWARAKUDDU,Pabbar,HIMACHAL PRADESH,"Table 3.1: Water Quality of tributary streams Tons, Giri, Pabbar, Andhra, Ashwani Khad, Batta,",17,6,17,7.6,8.1,7.5,8.4,50,120,1.0,1.0,0.32,1.19,2,350,49,1600,2,2
2024,4039,RIVER PABBAR U/S HATKOTI,Pabbar,HIMACHAL PRADESH,"Table 3.1: Water Quality of tributary streams Tons, Giri, Pabbar, Andhra, Ashwani Khad, Batta,",17,6,16,7.8,8.1,7.4,8.2,51,126,1.0,1.0,0.32,1.22,2,70,9,920,2,2
2024,5488,RIVER PABBAR AT HATKOTI RESERVOIR,Pabbar,HIMACHAL PRADESH,"Table 3.1: Water Quality of tributary streams Tons, Giri, Pabbar, Andhra, Ashwani Khad, Batta,",17,6,18,7.4,8.2,7.7,8.5,67,107,1.0,1.0,0.50,0.93,7,9,20,920,2,2
2024,5767,River Andhra B/C to River Pabbar at Chirgaon,,HIMACHAL PRADESH,"Table 3.1: Water Quality of tributary streams Tons, Giri, Pabbar, Andhra, Ashwani Khad, Batta,",17,6,20,7.4,8.2,7.0,8.2,64,136,1.0,1.0,0.32,1.58,5,47,94,350,2,2
2024,2620,ASHWANI KHAD U/S OF YASHWANT NAGAR BEFORE CONF. WITH RIVER GIRI AT YASHWANT NAGAR,Ashwani Khad,HIMACHAL PRADESH,"Table 3.1: Water Quality of tributary streams Tons, Giri, Pabbar, Andhra, Ashwani Khad, Batta,",17,6,22,6.5,8.8,7.5,8.7,216,1058,1.0,1.3,0.33,4.46,2,5,17,110,2,2
2024,2626,RIVER BATTA U/S PAONTA AT KISHANPURA,Batta,HIMACHAL PRADESH,"Table 3.1: Water Quality of tributary streams Tons, Giri, Pabbar, Andhra, Ashwani Khad, Batta,",17,17,17,7.6,8.8,6.9,8.2,336,841,1.0,1.5,0.42,1.03,21,70,94,280,2,2
2024,2627,RIVER BATTA BEFORE CONFLUENCE TO YAMUNA,Batta,HIMACHAL PRADESH,"Table 3.1: Water Quality of tributary streams Tons, Giri, Pabbar, Andhra, Ashwani Khad, Batta,",17,16,18,7.4,8.4,7.7,8.3,342,868,1.0,1.5,0.42,0.88,17,130,110,350,2,2
2024,4428,ASHWANI KHAD U/S OF WEIR SITE OF WTP NEAR ASHWANI BRIDGE,Ashwani Khad,HIMACHAL PRADESH,"Table 3.1: Water Quality of tributary streams Tons, Giri, Pabbar, Andhra, Ashwani Khad, Batta,",17,11,22,6.2,8.9,7.6,8.4,151,441,1.0,4.8,0.69,5.90,9,350,47,6100,2,40
2024,4429,ASHWANI KHAD AFTER CONFLUENCE OF LIFT NALLAH NEAR DOGRHA BRIDGE,Ashwani Khad,HIMACHAL PRADESH,"Table 3.1: Water Quality of tributary streams Tons, Giri, Pabbar, Andhra, Ashwani Khad, Batta,",17,11,25,5.6,8.4,7.4,8.9,197,708,2.1,12.2,2.20,5.15,17,920,920,6800,4,70
2024,4461,"ASHWANI KHAD D/S OF VILLAGE SADHUPIL, TEHSIL KANDAGHAT, DISTRICT SOLAN.",Ashwani Khad,HIMACHAL PRADESH,"Table 3.1: Water Quality of tributary streams Tons, Giri, Pabbar, Andhra, Ashwani Khad, Batta,",17,7,24,6.8,8.7,7.5,8.6,235,916,1.0,3.2,0.34,12.34,2,39,17,540,2,2
2024,4479,ASHWANI KHAD U/S OF SADHUPUL VILLAGE (NEARBY 800 METERS U/S OF THE BRIDGE),Ashwani Khad,HIMACHAL PRADESH,"Table 3.1: Water Quality of tributary streams Tons, Giri, Pabbar, Andhra, Ashwani Khad, Batta,",17,7,23,6.7,8.5,7.2,8.6,191,919,1.0,2.6,0.38,8.99,2,14,17,350,2,2
2024,4431,SHIKARI KHAD BEFORE CONFLUENCE TO RIVER PABBAR NEAR HRTC ROHRU BUS STAND,Shikari Khad,HIMACHAL PRADESH,"Table 3.1: Water Quality of tributary streams Tons, Giri, Pabbar, Andhra, Ashwani Khad, Batta,",17,8,20,7.3,8.3,7.3,8.3,50,128,1.0,1.0,0.32,1.19,4,79,47,1600,2,2
2024,30037,RIVER BANGANGA AT U/S IDRISHPUR (U.K.),Banganga,UTTARAKHAND,"Table 3.1: Water Quality of tributary streams Tons, Giri, Pabbar, Andhra, Ashwani Khad, Batta,",17,17,31,3.9,8.0,7.5,7.8,473,551,1.0,10.4,0.32,0.84,2,330000,2000,1300000,,
2024,10099,RIVER HINDON AT MAHESHPUR D/S,Hindon,UTTAR PRADESH,"Table 3.1: Water Quality of tributary streams Tons, Giri, Pabbar, Andhra, Ashwani Khad, Batta,",17,12,34,,,7.2,7.7,340,450,32.0,42.0,,,,,,,,
2024,10102,RIVER HINDON AT MOHAN NAGAR U/S,Hindon,UTTAR PRADESH,"Table 3.1: Water Quality of tributary streams Tons, Giri, Pabbar, Andhra, Ashwani Khad, Batta,",17,20,30,0.5,3.5,7.2,7.6,352,445,17.0,46.0,0.56,2.90,170000,330000,240000,390000,,
2024,10103,RIVER HINDON AT MOHAN NAGAR D/S,Hindon,UTTAR PRADESH,"Table 3.1: Water Quality of tributary streams Tons, Giri, Pabbar, Andhra, Ashwani Khad, Batta,",18,20,30,0.4,4.7,7.3,7.6,352,480,13.4,44.0,0.38,0.52,120000,400000,150000,470000,,
2024,10106,RIVER HINDON AT GHAZIABAD U/S,Hindon,UTTAR PRADESH,"Table 3.1: Water Quality of tributary streams Tons, Giri, Pabbar, Andhra, Ashwani Khad, Batta,",18,20,31,0.3,4.2,7.3,7.6,345,465,15.0,50.0,0.58,0.66,130000,280000,260000,380000,,
2024,10100,RIVER HINDON AT BARNAWA U/S,Hindon,UTTAR PRADESH,"Table 3.1: Water Quality of tributary streams Tons, Giri, Pabbar, Andhra, Ashwani Khad, Batta,",18,15,20,0.3,0.3,7.4,7.7,430,800,26.0,54.0,26.00,36.00,94000,130000,120000,170000,,
2024,1483,"RIVER HINDON AFTER CONFL. WITH R. KRISHNA & KALI NEAR BINAULI TOWN, PURA MAHADEV, MEERUT, U.P.",Hindon,UTTAR PRADESH,"Table 3.1: Water Quality of tributary streams Tons, Giri, Pabbar, Andhra, Ashwani Khad, Batta,",18,15,23,0.3,0.3,7.5,7.7,640,810,40.0,55.0,28.00,40.00,100000,140000,140000,170000,,
2024,2496,"RIVER HINDON AT SARDHANA BUDHANA ROAD, VILLAGE BAPARSI, MEERUT",Hindon,UTTAR PRADESH,"Table 3.1: Water Quality of tributary streams Tons, Giri, Pabbar, Andhra, Ashwani Khad, Batta,",18,16,22,0.3,0.3,7.4,7.7,480,880,28.0,58.0,28.00,40.00,110000,170000,140000,210000,,
2024,1357,"RIVER HINDON AT SAHARANPUR D/S, AT MAHESHPUR .DEOBAND U.P.",Hindon,UTTAR PRADESH,"Table 3.1: Water Quality of tributary streams Tons, Giri, Pabbar, Andhra, Ashwani Khad, Batta,",18,12,34,,,7.3,7.6,370,470,32.0,48.0,,,,,,,,
2024,1358,"RIVER HINDON AT GHAZIABAD D/S KULESHRA GB NAGAR, U.P.",Hindon,UTTAR PRADESH,"Table 3.1: Water Quality of tributary streams Tons, Giri, Pabbar, Andhra, Ashwani Khad, Batta,",18,19,31,0.3,0.3,7.2,7.7,550,615,32.0,64.0,0.78,0.88,220000,2600000,330000,3100000,,
2024,10104,RIVER HINDON AT NOIDA U/S,Hindon,UTTAR PRADESH,"Table 3.1: Water Quality of tributary streams Tons, Giri, Pabbar, Andhra, Ashwani Khad, Batta,",18,,,0.9,4.3,7.2,8.6,818,7530,16.0,25.0,0.42,0.42,220000,2200000,320000,3200000,,
2024,10105,RIVER HINDON AT NOIDA D/S,Hindon,UTTAR PRADESH,"Table 3.1: Water Quality of tributary streams Tons, Giri, Pabbar, Andhra, Ashwani Khad, Batta,",18,,,0.3,3.1,7.4,8.0,672,1468,14.0,27.0,0.34,0.36,22000,2600000,340000,3500000,,
2024,1477,RIVER KALINADI AT U/S OF MUZAFFAR NAGAR U.P.,Kalinadi,UTTAR PRADESH,"Table 3.1: Water Quality of tributary streams Tons, Giri, Pabbar, Andhra, Ashwani Khad, Batta,",18,20,24,3.2,3.5,7.2,7.7,306,340,12.0,18.0,,,,,,,,
2024,1478,"RIVER KALINADI AT D/S OF MUZAFFAR NAGAR, U.P.",Kalinadi,UTTAR PRADESH,"Table 3.1: Water Quality of tributary streams Tons, Giri, Pabbar, Andhra, Ashwani Khad, Batta,",18,20,24,0.3,0.3,6.9,7.3,578,630,32.0,38.0,,,,,,,,
2024,4606,RIVER KEN NEAR ROAD BRIDGE AT PANNA,Ken,MADHYA PRADESH,"Table 3.1: Water Quality of tributary streams Tons, Giri, Pabbar, Andhra, Ashwani Khad, Batta,",18,18,31,7.2,8.1,7.2,8.4,186,462,1.1,1.8,0.32,0.58,2,2,26,49,2,2
2024,1356,"RIVER BETWA BEFORE CONF. YAMUNA AT HAMIRPUR, U.P.",Betwa,UTTAR PRADESH,"Table 3.1: Water Quality of tributary streams Tons, Giri, Pabbar, Andhra, Ashwani Khad, Batta,",18,15,37,5.9,8.1,7.3,8.5,293,1829,2.8,3.9,0.30,0.30,1700,5400,2600,9200,,
2024,30079,"RIVER BETWA DOWNSTREAM AT SUKMA-DUKMA DAM, DIST-JHANSI (U.P.)",Betwa,UTTAR PRADESH,"Table 3.1: Water Quality of tributary streams Tons, Giri, Pabbar, Andhra, Ashwani Khad, Batta,",18,17,31,6.5,8.6,7.6,8.5,228,336,1.0,2.8,0.32,0.32,2,2000,2,4500,2,2
2024,30080,"RIVER BETWA AT KANJIA ROAD BRIDGE, KANJIA DIST.ASHOK NAGAR (M.P.)",Betwa,MADHYA PRADESH,"Table 3.1: Water Quality of tributary streams Tons, Giri, Pabbar, Andhra, Ashwani Khad, Batta,",18,18,31,7.6,8.3,7.6,8.6,135,554,1.6,4.7,0.02,1.42,2,350000,2000,1300000,,
2024,1614,"RIVER BETWA NEAR WATER SUPPLY INTAKE WELL , VIDISHA( M.P)",Betwa,MADHYA PRADESH,"Table 3.1: Water Quality of tributary streams Tons, Giri, Pabbar, Andhra, Ashwani Khad, Batta,",18,19,29,4.3,8.5,7.3,8.3,216,588,1.0,2.9,2.81,7.85,4,84,110,350,2,2
2024,2107,"RIVER BETWA AT U/S AT MAHUTA GHAT, AGASOD, BINA",Betwa,MADHYA PRADESH,"Table 3.1: Water Quality of tributary streams Tons, Giri, Pabbar, Andhra, Ashwani Khad, Batta,",18,18,31,7.2,7.3,7.2,8.3,333,477,1.2,1.5,0.33,0.78,2,2,34,58,2,2
2024,2108,"RIVER BETWA AT M/S J.P. THERMAL POWER, BINA",Betwa,MADHYA PRADESH,"Table 3.1: Water Quality of tributary streams Tons, Giri, Pabbar, Andhra, Ashwani Khad, Batta,",18,18,31,7.1,7.5,7.5,8.1,354,5464,1.3,1.5,0.33,0.84,2,2,34,58,2,2
2024,2119,"RIVER BETWA AT NAYAPUR D/S MANDIDEEP INDL. AREA NO.1,DIST.RAISEN",Betwa,MADHYA PRADESH,"Table 3.1: Water Quality of tributary streams Tons, Giri, Pabbar, Andhra, Ashwani Khad, Batta,",18,19,27,6.0,7.9,6.8,7.9,357,1380,2.3,2.9,3.79,6.96,24,170,920,1666,2,2
2024,2121,"RIVER BETWA NEAR ROAD BRIDGE, BHOJPUR",Betwa,MADHYA PRADESH,"Table 3.1: Water Quality of tributary streams Tons, Giri, Pabbar, Andhra, Ashwani Khad, Batta,",18,18,31,7.2,8.3,6.8,8.2,246,677,1.5,2.6,1.04,5.30,2,54,63,360,2,2
2024,2122,RIVER BETWA NEAR W/S INTAKE WELL POINT RAISEN,Betwa,MADHYA PRADESH,"Table 3.1: Water Quality of tributary streams Tons, Giri, Pabbar, Andhra, Ashwani Khad, Batta,",18,20,28,7.3,8.2,6.9,8.2,192,537,1.4,1.8,0.97,4.23,2,43,70,250,2,2
2024,2124,"RIVER BETWA AT CHARANTIRGHAT, VIDISHA",Betwa,MADHYA PRADESH,"Table 3.1: Water Quality of tributary streams Tons, Giri, Pabbar, Andhra, Ashwani Khad, Batta,",18,18,31,5.0,7.4,7.2,8.1,221,4248,1.3,4.2,4.28,13.37,4,120,220,430,2,2
2024,2125,RIVER BETWA D/S AFTER MIXING OF RIVER BAIS AT VIDISHA,Betwa,MADHYA PRADESH,"Table 3.1: Water Quality of tributary streams Tons, Giri, Pabbar, Andhra, Ashwani Khad, Batta,",19,19,31,4.8,9.5,7.4,8.2,230,792,1.1,3.2,3.90,9.32,6,94,170,350,2,2
2024,3832,RIVER BETWA AT U/S NEAR ROAD BRIDGE ORCHHA,Betwa,MADHYA PRADESH,"Table 3.1: Water Quality of tributary streams Tons, Giri, Pabbar, Andhra, Ashwani Khad, Batta,",19,17,32,6.5,7.7,6.9,8.2,243,452,1.2,1.7,0.32,0.36,2,2,31,49,2,2
2024,2953,"RIVER KALI SINDH AT ANICUT OF M/S CFCL GADEPAN, KOTA, RAJASTHAN",Kali Sindh,RAJASTHAN,"Table 3.1: Water Quality of tributary streams Tons, Giri, Pabbar, Andhra, Ashwani Khad, Batta,",19,18,35,4.9,7.3,7.5,8.8,224,817,1.0,1.8,0.92,2.64,140,220,210,280,27,46
2024,2956,"RIVER KALI SINDH AT BAROD ROAD BRIDGE, KOTA, RAJASTHAN",Kali Sindh,RAJASTHAN,"Table 3.1: Water Quality of tributary streams Tons, Giri, Pabbar, Andhra, Ashwani Khad, Batta,",19,19,33,5.1,6.5,7.8,8.6,230,1127,1.0,2.3,1.02,3.73,130,220,210,280,26,34
2024,3310,"RIVER CHAMLA AT W/S INTAKE POINT BADNAGAR, UJJAIN",Chamla,MADHYA PRADESH,"Table 3.1: Water Quality of tributary streams Tons, Giri, Pabbar, Andhra, Ashwani Khad, Batta,",19,23,30,7.0,7.6,7.2,7.9,260,659,1.5,2.0,0.32,0.98,2,2,48,49,2,2
2024,3313,"RIVER KARIYARI U/S NEAR M/S UTCL BELA CEMENT PLANT,VILL.SONARA , REWA,",Kariyari,MADHYA PRADESH,"Table 3.1: Water Quality of tributary streams Tons, Giri, Pabbar, Andhra, Ashwani Khad, Batta,",19,20,31,6.7,7.0,7.2,8.0,306,346,1.1,1.4,0.98,1.12,2,2,39,46,2,2
2024,3314,"RIVER KARIYARI,D/S, NEAR M/S J.P. CEMENT,VILL.NAUBASTA, REWA",,MADHYA PRADESH,"Table 3.1: Water Quality of tributary streams Tons, Giri, Pabbar, Andhra, Ashwani Khad, Batta,",19,20,31,6.7,7.1,7.3,8.1,313,366,1.2,1.6,0.98,1.26,2,2,40,48,2,2
2024,3319,"RIVER NEWAJ AT W/S INTAKE POINT, SHUJALPUR, UJJAIN",Newaj,MADHYA PRADESH,"Table 3.1: Water Quality of tributary streams Tons, Giri, Pabbar, Andhra, Ashwani Khad, Batta,",19,20,23,6.2,7.2,7.2,7.9,198,432,1.8,2.0,0.60,0.83,2,4,48,49,2,2
2024,3320,"RIVER NEWAJ U/S NEAR W/S INTAKE POINT, RAJGARH",Newaj,MADHYA PRADESH,"Table 3.1: Water Quality of tributary streams Tons, Giri, Pabbar, Andhra, Ashwani Khad, Batta,",19,17,29,5.4,8.8,7.6,8.2,215,530,1.0,3.5,1.51,17.25,2,84,110,380,2,2
2024,3833,"RIVER BEBUS AT RAJGHAT DAM, SAGAR",Bebus,MADHYA PRADESH,"Table 3.1: Water Quality of tributary streams Tons, Giri, Pabbar, Andhra, Ashwani Khad, Batta,",19,18,30,6.2,8.0,7.3,8.2,228,440,1.1,1.6,0.32,2.17,2,2,26,47,2,2
2024,5538,"RIVER KALIASOT DAM OUTLATE NEAR DAM GATE,BHOPAL",Kaliasot Dam Outlate,MADHYA PRADESH,"Table 3.1: Water Quality of tributary streams Tons, Giri, Pabbar, Andhra, Ashwani Khad, Batta,",19,18,28,4.0,8.3,7.1,8.6,224,331,1.0,2.6,1.13,6.98,2,25,2,220,2,2
2024,5539,"RIVER KHAN RAMWASA STOP DAM,UJJAIN",,MADHYA PRADESH,"Table 3.1: Water Quality of tributary streams Tons, Giri, Pabbar, Andhra, Ashwani Khad, Batta,",19,21,28,3.3,7.0,7.3,7.9,761,1260,6.0,20.0,1.03,3.33,280,1600,1600,1600,4,4
2024,5540,"RIVER MANDAKINI , ORIGIN POINT SATI ANSUIYA ,CHITRAKOOT",Mandakini,MADHYA PRADESH,"Table 3.1: Water Quality of tributary streams Tons, Giri, Pabbar, Andhra, Ashwani Khad, Batta,",19,25,32,4.6,7.2,7.1,7.7,292,694,1.0,2.4,0.02,2.06,2,2,2,120,2,2
2024,2955,"RIVER CHAMBAL ENTERING IN RAJASTHAN AT GANDHI SAGAR DAM, RAWATBHATA,CHITTORGARH",Chambal Entering In Rajasthan,RAJASTHAN,"Table 3.1: Water Quality of tributary streams Tons, Giri, Pabbar, Andhra, Ashwani Khad, Batta,",19,19,33,6.1,6.8,7.2,8.4,630,786,2.3,3.6,2.34,3.54,58,84,110,170,9,21
2024,1288,"RIVER CHAMBAL AT KOTA U/S (PHED INTAKE POINT. NEAR KOTA BARRAGE), RAJASTHAN",Chambal,RAJASTHAN,"Table 3.1: Water Quality of tributary streams Tons, Giri, Pabbar, Andhra, Ashwani Khad, Batta,",19,20,34,5.8,7.1,7.2,8.5,215,406,1.0,1.5,0.72,1.92,33,170,110,280,17,41
2024,1289,"RIVER CHAMBAL AT RANGPUR KOTA D/S (2 KM. FROM CITY), RAJASTHAN",Chambal,RAJASTHAN,"Table 3.1: Water Quality of tributary streams Tons, Giri, Pabbar, Andhra, Ashwani Khad, Batta,",19,19,33,4.5,6.7,7.3,8.9,318,698,1.1,2.8,1.22,2.92,220,350,350,540,39,70
2024,10029,"RIVER CHAMBAL AT KESHORAIPATAN U/S, NEAR SHRI RAJESHWAR MAHADEV TEMPLE, BUNDI",Chambal,RAJASTHAN,"Table 3.1: Water Quality of tributary streams Tons, Giri, Pabbar, Andhra, Ashwani Khad, Batta,",19,16,30,4.8,6.8,7.8,8.8,351,718,1.0,2.9,1.18,2.45,210,350,280,540,33,63
2024,10030,"RIVER CHAMBAL AT KESHORAIPATTAN D/S NEAR AMBEDKAR NAGAR, BUNDI",Chambal,RAJASTHAN,"Table 3.1: Water Quality of tributary streams Tons, Giri, Pabbar, Andhra, Ashwani Khad, Batta,",19,16,29,4.3,6.1,7.9,8.8,361,795,1.4,3.2,1.15,4.20,240,350,430,540,46,79
2024,4769,"RIVER CHAMBAL, NEAR CHAMBAL BRIDGE, DHOLPUR TO MURENA ROAD, NH-3",,RAJASTHAN,"Table 3.1: Water Quality of tributary streams Tons, Giri, Pabbar, Andhra, Ashwani Khad, Batta,",19,15,32,5.8,6.4,6.7,8.2,206,752,1.1,10.6,0.66,4.03,2,34,9,170,2,17
2024,1413,"RIVER CHAMBAL AT RAMESHWARGHAT NR. SAWAIMADHOPUR, RAJASTHAN",Chambal,RAJASTHAN,"Table 3.1: Water Quality of tributary streams Tons, Giri, Pabbar, Andhra, Ashwani Khad, Batta,",19,13,41,5.4,6.6,6.6,8.5,271,976,1.0,2.1,0.52,21.34,9,220,21,280,6,39
2024,30086,"RIVER CHAMBAL AT GWALIOR ROAD BRIDGE, UDI, ETAWAH DIST.",Chambal,UTTAR PRADESH,"Table 3.1: Water Quality of tributary streams Tons, Giri, Pabbar, Andhra, Ashwani Khad, Batta,",19,18,32,7.6,8.0,6.7,8.1,327,1503,2.7,7.2,0.32,18.52,2,79000,2000,170000,,
2024,30060,RIVER CHAMBAL AT FISH FARM NEAR GANDHISAGAR DAM (MP & RJASTHAN),Chambal,MADHYA PRADESH,"Table 3.1: Water Quality of tributary streams Tons, Giri, Pabbar, Andhra, Ashwani Khad, Batta,",20,29,33,7.1,8.9,8.0,8.3,305,442,1.5,3.0,0.32,0.53,2,5,2,430,2,2
2024,1418,"RIVER CHAMBAL AT GANDHI SAGAR DAM, RAMPURA, M.P",Chambal,MADHYA PRADESH,"Table 3.1: Water Quality of tributary streams Tons, Giri, Pabbar, Andhra, Ashwani Khad, Batta,",20,22,28,6.2,7.6,7.5,7.8,288,394,1.4,2.0,0.60,0.81,2,2,47,49,2,2
2024,3309,"RIVER CHAMBAL AT TAL VILLAGE NEAR BRIDGE, UJJAIN",Chambal,MADHYA PRADESH,"Table 3.1: Water Quality of tributary streams Tons, Giri, Pabbar, Andhra, Ashwani Khad, Batta,",20,22,29,6.4,7.9,7.3,7.9,475,1528,1.9,6.0,0.53,1.18,2,1600,49,1600,2,4
2024,1365,RIVER CHAMBAL AT NAGDA U/S (WATER INTAKE POINT) M.P.,Chambal,MADHYA PRADESH,"Table 3.1: Water Quality of tributary streams Tons, Giri, Pabbar, Andhra, Ashwani Khad, Batta,",20,22,28,6.9,7.8,6.5,8.0,390,1059,1.4,2.0,0.32,0.89,2,2,48,49,2,2
2024,1366,"RIVER CHAMBAL AT NAGDA D/S, M.P.",Chambal,MADHYA PRADESH,"Table 3.1: Water Quality of tributary streams Tons, Giri, Pabbar, Andhra, Ashwani Khad, Batta,",20,22,28,0.3,6.8,6.2,8.0,623,8602,3.0,40.0,0.99,13.92,170,1600,1600,1600,10,94
2024,1609,"RIVER CHAMBAL AT DHOLPUR, M.P",Chambal,MADHYA PRADESH,"Table 3.1: Water Quality of tributary streams Tons, Giri, Pabbar, Andhra, Ashwani Khad, Batta,",20,18,25,7.1,7.9,7.2,7.7,415,696,1.6,1.8,0.51,1.46,2,6,12,28,,
2024,3308,"RIVER CHAMBAL AT JANAPAWA, FROM ORIGIN POINT, INDORE",Chambal,MADHYA PRADESH,"Table 3.1: Water Quality of tributary streams Tons, Giri, Pabbar, Andhra, Ashwani Khad, Batta,",20,20,21,6.3,7.6,7.7,8.3,275,491,1.0,1.1,0.70,1.74,2,2,26,48,,
2024,4607,RIVER CHAMBAL AT ITAWA ROAD BRIDGE BHIND,Chambal,MADHYA PRADESH,"Table 3.1: Water Quality of tributary streams Tons, Giri, Pabbar, Andhra, Ashwani Khad, Batta,",20,18,25,7.2,7.9,7.2,7.7,233,620,1.5,1.8,0.62,1.80,2,6,14,25,,
2024,4610,RIVER CHAMBAL AT 100M D/S OF GANDHI SAGAR DAM. MANDSAUR,Chambal,MADHYA PRADESH,"Table 3.1: Water Quality of tributary streams Tons, Giri, Pabbar, Andhra, Ashwani Khad, Batta,",20,22,28,6.2,7.8,7.1,7.9,287,426,1.6,2.0,0.45,0.81,2,2,47,49,2,2
2024,2954,"RIVER PARVATI BEFORE MEETING CHAMBAL AT KHATOLI, KOTA, RAJASTHAN",Parvati,RAJASTHAN,"Table 3.1: Water Quality of tributary streams Tons, Giri, Pabbar, Andhra, Ashwani Khad, Batta,",20,19,33,5.6,6.9,7.7,8.6,227,1035,1.0,2.5,0.92,3.22,130,240,210,350,21,48
2024,2109,"RIVER PARVATI AT NEEMKHEDI, GUNA",Parvati,MADHYA PRADESH,"Table 3.1: Water Quality of tributary streams Tons, Giri, Pabbar, Andhra, Ashwani Khad, Batta,",20,21,26,7.0,7.9,7.2,7.6,280,620,1.4,1.8,0.54,1.54,2,6,23,27,,
2024,2126,"RIVER PARVATI D/S AFTER VINDHYACHAL NALLA AT PILUKHEDI,RAJGARH",Parvati,MADHYA PRADESH,"Table 3.1: Water Quality of tributary streams Tons, Giri, Pabbar, Andhra, Ashwani Khad, Batta,",20,18,27,6.5,9.7,7.5,8.9,249,889,1.2,5.7,7.57,24.16,26,70,280,540,2,2
2024,1432,"RIVER PARVATI NEAR VILLAGE BATAODAPAR, M.P.",Parvati,MADHYA PRADESH,"Table 3.1: Water Quality of tributary streams Tons, Giri, Pabbar, Andhra, Ashwani Khad, Batta,",20,20,26,7.0,7.9,7.3,7.6,310,420,1.6,1.8,0.57,1.30,2,6,22,27,,
2024,1367,RIVER KHAN AT KABIT KHEDI (NEAR INDORE) M.P.,Khan,MADHYA PRADESH,"Table 3.1: Water Quality of tributary streams Tons, Giri, Pabbar, Andhra, Ashwani Khad, Batta,",20,19,21,0.3,0.5,7.2,7.8,859,1422,14.0,36.0,1.61,5.27,39,1700,1100,4300,8,370
2024,2110,"RIVER KHAN AT SAKKAR KHADI, INDORE",Khan,MADHYA PRADESH,"Table 3.1: Water Quality of tributary streams Tons, Giri, Pabbar, Andhra, Ashwani Khad, Batta,",20,19,31,0.3,0.5,7.4,8.0,898,1432,16.0,32.0,1.75,6.31,47,1600,1200,5800,8,94
2024,2111,RIVER KHAN AT SANWER,Khan,MADHYA PRADESH,"Table 3.1: Water Quality of tributary streams Tons, Giri, Pabbar, Andhra, Ashwani Khad, Batta,",20,19,22,0.3,5.2,7.4,8.0,740,1544,3.2,14.0,1.21,2.98,11,460,540,1600,2,33
2024,1372,"RIVER MANDAKINI AT CHITRAKUT, M.P.",Mandakini,MADHYA PRADESH,"Table 3.1: Water Quality of tributary streams Tons, Giri, Pabbar, Andhra, Ashwani Khad, Batta,",20,23,32,6.1,7.4,7.6,7.8,492,974,1.6,2.5,1.45,2.16,2,2,52,120,2,2
2024,1369,"RIVER KSHIPRA AT RAMGHAT AT UJJAIN, M.P.",Kshipra,MADHYA PRADESH,"Table 3.1: Water Quality of tributary streams Tons, Giri, Pabbar, Andhra, Ashwani Khad, Batta,",20,21,28,6.0,8.3,7.3,8.0,579,1086,3.4,8.0,0.93,2.37,4,1600,920,1600,4,14
2024,1370,"RIVER KSHIPRA AT TRIVENISANGAM (1 KM. D/S OF SANGAM), M.P.",Kshipra,MADHYA PRADESH,"Table 3.1: Water Quality of tributary streams Tons, Giri, Pabbar, Andhra, Ashwani Khad, Batta,",20,22,28,4.9,8.4,7.5,8.0,348,1186,2.6,14.0,0.69,3.64,10,1600,210,1600,2,4
2024,1468,"RIVER KSHIPRA AT SIDDHAWAT (D/S) OF UJJAIN., M.P.",Kshipra,MADHYA PRADESH,"Table 3.1: Water Quality of tributary streams Tons, Giri, Pabbar, Andhra, Ashwani Khad, Batta,",20,21,28,4.5,7.9,7.2,8.0,366,1188,6.0,13.0,0.32,3.32,1600,1600,1600,1600,8,27
2024,3315,"RIVER KSHIPRA AT GAUGHAT, UJJAIN",Kshipra,MADHYA PRADESH,"Table 3.1: Water Quality of tributary streams Tons, Giri, Pabbar, Andhra, Ashwani Khad, Batta,",20,21,28,6.1,8.6,7.4,8.2,356,1012,2.8,8.0,0.38,2.33,2,1600,220,1600,2,4
2024,3316,"RIVER KSHIPRA AT U/S OF MAHIDPUR CITY, UJJAIN",Kshipra,MADHYA PRADESH,"Table 3.1: Water Quality of tributary streams Tons, Giri, Pabbar, Andhra, Ashwani Khad, Batta,",20,22,28,6.0,7.5,7.2,7.9,337,1194,2.0,4.0,0.67,2.25,2,1600,46,1600,2,2
2024,3317,"RIVER KSHIPRA AT W/S INTAKE POINT OF DEWAS, UJJAIN",Kshipra,MADHYA PRADESH,"Table 3.1: Water Quality of tributary streams Tons, Giri, Pabbar, Andhra, Ashwani Khad, Batta,",20,20,23,6.2,7.4,7.3,7.9,306,525,1.6,2.0,0.63,0.93,2,4,47,49,2,2
2024,2724,"RIVER SUSWA AT MATHURAWALA, DEHRADUN",Suswa,UTTARAKHAND,"Table 3.1: Water Quality of tributary streams Tons, Giri, Pabbar, Andhra, Ashwani Khad, Batta,",21,15,28,2.0,3.3,7.2,8.1,406,548,24.0,30.0,0.34,0.54,1300,2800,1700,3500,430,1600
2024,2734,"RIVER BHELLA U/S OF KASHIPUR,US NAGAR",Bhella,UTTARAKHAND,"Table 3.1: Water Quality of tributary streams Tons, Giri, Pabbar, Andhra, Ashwani Khad, Batta,",21,14,28,6.0,7.0,7.0,7.7,175,373,1.8,2.8,0.48,0.96,170,350,220,540,32,94
2024,2735,"RIVER BHELLA D/S OF LOHIYA BRIDGE KASHIPUR,US NAGAR",Bhella,UTTARAKHAND,"Table 3.1: Water Quality of tributary streams Tons, Giri, Pabbar, Andhra, Ashwani Khad, Batta,",21,16,36,1.2,3.0,6.3,7.2,270,948,16.0,28.0,0.56,1.29,350,920,430,1600,70,170
2024,2732,"RIVER DHELLA U/S AT KASHIPUR MORADABAD ROAD BRIDGE,US NAGAR",Dhella,UTTARAKHAND,"Table 3.1: Water Quality of tributary streams Tons, Giri, Pabbar, Andhra, Ashwani Khad, Batta,",21,13,32,6.1,7.2,7.6,7.9,205,414,2.0,3.0,0.52,0.95,210,350,280,540,32,120
2024,2733,"RIVER DHELLA D/S AT THAKURDWARA ALIGANJ ROAD,US NAGAR",Dhella,UTTARAKHAND,"Table 3.1: Water Quality of tributary streams Tons, Giri, Pabbar, Andhra, Ashwani Khad, Batta,",21,14,36,0.7,2.6,6.6,7.6,470,1260,20.0,38.0,0.89,1.54,240,920,350,1600,79,170
2024,30004,RIVER DHELA AT ADAMPUR,Dhela,UTTARAKHAND,"Table 3.1: Water Quality of tributary streams Tons, Giri, Pabbar, Andhra, Ashwani Khad, Batta,",21,18,31,4.8,6.5,7.2,7.5,306,794,7.9,26.3,0.32,8.04,2,1300000,4500,2400000,,
2024,2731,"RIVER KOSI AT KASHIPUR BAJPUR ROAD BRIDGE,KASHIPUR,US NAGAR",Kosi,UTTARAKHAND,"Table 3.1: Water Quality of tributary streams Tons, Giri, Pabbar, Andhra, Ashwani Khad, Batta,",21,16,33,7.4,8.1,7.2,7.9,260,594,1.8,2.8,0.52,1.11,170,350,280,540,13,110
2024,30002,"RIVER KOSI AT DADIYAL BRIDGE, UTTRAKHAND",Kosi,UTTARAKHAND,"Table 3.1: Water Quality of tributary streams Tons, Giri, Pabbar, Andhra, Ashwani Khad, Batta,",21,19,31,7.8,10.2,7.8,8.2,294,585,1.2,6.4,0.32,0.32,2,1300000,2000,5400000,,
2024,2728,RIVER GOLA AT HALDWANI,Gola,UTTARAKHAND,"Table 3.1: Water Quality of tributary streams Tons, Giri, Pabbar, Andhra, Ashwani Khad, Batta,",21,16,23,7.0,8.2,7.3,8.0,250,280,1.8,2.4,0.32,0.45,70,140,110,220,2,9
2024,2729,RIVER KICHHA AT KICHHA U.S. NAGAR,Kichha,UTTARAKHAND,"Table 3.1: Water Quality of tributary streams Tons, Giri, Pabbar, Andhra, Ashwani Khad, Batta,",21,15,35,3.6,6.6,6.8,8.0,385,964,3.2,6.2,0.63,1.58,220,1600,430,21000,47,210
2024,30003,RIVER KICCHA AT PULL BHATTA,Kiccha,UTTARAKHAND,"Table 3.1: Water Quality of tributary streams Tons, Giri, Pabbar, Andhra, Ashwani Khad, Batta,",21,16,31,3.8,6.4,7.3,7.7,454,1600,5.8,19.3,0.97,3.08,2,33000,5,79000,,
2024,2730,"RIVER PILKHAR AT BILASPUR, RAMPUR,US NAGAR",Pilkhar,UTTARAKHAND,"Table 3.1: Water Quality of tributary streams Tons, Giri, Pabbar, Andhra, Ashwani Khad, Batta,",21,14,30,6.2,7.4,7.2,7.9,358,579,2.0,2.9,0.47,0.98,220,350,350,540,70,130
2024,30000,"RIVER PILKHAR AT RAMPUR, BHOT(U.P)",Pilkhar,UTTAR PRADESH,"Table 3.1: Water Quality of tributary streams Tons, Giri, Pabbar, Andhra, Ashwani Khad, Batta,",21,19,32,7.6,9.7,7.9,8.0,505,698,1.5,6.2,0.32,0.58,2,79000,2,490000,2,2
2024,2736,"RIVER NANDOUR U/S AT SITARGANJ INDUSTRIAL AREA, US NAGAR",Nandour,UTTARAKHAND,"Table 3.1: Water Quality of tributary streams Tons, Giri, Pabbar, Andhra, Ashwani Khad, Batta,",21,17,30,7.6,8.6,7.5,8.1,184,353,1.0,2.0,0.45,0.96,350,540,430,920,70,110
2024,2737,"RIVER NANDOUR D/S AT SITARGANJ INDUSTRIAL AREA, US NAGAR",Nandour,UTTARAKHAND,"Table 3.1: Water Quality of tributary streams Tons, Giri, Pabbar, Andhra, Ashwani Khad, Batta,",21,14,35,6.6,8.1,7.4,8.0,184,438,1.6,3.0,0.55,1.19,350,2200,920,2800,70,350
2024,3438,"RIVER KALYANI U/S OF PANTNAGAR INDUSRIAL AREA, US NAGAR",Kalyani,UTTARAKHAND,"Table 3.1: Water Quality of tributary streams Tons, Giri, Pabbar, Andhra, Ashwani Khad, Batta,",21,15,29,5.2,7.2,6.8,8.0,312,575,2.1,3.0,0.46,0.94,220,430,350,920,70,140
2024,3439,"RIVER KALYANI D/S OF PANTNAGAR INDUSTRIAL AREA, US NAGAR",Kalyani,UTTARAKHAND,"Table 3.1: Water Quality of tributary streams Tons, Giri, Pabbar, Andhra, Ashwani Khad, Batta,",21,17,33,0.3,3.1,6.3,7.5,456,916,26.0,42.0,0.92,2.01,240,1300,540,1700,94,220
2024,30077,"RIVER RAMGANGA AT ROAD BRIDGE SHERKOT, DIST.BIJNAUR (U.P.)",Ramganga,UTTAR PRADESH,"Table 3.1: Water Quality of tributary streams Tons, Giri, Pabbar, Andhra, Ashwani Khad, Batta,",21,16,31,5.1,10.5,7.6,7.9,180,344,1.0,8.2,0.32,1.01,2,7800,2000,13000,,
2024,30078,"RIVER RAMGANGA AT KALAGARHBARRAGE,KALAGARH,DIST,PAUDHIGADH WAL (U.K.)",Ramganga,UTTARAKHAND,"Table 3.1: Water Quality of tributary streams Tons, Giri, Pabbar, Andhra, Ashwani Khad, Batta,",21,16,31,6.8,9.1,7.5,7.9,130,198,1.0,6.0,0.32,0.32,2,490000,4500,1300000,,
2024,1064,"RIVER RAMGANGA AT KANNAUJ (BEFORE CONF.), U.P",Ramganga,UTTAR PRADESH,"Table 3.1: Water Quality of tributary streams Tons, Giri, Pabbar, Andhra, Ashwani Khad, Batta,",21,18,39,6.2,10.9,7.9,8.3,293,582,3.2,4.6,,,4600,17000,7000,22000,2,4
2024,1065,"RIVER KALINADI NEAR GUMATIYA VILLAGE ,KANNAUJ (BEFORE CONF.), U.P",Kalinadi,UTTAR PRADESH,"Table 3.1: Water Quality of tributary streams Tons, Giri, Pabbar, Andhra, Ashwani Khad, Batta,",21,18,39,5.5,8.5,7.6,8.2,222,554,3.7,5.6,,,4100,14000,7900,20000,2,9
2024,1480,RIVER KALINADI AT U/S OF GULAOTHI TOWN IN,Kalinadi,UTTAR PRADESH,"Table 3.1: Water Quality of tributary streams Tons, Giri, Pabbar, Andhra, Ashwani Khad, Batta,",22,19,29,0.3,0.3,7.6,7.8,423,1079,42.0,62.0,,,170000,4000000,310000,4900000,,
2024,2497,"RIVER KALI EAST AT KHARKHODA-PARIKSHIT GARH ROAD, VILL. KOL, MEERUT",Kali East,UTTAR PRADESH,"Table 3.1: Water Quality of tributary streams Tons, Giri, Pabbar, Andhra, Ashwani Khad, Batta,",22,15,22,0.3,0.3,7.4,7.6,440,650,32.0,42.0,26.00,34.00,63000,120000,94000,160000,,
2024,2482,"RIVER VARUNA AT RAMESHWAR, VARANASI",Varuna,UTTAR PRADESH,"Table 3.1: Water Quality of tributary streams Tons, Giri, Pabbar, Andhra, Ashwani Khad, Batta,",22,23,31,7.0,8.2,7.8,8.3,326,438,2.8,3.3,0.56,0.85,630,1300,1300,2200,390,630
2024,2483,RIVER VARUNA B/C WITH GANGA AT VARANASI,,UTTAR PRADESH,"Table 3.1: Water Quality of tributary streams Tons, Giri, Pabbar, Andhra, Ashwani Khad, Batta,",22,23,31,2.7,4.5,7.2,7.6,514,692,6.6,16.6,1.56,2.16,13000,26000,22000,40000,7000,1200
2024,1361,"RIVER SAI AT UNNAO AFTER DRAIN OUTFALL, U.P.",Sai,UTTAR PRADESH,"Table 3.1: Water Quality of tributary streams Tons, Giri, Pabbar, Andhra, Ashwani Khad, Batta,",22,19,32,5.6,8.0,7.5,8.1,5,4826,3.0,3.8,0.30,9.99,2000,4900,3900,7900,,
2024,2484,"RIVER SAI AT JALALPUR, JAUNPUR",Sai,UTTAR PRADESH,"Table 3.1: Water Quality of tributary streams Tons, Giri, Pabbar, Andhra, Ashwani Khad, Batta,",22,22,31,7.0,8.5,7.9,8.3,312,426,2.8,3.3,0.45,0.72,2100,3100,4000,4900,580,1700
2024,1072,"RIVER GOMTI AT VARANASI, RAJWARI U.P",Gomti,UTTAR PRADESH,"Table 3.1: Water Quality of tributary streams Tons, Giri, Pabbar, Andhra, Ashwani Khad, Batta,",22,21,30,6.8,8.3,7.9,8.3,338,438,2.7,3.2,0.58,0.76,2300,4600,4900,8400,940,2600
2024,1350,"RIVER GOMTI AT SITAPUR U/S DADNAMAU GHAT, U.P.",Gomti,UTTAR PRADESH,"Table 3.1: Water Quality of tributary streams Tons, Giri, Pabbar, Andhra, Ashwani Khad, Batta,",22,,,6.5,11.3,7.8,8.4,158,442,2.1,2.7,0.39,0.98,680,1300,1400,2600,,
2024,1351,"RIVER GOMTI AT LUCKNOW U/S AT WATER INTAKE POINT, U.P.",Gomti,UTTAR PRADESH,"Table 3.1: Water Quality of tributary streams Tons, Giri, Pabbar, Andhra, Ashwani Khad, Batta,",22,,,4.4,10.2,7.6,8.3,218,487,2.9,4.0,0.38,0.63,2300,4600,4600,7000,,
2024,1352,"RIVER GOMTI AT LUCKNOW D/S PIPRAGHAT , U.P.",Gomti,UTTAR PRADESH,"Table 3.1: Water Quality of tributary streams Tons, Giri, Pabbar, Andhra, Ashwani Khad, Batta,",22,,,1.3,2.2,7.3,7.7,308,801,10.2,13.6,0.30,0.61,78000,130000,130000,220000,,
2024,1353,"RIVER GOMTI AT JAUNPUR D/S, U.P.",Gomti,UTTAR PRADESH,"Table 3.1: Water Quality of tributary streams Tons, Giri, Pabbar, Andhra, Ashwani Khad, Batta,",22,22,31,6.7,8.0,7.9,8.2,342,440,2.9,3.5,0.60,0.82,3100,7000,6300,11000,1100,3100
2024,10083,RIVER GOMTI AT NEEMSAR U/S,Gomti,UTTAR PRADESH,"Table 3.1: Water Quality of tributary streams Tons, Giri, Pabbar, Andhra, Ashwani Khad, Batta,",22,,,6.3,11.2,7.7,8.4,164,451,2.2,2.8,0.33,0.65,780,1700,1700,2700,,
2024,10084,RIVER GOMTI AT NEEMSAR D/S,Gomti,UTTAR PRADESH,"Table 3.1: Water Quality of tributary streams Tons, Giri, Pabbar, Andhra, Ashwani Khad, Batta,",22,,,5.9,11.0,7.7,8.3,170,469,2.4,3.0,0.42,0.66,1100,2200,2200,3400,,
2024,10085,RIVER GOMTI AT BHATPUR U/S,Gomti,UTTAR PRADESH,"Table 3.1: Water Quality of tributary streams Tons, Giri, Pabbar, Andhra, Ashwani Khad, Batta,",22,,,5.7,10.9,7.7,8.3,189,480,2.5,3.2,0.41,1.55,1200,2400,2400,3500,,
2024,10086,RIVER GOMTI AT BHATPUR D/S,Gomti,UTTAR PRADESH,"Table 3.1: Water Quality of tributary streams Tons, Giri, Pabbar, Andhra, Ashwani Khad, Batta,",22,,,5.1,10.5,7.6,8.3,203,494,2.7,3.6,0.43,1.56,1700,3300,3200,4900,,
2024,10087,RIVER GOMTI AT GAUGHAT U/S,Gomti,UTTAR PRADESH,"Table 3.1: Water Quality of tributary streams Tons, Giri, Pabbar, Andhra, Ashwani Khad, Batta,",22,,,4.5,10.1,7.5,8.2,217,486,2.9,4.0,0.33,0.64,2300,4900,4600,7900,,
2024,10088,RIVER GOMTI AT GAUGHAT D/S,Gomti,UTTAR PRADESH,"Table 3.1: Water Quality of tributary streams Tons, Giri, Pabbar, Andhra, Ashwani Khad, Batta,",22,,,4.2,9.8,7.5,8.2,226,498,3.0,4.1,0.31,0.65,2400,4900,4900,7900,,
2024,10089,RIVER GOMTI AT MOHMEAK U/S,Gomti,UTTAR PRADESH,"Table 3.1: Water Quality of tributary streams Tons, Giri, Pabbar, Andhra, Ashwani Khad, Batta,",22,,,2.5,4.3,7.5,7.9,258,748,7.0,9.8,0.34,0.68,40000,70000,61000,110000,,
2024,10090,RIVER GOMTI AT MOHMEAK D/S,Gomti,UTTAR PRADESH,"Table 3.1: Water Quality of tributary streams Tons, Giri, Pabbar, Andhra, Ashwani Khad, Batta,",22,,,2.2,3.7,7.4,7.8,272,765,7.5,10.6,0.37,0.79,45000,79000,68000,130000,,
2024,10091,RIVER GOMTI AT PIPRAGHAT U/S,Gomti,UTTAR PRADESH,"Table 3.1: Water Quality of tributary streams Tons, Giri, Pabbar, Andhra, Ashwani Khad, Batta,",22,,,1.5,2.6,7.3,7.7,294,788,9.6,13.0,0.30,0.59,68000,110000,110000,200000,,
2024,10092,RIVER GOMTI AT PIPRAGHAT D/S,Gomti,UTTAR PRADESH,"Table 3.1: Water Quality of tributary streams Tons, Giri, Pabbar, Andhra, Ashwani Khad, Batta,",22,,,1.2,2.1,7.3,7.6,309,802,10.2,13.6,0.30,0.62,78000,130000,130000,220000,,
2024,10093,RIVER GOMTI AT GANGAGANJ U/S,Gomti,UTTAR PRADESH,"Table 3.1: Water Quality of tributary streams Tons, Giri, Pabbar, Andhra, Ashwani Khad, Batta,",22,,,2.7,5.3,7.5,7.9,269,741,6.5,9.4,0.30,1.42,35000,68000,54000,92000,,
2024,10094,RIVER GOMTI AT GANGAGANJ D/S,Gomti,UTTAR PRADESH,"Table 4.1: Water Quality of tributary streams Gandak, Sikrahna(Buddhi Gandak), Burhi Gandak, Sirsiya (Ganga), Harbora, Koshi (Bihar), Daha, Dhos, Ramrekha,",23,,,3.0,5.8,7.5,8.0,258,726,6.2,9.0,0.86,1.46,24000,49000,49000,79000,,
2024,10095,RIVER GOMTI AT SULTANPUR U/S,Gomti,UTTAR PRADESH,"Table 4.1: Water Quality of tributary streams Gandak, Sikrahna(Buddhi Gandak), Burhi Gandak, Sirsiya (Ganga), Harbora, Koshi (Bihar), Daha, Dhos, Ramrekha,",23,20,25,7.0,8.9,8.1,8.2,335,447,3.2,4.2,0.80,0.87,1700,2800,2700,5400,,
2024,10096,RIVER GOMTI AT SULTANPUR D/S,Gomti,UTTAR PRADESH,"Table 4.1: Water Quality of tributary streams Gandak, Sikrahna(Buddhi Gandak), Burhi Gandak, Sirsiya (Ganga), Harbora, Koshi (Bihar), Daha, Dhos, Ramrekha,",23,20,25,6.7,8.7,8.1,8.2,341,476,3.4,4.3,0.80,0.90,2200,2800,4700,7900,,
2024,10097,RIVER GOMTI AT JAUNPUR U/S,Gomti,UTTAR PRADESH,"Table 4.1: Water Quality of tributary streams Gandak, Sikrahna(Buddhi Gandak), Burhi Gandak, Sirsiya (Ganga), Harbora, Koshi (Bihar), Daha, Dhos, Ramrekha,",23,22,31,7.1,8.5,8.0,8.3,334,434,2.4,2.9,0.56,0.70,580,1100,1100,1700,310,580
2024,1363,"RIVER RAPTI AFTER CONFL. OF R. HONIN NR. DOMINGARH RLY BRIDGE, GORAKHPUR, U.P.",Rapti,UTTAR PRADESH,"Table 4.1: Water Quality of tributary streams Gandak, Sikrahna(Buddhi Gandak), Burhi Gandak, Sirsiya (Ganga), Harbora, Koshi (Bihar), Daha, Dhos, Ramrekha,",23,12,22,7.8,8.4,7.7,8.4,256,2800,2.3,3.2,,,4000,12000,12000,19000,,
2024,1076,"RIVER GHAGHARA NEAR CHAPRA, RIVILGANJ, MANJHI, SARAN",Ghaghara,BIHAR,"Table 4.1: Water Quality of tributary streams Gandak, Sikrahna(Buddhi Gandak), Burhi Gandak, Sirsiya (Ganga), Harbora, Koshi (Bihar), Daha, Dhos, Ramrekha,",23,14,33,7.1,8.5,7.2,8.2,182,334,1.0,2.6,0.30,0.81,700,22000,1100,28000,2,33
2024,1355,"RIVER GHAGHARA AT TURTIPAR,DEORIA D/S, U.P.",Ghaghara,UTTAR PRADESH,"Table 4.1: Water Quality of tributary streams Gandak, Sikrahna(Buddhi Gandak), Burhi Gandak, Sirsiya (Ganga), Harbora, Koshi (Bihar), Daha, Dhos, Ramrekha,",23,14,24,7.5,8.2,7.6,8.4,370,418,2.0,3.6,,,6000,12000,14000,22000,,
2024,2492,"RIVER GHAGHRA AT BARHALGANJ, GORAKHPUR",Ghaghra,UTTAR PRADESH,"Table 4.1: Water Quality of tributary streams Gandak, Sikrahna(Buddhi Gandak), Burhi Gandak, Sirsiya (Ganga), Harbora, Koshi (Bihar), Daha, Dhos, Ramrekha,",23,14,24,7.2,8.2,7.8,8.4,358,398,2.8,4.0,,,6000,14000,14000,24000,,
2024,1359,"RIVER RIHAND AT RENUKUT U/S, U.P.",Rihand,UTTAR PRADESH,"Table 4.1: Water Quality of tributary streams Gandak, Sikrahna(Buddhi Gandak), Burhi Gandak, Sirsiya (Ganga), Harbora, Koshi (Bihar), Daha, Dhos, Ramrekha,",23,20,29,8.0,9.4,8.1,8.4,234,288,1.7,2.2,0.36,0.54,170,330,330,630,140,230
2024,1360,"RIVER RIHAND AT RENUKUT D/S, U.P.",Rihand,UTTAR PRADESH,"Table 4.1: Water Quality of tributary streams Gandak, Sikrahna(Buddhi Gandak), Burhi Gandak, Sirsiya (Ganga), Harbora, Koshi (Bihar), Daha, Dhos, Ramrekha,",23,20,29,7.6,8.8,7.9,8.2,250,295,2.7,3.3,0.44,0.66,700,1400,1300,2600,580,940
2024,1143,"RIVER TONS AT CHAKGHAT, M.P.",Tons,MADHYA PRADESH,"Table 4.1: Water Quality of tributary streams Gandak, Sikrahna(Buddhi Gandak), Burhi Gandak, Sirsiya (Ganga), Harbora, Koshi (Bihar), Daha, Dhos, Ramrekha,",23,20,32,7.1,7.6,7.4,8.4,241,492,1.3,2.0,0.96,1.17,2,2,36,49,2,2
2024,1144,"RIVER TONS AT MADHAVGARH, M.P.",Tons,MADHYA PRADESH,"Table 4.1: Water Quality of tributary streams Gandak, Sikrahna(Buddhi Gandak), Burhi Gandak, Sirsiya (Ganga), Harbora, Koshi (Bihar), Daha, Dhos, Ramrekha,",23,24,30,6.4,7.2,7.4,7.9,494,1084,1.7,2.8,1.16,2.42,2,4,7,112,2,2
2024,3328,"RIVER TONS AT MADHAVGARH, NEAR PHED W/S INTAKE POINT, SATNA",Tons,MADHYA PRADESH,"Table 4.1: Water Quality of tributary streams Gandak, Sikrahna(Buddhi Gandak), Burhi Gandak, Sirsiya (Ganga), Harbora, Koshi (Bihar), Daha, Dhos, Ramrekha,",23,23,30,5.2,6.8,7.5,8.5,708,812,1.8,2.3,1.10,2.66,2,4,33,120,2,2
2024,3853,"RIVER TONS AT BASAMAN MAMA TEMPLE, NEAR PURWA FALL, TEHSIL- SEMARIYA, DIST- REWA",Tons,MADHYA PRADESH,"Table 4.1: Water Quality of tributary streams Gandak, Sikrahna(Buddhi Gandak), Burhi Gandak, Sirsiya (Ganga), Harbora, Koshi (Bihar), Daha, Dhos, Ramrekha,",23,20,31,7.2,8.0,7.3,8.1,289,480,1.3,1.8,0.79,1.13,2,2,41,49,2,2
2024,4609,"RIVER TONS AT M.P-U.P BOUNDARY, BEFORE MIXING RIVER BELAN CHAKGHAT REWA",Tons,MADHYA PRADESH,"Table 4.1: Water Quality of tributary streams Gandak, Sikrahna(Buddhi Gandak), Burhi Gandak, Sirsiya (Ganga), Harbora, Koshi (Bihar), Daha, Dhos, Ramrekha,",23,20,29,6.8,7.8,7.3,7.8,232,456,1.2,2.0,0.56,16.46,2,2,39,49,2,2
2024,5543,"RIVER BEEHAR KHTHULIYA INTAKE WELL POINT ,REWA",Beehar Khthuliya Intake Well Point,MADHYA PRADESH,"Table 4.1: Water Quality of tributary streams Gandak, Sikrahna(Buddhi Gandak), Burhi Gandak, Sirsiya (Ganga), Harbora, Koshi (Bihar), Daha, Dhos, Ramrekha,",23,20,30,7.0,7.5,7.5,8.1,253,439,1.3,1.8,0.79,1.23,2,2,39,48,2,2
2024,4611,RIVER GAMBHIR AT DAM SITE UJJAIN,Gambhir,MADHYA PRADESH,"Table 4.1: Water Quality of tributary streams Gandak, Sikrahna(Buddhi Gandak), Burhi Gandak, Sirsiya (Ganga), Harbora, Koshi (Bihar), Daha, Dhos, Ramrekha,",23,23,24,7.1,7.6,7.2,7.9,210,433,1.6,2.0,0.32,0.81,2,2,46,480,2,2
2024,1607,"RIVER BASLI GOHAD DAM, GOHAD, M.P",,MADHYA PRADESH,"Table 4.1: Water Quality of tributary streams Gandak, Sikrahna(Buddhi Gandak), Burhi Gandak, Sirsiya (Ganga), Harbora, Koshi (Bihar), Daha, Dhos, Ramrekha,",23,20,27,7.0,7.7,7.2,7.7,410,720,1.2,2.1,0.47,1.44,3,6,20,27,,
2024,2120,"RIVER KALIASOT NEAR ROAD BRIDGE, MANDIDEEP",Kaliasot,MADHYA PRADESH,"Table 4.1: Water Quality of tributary streams Gandak, Sikrahna(Buddhi Gandak), Burhi Gandak, Sirsiya (Ganga), Harbora, Koshi (Bihar), Daha, Dhos, Ramrekha,",23,19,28,6.9,8.1,6.8,7.8,277,622,1.9,2.9,2.62,7.94,15,65,210,1100,2,2
2024,2142,"River KALISINDH NEAR ROAD BRIDGE SARANGPUR, RAJGARH",Kalisindh,MADHYA PRADESH,"Table 4.1: Water Quality of tributary streams Gandak, Sikrahna(Buddhi Gandak), Burhi Gandak, Sirsiya (Ganga), Harbora, Koshi (Bihar), Daha, Dhos, Ramrekha,",23,19,26,5.8,11.4,8.0,8.9,300,687,1.0,4.0,1.34,26.43,6,63,120,430,2,2
2024,4621,RIVER HATHNI NANPUR FATA DAM ALIRAJPUR,,MADHYA PRADESH,"Table 4.1: Water Quality of tributary streams Gandak, Sikrahna(Buddhi Gandak), Burhi Gandak, Sirsiya (Ganga), Harbora, Koshi (Bihar), Daha, Dhos, Ramrekha,",23,20,22,7.2,8.0,7.4,8.1,334,470,1.0,1.2,0.86,1.10,2,2,40,49,,
2024,3125,RIVER GANDAK GOPALGANJ PIPRAKOTHI ROAD BRIDGE (DUMARIA GHAT),Gandak Gopalganj Piprakothi Road Bridge,BIHAR,"Table 4.1: Water Quality of tributary streams Gandak, Sikrahna(Buddhi Gandak), Burhi Gandak, Sirsiya (Ganga), Harbora, Koshi (Bihar), Daha, Dhos, Ramrekha,",24,14,32,7.3,8.7,7.4,8.2,159,349,1.0,2.5,0.30,2.33,790,13000,1300,24000,2,17
2024,2568,"RIVER GANDAK AT REWAGHAT, MUZAFFARPUR",Gandak,BIHAR,"Table 4.1: Water Quality of tributary streams Gandak, Sikrahna(Buddhi Gandak), Burhi Gandak, Sirsiya (Ganga), Harbora, Koshi (Bihar), Daha, Dhos, Ramrekha,",24,12,33,7.4,8.6,7.4,8.1,224,341,1.0,1.9,0.30,0.63,1700,17000,3300,22000,2,23
2024,10163,"RIVER GANDAK AT ROAD BRIDGE, U/S HAJIPUR, VAISHALI (BORDER OF SARAN & VAISHALI) VAISHALI (BORDER OF SARAN & VAISHALI)",Gandak,BIHAR,"Table 4.1: Water Quality of tributary streams Gandak, Sikrahna(Buddhi Gandak), Burhi Gandak, Sirsiya (Ganga), Harbora, Koshi (Bihar), Daha, Dhos, Ramrekha,",24,12,32,6.6,8.8,7.1,8.0,228,715,1.0,2.6,0.30,0.46,240,28000,540,35000,2,49
2024,10126,"RIVER GANDAK AT KONHARA GHAT, OPPOSITE HARIHARNATH MANDIR,SONEPUR",Gandak,BIHAR,"Table 4.1: Water Quality of tributary streams Gandak, Sikrahna(Buddhi Gandak), Burhi Gandak, Sirsiya (Ganga), Harbora, Koshi (Bihar), Daha, Dhos, Ramrekha,",24,12,32,6.0,8.2,7.2,8.0,231,406,1.0,6.2,0.30,0.40,330,54000,490,92000,2,49
2024,1078,RIVER GANDAK AT SONEPUR NEAR HARIHARNATH TEMPLE,Gandak,BIHAR,"Table 4.1: Water Quality of tributary streams Gandak, Sikrahna(Buddhi Gandak), Burhi Gandak, Sirsiya (Ganga), Harbora, Koshi (Bihar), Daha, Dhos, Ramrekha,",24,10,32,6.4,8.6,7.0,8.0,232,323,1.0,2.0,0.30,0.90,130,35000,230,54000,2,33
2024,1820,"RIVER SIKRAHNA AT CHANPATIYA, NEAR CHANPATIYA ROAD BRIDGE, WEST CHAMPARAN",Sikrahna,BIHAR,"Table 4.1: Water Quality of tributary streams Gandak, Sikrahna(Buddhi Gandak), Burhi Gandak, Sirsiya (Ganga), Harbora, Koshi (Bihar), Daha, Dhos, Ramrekha,",24,17,36,0.5,7.9,7.2,8.2,356,646,2.0,6.0,0.30,1.39,3300,2200000,4900,3500000,7,130
2024,2575,"RIVER SIKRAHNA AT LAL PARSA, BETIAH, EAST CHAMPARAN",Sikrahna,BIHAR,"Table 4.1: Water Quality of tributary streams Gandak, Sikrahna(Buddhi Gandak), Burhi Gandak, Sirsiya (Ganga), Harbora, Koshi (Bihar), Daha, Dhos, Ramrekha,",24,16,36,3.4,7.9,7.3,8.1,268,451,1.8,2.9,0.30,1.25,2800,92000,3500,160000,7,350
2024,3134,"RIVER SIKRAHNA AT LAURIA, HARINAGAR ROAD BRIDGE",Sikrahna,BIHAR,"Table 4.1: Water Quality of tributary streams Gandak, Sikrahna(Buddhi Gandak), Burhi Gandak, Sirsiya (Ganga), Harbora, Koshi (Bihar), Daha, Dhos, Ramrekha,",24,15,30,5.1,8.2,7.0,8.1,284,561,1.8,3.0,0.30,0.94,4900,54000,7900,92000,2,23
2024,4291,"RIVER SIKRAHNA LAURIA-NARKATIAGANJ ROAD BRIDGE, WEST CHAMPARAN",,BIHAR,"Table 4.1: Water Quality of tributary streams Gandak, Sikrahna(Buddhi Gandak), Burhi Gandak, Sirsiya (Ganga), Harbora, Koshi (Bihar), Daha, Dhos, Ramrekha,",24,16,30,1.5,8.2,7.1,8.0,291,1020,1.6,6.0,0.30,1.39,4900,92000,7000,160000,23,33
2024,2562,"RIVER BURHI GANDAK AT AKHARAGHAT, MUZAFFARPUR",Burhi Gandak,BIHAR,"Table 4.1: Water Quality of tributary streams Gandak, Sikrahna(Buddhi Gandak), Burhi Gandak, Sirsiya (Ganga), Harbora, Koshi (Bihar), Daha, Dhos, Ramrekha,",24,13,32,6.3,8.6,7.0,8.0,223,490,1.0,2.4,0.30,0.54,330,24000,490,35000,2,13
2024,2570,"RIVER BURHI GANDAK NEAR MAGARDAHI GHAT AT SAMASTIPUR ROAD BRIDGE, SAMASTIPUR",Burhi Gandak,BIHAR,"Table 4.1: Water Quality of tributary streams Gandak, Sikrahna(Buddhi Gandak), Burhi Gandak, Sirsiya (Ganga), Harbora, Koshi (Bihar), Daha, Dhos, Ramrekha,",24,15,32,7.3,8.3,7.1,8.0,208,425,1.0,2.5,0.30,1.02,1300,54000,5400,160000,2,23
2024,3124,RIVER BURHI GANDAK U/S ROAD BRIDGE NH NEAR ZERO MILE MUZAFFARPUR,Burhi Gandak,BIHAR,"Table 4.1: Water Quality of tributary streams Gandak, Sikrahna(Buddhi Gandak), Burhi Gandak, Sirsiya (Ganga), Harbora, Koshi (Bihar), Daha, Dhos, Ramrekha,",24,13,33,6.7,8.9,7.3,8.0,209,453,1.0,2.0,0.30,0.61,45,22000,78,43000,2,23
2024,4295,"RIVER BURHI GANDAK AT KHAGARIA ROAD BRIDGE BEFORE CONFLUENCE WITH GANGA , KHAGARIA",Burhi Gandak,BIHAR,"Table 4.1: Water Quality of tributary streams Gandak, Sikrahna(Buddhi Gandak), Burhi Gandak, Sirsiya (Ganga), Harbora, Koshi (Bihar), Daha, Dhos, Ramrekha,",24,15,31,7.0,8.3,7.2,8.2,139,436,1.0,2.2,0.30,0.63,68,54000,110,92000,2,23
2024,4300,"RIVER BURHI GANDAK AT LAL BAGLA GHAT, MOTIHARI DHAKA ROAD, EAST CHAMPARAN",Burhi Gandak,BIHAR,"Table 4.1: Water Quality of tributary streams Gandak, Sikrahna(Buddhi Gandak), Burhi Gandak, Sirsiya (Ganga), Harbora, Koshi (Bihar), Daha, Dhos, Ramrekha,",24,15,36,6.1,8.2,7.5,8.1,297,452,1.4,2.5,0.30,0.78,450,54000,780,92000,2,240
2024,4403,"RIVER BURHI GANDAK AT BARACHAKIA, EAST CHAMPARAN",Burhi Gandak,BIHAR,"Table 4.1: Water Quality of tributary streams Gandak, Sikrahna(Buddhi Gandak), Burhi Gandak, Sirsiya (Ganga), Harbora, Koshi (Bihar), Daha, Dhos, Ramrekha,",24,15,37,6.4,8.5,7.5,8.1,274,426,1.0,2.8,0.30,2.01,790,54000,1100,160000,2,94
2024,1822,"RIVER SIRSIYA AT RAXAUL,BIRGANJ CHECK POST ROAD BRIDGE EAST CHAMPARAN",Sirsiya,BIHAR,"Table 4.1: Water Quality of tributary streams Gandak, Sikrahna(Buddhi Gandak), Burhi Gandak, Sirsiya (Ganga), Harbora, Koshi (Bihar), Daha, Dhos, Ramrekha,",24,15,38,0.3,2.8,7.0,7.8,440,835,3.0,9.0,0.30,1.60,330,92000,940,160000,2,79
2024,3136,"RIVER SIRSIYA D/S RAXAUL (KOERIA TOLA), EAST CHAMPARAN",Sirsiya,BIHAR,"Table 4.1: Water Quality of tributary streams Gandak, Sikrahna(Buddhi Gandak), Burhi Gandak, Sirsiya (Ganga), Harbora, Koshi (Bihar), Daha, Dhos, Ramrekha,",24,15,37,0.3,2.6,7.1,7.7,467,823,3.0,10.0,0.30,1.48,490,92000,700,160000,2,240
2024,2558,"RIVER HARBORA D/S AT NARKATIAGANJ, WEST CHAMPARAN",Harbora,BIHAR,"Table 4.1: Water Quality of tributary streams Gandak, Sikrahna(Buddhi Gandak), Burhi Gandak, Sirsiya (Ganga), Harbora, Koshi (Bihar), Daha, Dhos, Ramrekha,",24,16,35,0.5,7.9,7.3,8.3,263,525,1.5,4.0,0.30,5.38,4900,92000,7000,160000,13,130
2024,3126,"RIVER HARBORA,U/S AT NARKATIAGANJ, WEST CHAMPARAN",,BIHAR,"Table 4.1: Water Quality of tributary streams Gandak, Sikrahna(Buddhi Gandak), Burhi Gandak, Sirsiya (Ganga), Harbora, Koshi (Bihar), Daha, Dhos, Ramrekha,",24,16,34,6.7,10.2,7.4,8.3,268,451,1.1,2.1,0.30,0.64,490,35000,790,54000,2,94
2024,2566,RIVER KOSHI AT MADHEPURA,Koshi,BIHAR,"Table 4.1: Water Quality of tributary streams Gandak, Sikrahna(Buddhi Gandak), Burhi Gandak, Sirsiya (Ganga), Harbora, Koshi (Bihar), Daha, Dhos, Ramrekha,",24,14,31,6.0,8.2,7.0,8.0,168,295,1.3,1.9,0.30,0.38,2,22000,2,28000,2,23
2024,3137,"RIVER KOSHI AT BEERPUR, SUPAUL",Koshi,BIHAR,"Table 4.1: Water Quality of tributary streams Gandak, Sikrahna(Buddhi Gandak), Burhi Gandak, Sirsiya (Ganga), Harbora, Koshi (Bihar), Daha, Dhos, Ramrekha,",24,14,32,7.5,8.5,7.1,7.6,193,281,1.0,2.7,0.30,0.30,2,13000,2,24000,2,33
2024,2565,RIVER KOSHI AT KURSHELA AT KATIHAR,Koshi,BIHAR,"Table 4.1: Water Quality of tributary streams Gandak, Sikrahna(Buddhi Gandak), Burhi Gandak, Sirsiya (Ganga), Harbora, Koshi (Bihar), Daha, Dhos, Ramrekha,",24,14,31,7.0,8.4,7.2,7.8,137,291,1.0,2.7,0.30,0.80,79,35000,130,54000,2,33
2024,1821,RIVER DAHA U/S RAJENDRA ROAD BRIDGE AT SIWAN,Daha,BIHAR,"Table 4.1: Water Quality of tributary streams Gandak, Sikrahna(Buddhi Gandak), Burhi Gandak, Sirsiya (Ganga), Harbora, Koshi (Bihar), Daha, Dhos, Ramrekha,",24,12,34,2.5,7.0,7.4,7.9,235,786,1.6,2.8,0.30,0.48,2,92000,2,160000,2,49
2024,2560,"RIVER DAHA D/S AT SASAMUSA, GOPALGANJ",Daha,BIHAR,"Table 4.1: Water Quality of tributary streams Gandak, Sikrahna(Buddhi Gandak), Burhi Gandak, Sirsiya (Ganga), Harbora, Koshi (Bihar), Daha, Dhos, Ramrekha,",24,21,29,3.9,7.5,7.3,7.9,281,478,1.6,3.0,0.30,0.44,790,13000,1100,24000,2,23
2024,2561,"RIVER DAHA AT ITWA BRIDGE, GOPALGANJ",Daha,BIHAR,"Table 4.1: Water Quality of tributary streams Gandak, Sikrahna(Buddhi Gandak), Burhi Gandak, Sirsiya (Ganga), Harbora, Koshi (Bihar), Daha, Dhos, Ramrekha,",25,13,30,5.6,7.8,7.3,7.8,279,556,1.1,2.7,0.30,0.49,2,140000,2,170000,2,79
2024,3129,"RIVER DAHA AT MEERGANJ NEAR BADARJHIMMI BAZAR, GOPALGANJ",Daha,BIHAR,"Table 4.1: Water Quality of tributary streams Gandak, Sikrahna(Buddhi Gandak), Burhi Gandak, Sirsiya (Ganga), Harbora, Koshi (Bihar), Daha, Dhos, Ramrekha,",25,12,29,5.9,7.2,7.4,7.9,301,551,1.3,2.5,0.30,0.30,220,54000,350,92000,2,2
2024,4292,"RIVER DAHA U/S SASAMUSA, GOPALGANJ",Daha,BIHAR,"Table 4.1: Water Quality of tributary streams Gandak, Sikrahna(Buddhi Gandak), Burhi Gandak, Sirsiya (Ganga), Harbora, Koshi (Bihar), Daha, Dhos, Ramrekha,",25,21,28,3.5,7.7,7.4,7.7,309,530,1.3,2.8,0.30,0.34,13,24000,23,35000,2,70
2024,4397,"RIVER DAHA D/S AT RENUA, SIWAN",Daha,BIHAR,"Table 4.1: Water Quality of tributary streams Gandak, Sikrahna(Buddhi Gandak), Burhi Gandak, Sirsiya (Ganga), Harbora, Koshi (Bihar), Daha, Dhos, Ramrekha,",25,12,34,3.1,6.9,7.1,7.9,170,842,1.4,2.8,0.30,0.65,2400,92000,3500,160000,2,33
2024,1823,"RIVER DHOS AT SAHARGHAT, MADHUBANI",Dhos,BIHAR,"Table 4.1: Water Quality of tributary streams Gandak, Sikrahna(Buddhi Gandak), Burhi Gandak, Sirsiya (Ganga), Harbora, Koshi (Bihar), Daha, Dhos, Ramrekha,",25,16,30,5.5,7.8,7.2,7.6,220,308,1.2,2.7,0.30,0.48,540,24000,920,35000,2,2
2024,4405,"RIVER DHOS AT MADHWAPUR, MADHUBANI",Dhos,BIHAR,"Table 4.1: Water Quality of tributary streams Gandak, Sikrahna(Buddhi Gandak), Burhi Gandak, Sirsiya (Ganga), Harbora, Koshi (Bihar), Daha, Dhos, Ramrekha,",25,16,30,5.8,7.8,7.0,7.7,238,313,1.0,2.9,0.30,0.60,130,24000,170,35000,2,33
2024,2559,"RIVER RAMREKHA AT HARINAGAR, WEST CHAMPARAN",Ramrekha,BIHAR,"Table 4.1: Water Quality of tributary streams Gandak, Sikrahna(Buddhi Gandak), Burhi Gandak, Sirsiya (Ganga), Harbora, Koshi (Bihar), Daha, Dhos, Ramrekha,",25,16,32,0.3,4.4,6.8,7.7,284,687,2.0,5.2,0.30,0.69,7900,92000,22000,160000,13,130
2024,3130,"RIVER RAMREKHA AT U/S HARINAGAR, WEST CHAMPARAN",Ramrekha,BIHAR,"Table 4.1: Water Quality of tributary streams Gandak, Sikrahna(Buddhi Gandak), Burhi Gandak, Sirsiya (Ganga), Harbora, Koshi (Bihar), Daha, Dhos, Ramrekha,",25,16,32,0.3,4.4,7.0,8.0,258,651,2.0,5.0,0.30,1.00,1300,92000,2400,160000,2,79
2024,3132,"RIVER BAGMATI AT MUZAFFARPUR- SITAMARHI ROAD BRIDGE, SITAMARHI",Bagmati,BIHAR,"Table 4.1: Water Quality of tributary streams Gandak, Sikrahna(Buddhi Gandak), Burhi Gandak, Sirsiya (Ganga), Harbora, Koshi (Bihar), Daha, Dhos, Ramrekha,",25,19,29,7.2,8.5,5.6,8.3,226,390,1.0,2.8,0.30,1.07,790,22000,1400,92000,2,24
2024,3135,"RIVER BAGMATI AT DARBHANGA, SAMASTIPUR ROAD BRIDGE, DARBHANGA",Bagmati,BIHAR,"Table 4.1: Water Quality of tributary streams Gandak, Sikrahna(Buddhi Gandak), Burhi Gandak, Sirsiya (Ganga), Harbora, Koshi (Bihar), Daha, Dhos, Ramrekha,",25,12,33,6.9,8.5,7.3,8.1,257,404,1.0,2.1,0.30,3.13,2,35000,2,54000,2,17
2024,2563,"RIVER MANUSMAR AT RIGA, UPHRAULIA, SITAMARHI",Manusmar,BIHAR,"Table 4.1: Water Quality of tributary streams Gandak, Sikrahna(Buddhi Gandak), Burhi Gandak, Sirsiya (Ganga), Harbora, Koshi (Bihar), Daha, Dhos, Ramrekha,",25,19,30,7.2,8.1,7.3,8.2,222,464,1.3,2.5,0.30,0.35,170,11000,320,17000,2,31
2024,3131,"RIVER MANUSMAR U/S (RIGA), SITAMARHI",Manusmar,BIHAR,"Table 4.1: Water Quality of tributary streams Gandak, Sikrahna(Buddhi Gandak), Burhi Gandak, Sirsiya (Ganga), Harbora, Koshi (Bihar), Daha, Dhos, Ramrekha,",25,19,30,7.4,8.1,7.3,8.2,194,469,1.0,2.7,0.30,0.39,140,13000,210,17000,2,35
2024,4402,"RIVER MANUSMAR AT PARSHURAMPUR, RIGA - BELSAND ROAD, SITAMARHI",Manusmar,BIHAR,"Table 4.1: Water Quality of tributary streams Gandak, Sikrahna(Buddhi Gandak), Burhi Gandak, Sirsiya (Ganga), Harbora, Koshi (Bihar), Daha, Dhos, Ramrekha,",25,19,29,7.1,7.8,7.5,8.1,212,487,1.0,1.6,0.30,0.32,330,24000,490,35000,2,33
2024,2555,"RIVER PUNPUN NEAR PATNA FATUHA ROAD BRIDGE, FATUHA",Punpun,BIHAR,"Table 4.1: Water Quality of tributary streams Gandak, Sikrahna(Buddhi Gandak), Burhi Gandak, Sirsiya (Ganga), Harbora, Koshi (Bihar), Daha, Dhos, Ramrekha,",25,18,35,0.3,6.9,7.1,8.1,245,1015,1.6,2.5,0.30,1.30,540,92000,1600,160000,2,220
2024,3119,"RIVER UNPUN NEAR PUNPUN ROAD BRIDGE, PUNPUN",Unpun,BIHAR,"Table 4.1: Water Quality of tributary streams Gandak, Sikrahna(Buddhi Gandak), Burhi Gandak, Sirsiya (Ganga), Harbora, Koshi (Bihar), Daha, Dhos, Ramrekha,",25,18,32,6.9,8.1,7.5,8.1,288,490,1.0,2.8,0.30,0.46,2,92000,2,160000,2,33
2024,3120,"RIVER PUNPUN AT KINJAR ROAD BRIDGE, JEHANABAD-ARWAL BORDER , JEHANABAD",Punpun,BIHAR,"Table 4.1: Water Quality of tributary streams Gandak, Sikrahna(Buddhi Gandak), Burhi Gandak, Sirsiya (Ganga), Harbora, Koshi (Bihar), Daha, Dhos, Ramrekha,",25,18,32,6.2,8.4,7.4,7.9,304,512,1.3,2.8,0.30,0.60,1400,35000,2300,54000,2,2
2024,4406,"RIVER PUNPUN AT OBRA, AURANGABAD",Punpun,BIHAR,"Table 4.1: Water Quality of tributary streams Gandak, Sikrahna(Buddhi Gandak), Burhi Gandak, Sirsiya (Ganga), Harbora, Koshi (Bihar), Daha, Dhos, Ramrekha,",25,18,31,6.5,9.8,7.1,7.9,222,610,1.0,2.6,0.30,0.82,3500,24000,5400,92000,2,94
2024,4293,"RIVER KOHRA U/S RAJ GHAT, MAJHAULIA, WEST CHAMPARAN",Kohra,BIHAR,"Table 4.1: Water Quality of tributary streams Gandak, Sikrahna(Buddhi Gandak), Burhi Gandak, Sirsiya (Ganga), Harbora, Koshi (Bihar), Daha, Dhos, Ramrekha,",25,15,34,4.7,8.3,7.2,8.1,250,609,1.4,2.7,0.30,0.79,3500,28000,5400,35000,4,240
2024,4294,"RIVER KOHRA D/S NEAR RAILWAY BRIDGE, MAJHAULIA, WEST CHAMPARAN",Kohra,BIHAR,"Table 4.1: Water Quality of tributary streams Gandak, Sikrahna(Buddhi Gandak), Burhi Gandak, Sirsiya (Ganga), Harbora, Koshi (Bihar), Daha, Dhos, Ramrekha,",25,15,34,3.0,6.8,7.2,8.0,265,724,1.5,5.0,0.30,0.82,700,54000,940,92000,2,240
2024,4399,"RIVER HARHA AT BAGHA, LAURIYA ROAD BRIDGE",Harha,BIHAR,"Table 4.1: Water Quality of tributary streams Gandak, Sikrahna(Buddhi Gandak), Burhi Gandak, Sirsiya (Ganga), Harbora, Koshi (Bihar), Daha, Dhos, Ramrekha,",25,15,30,6.5,9.2,7.4,8.0,231,414,1.3,2.8,0.30,0.99,4900,35000,7000,160000,2,79
2024,4400,RIVER LAKHANDEI U/S SITAMARHI AT MEHANDI NAGAR,Lakhandei,BIHAR,"Table 4.1: Water Quality of tributary streams Gandak, Sikrahna(Buddhi Gandak), Burhi Gandak, Sirsiya (Ganga), Harbora, Koshi (Bihar), Daha, Dhos, Ramrekha,",25,18,30,6.7,7.5,7.2,8.0,209,435,1.0,1.8,0.30,0.73,1700,54000,3500,160000,2,240
2024,4401,RIVER LAKHANDEI D/S SITAMARHI AT PARORI ROAD BRIDGE,Lakhandei,BIHAR,"Table 4.1: Water Quality of tributary streams Gandak, Sikrahna(Buddhi Gandak), Burhi Gandak, Sirsiya (Ganga), Harbora, Koshi (Bihar), Daha, Dhos, Ramrekha,",25,18,31,2.1,7.3,7.2,8.0,219,553,1.0,2.7,0.30,1.03,490,92000,700,160000,2,240
2024,4404,"RIVER GANGI AT ARA, D/S",Gangi,BIHAR,"Table 4.1: Water Quality of tributary streams Gandak, Sikrahna(Buddhi Gandak), Burhi Gandak, Sirsiya (Ganga), Harbora, Koshi (Bihar), Daha, Dhos, Ramrekha,",25,14,31,3.2,7.7,7.2,8.1,251,594,1.0,2.8,0.30,0.92,490,92000,940,160000,2,220
2024,1824,"RIVER PARMAR AT JOGBANI, ARARIA",Parmar,BIHAR,"Table 4.1: Water Quality of tributary streams Gandak, Sikrahna(Buddhi Gandak), Burhi Gandak, Sirsiya (Ganga), Harbora, Koshi (Bihar), Daha, Dhos, Ramrekha,",25,15,31,7.2,8.2,7.2,7.7,158,319,1.0,2.5,0.30,1.12,1300,24000,1700,35000,2,130
2024,2117,"RIVER BICHIA,GOVINDGARH ROAD BRIDGE ,NEAR INTAKE POINT,REWA",,MADHYA PRADESH,"Table 4.1: Water Quality of tributary streams Gandak, Sikrahna(Buddhi Gandak), Burhi Gandak, Sirsiya (Ganga), Harbora, Koshi (Bihar), Daha, Dhos, Ramrekha,",26,20,31,6.2,7.2,7.3,8.2,267,511,1.6,2.3,0.65,1.18,4,9,58,150,2,2
2024,1433,"RIVER SANKH AT TIGRA RESERVOIR, M.P.",Sankh,MADHYA PRADESH,"Table 4.1: Water Quality of tributary streams Gandak, Sikrahna(Buddhi Gandak), Burhi Gandak, Sirsiya (Ganga), Harbora, Koshi (Bihar), Daha, Dhos, Ramrekha,",26,16,25,7.0,7.9,7.0,7.7,128,620,1.4,1.8,0.70,1.31,2,7,12,26,,
2024,1075,"RIVER SONE AT KOILWAR, NEAR MANDIR, BHOJPUR",Sone,BIHAR,"Table 4.1: Water Quality of tributary streams Gandak, Sikrahna(Buddhi Gandak), Burhi Gandak, Sirsiya (Ganga), Harbora, Koshi (Bihar), Daha, Dhos, Ramrekha,",26,15,29,7.3,8.6,7.3,7.7,141,253,1.0,2.4,0.30,1.28,1300,22000,1700,35000,2,12
2024,3127,"RIVER SONE AT BAHIYARA, BHOJPUR",Sone,BIHAR,"Table 4.1: Water Quality of tributary streams Gandak, Sikrahna(Buddhi Gandak), Burhi Gandak, Sirsiya (Ganga), Harbora, Koshi (Bihar), Daha, Dhos, Ramrekha,",26,15,32,7.8,8.9,7.2,7.8,180,280,1.0,2.9,0.30,0.35,2400,22000,3500,28000,2,70
2024,4913,RIVER SONE AT ARWAL NEAR BALUGHAT (SAHAR),Sone,BIHAR,"Table 4.1: Water Quality of tributary streams Gandak, Sikrahna(Buddhi Gandak), Burhi Gandak, Sirsiya (Ganga), Harbora, Koshi (Bihar), Daha, Dhos, Ramrekha,",26,17,32,6.5,10.2,7.0,7.8,135,390,1.1,3.3,0.30,0.71,490,54000,790,92000,2,49
2024,3128,"RIVER SONE AT NASIRIGANJ DAM, ROHTAS",Sone,BIHAR,"Table 4.1: Water Quality of tributary streams Gandak, Sikrahna(Buddhi Gandak), Burhi Gandak, Sirsiya (Ganga), Harbora, Koshi (Bihar), Daha, Dhos, Ramrekha,",26,17,34,6.8,9.5,7.3,7.8,113,360,1.0,2.2,0.30,1.38,110,13000,170,17000,2,20
2024,4298,"RIVER SONE AT ROAD BRIDGE-DEHRI-ON-SONE, ROHTAS",Sone,BIHAR,"Table 4.1: Water Quality of tributary streams Gandak, Sikrahna(Buddhi Gandak), Burhi Gandak, Sirsiya (Ganga), Harbora, Koshi (Bihar), Daha, Dhos, Ramrekha,",26,17,35,7.2,9.8,7.1,7.8,111,310,1.0,2.4,0.30,0.54,17,54000,22,160000,2,140
2024,2556,"RIVER SONE AT INDRAPURI DAM, DEHRI ON SONE, ROHTAS",Sone,BIHAR,"Table 4.1: Water Quality of tributary streams Gandak, Sikrahna(Buddhi Gandak), Burhi Gandak, Sirsiya (Ganga), Harbora, Koshi (Bihar), Daha, Dhos, Ramrekha,",26,17,33,7.2,9.3,7.3,8.0,116,390,1.0,4.2,0.30,0.75,45,54000,68,92000,2,79
2024,4407,"RIVER SONE AT WATER INTAKE POINT BHARTIYA RAIL BIJALI CO. LTD (BRBCL) NAVINAGAR, AURANGABAD",Sone,BIHAR,"Table 4.1: Water Quality of tributary streams Gandak, Sikrahna(Buddhi Gandak), Burhi Gandak, Sirsiya (Ganga), Harbora, Koshi (Bihar), Daha, Dhos, Ramrekha,",26,16,35,7.1,9.6,7.3,8.0,104,375,1.0,2.0,0.30,0.65,13,92000,23,160000,2,540
2024,3121,"RIVER SONE AT BANJARI NEAR BANJARI NEAR SUN TEMPLE KALYANPUR, ROHTAS",Sone,BIHAR,"Table 4.1: Water Quality of tributary streams Gandak, Sikrahna(Buddhi Gandak), Burhi Gandak, Sirsiya (Ganga), Harbora, Koshi (Bihar), Daha, Dhos, Ramrekha,",26,18,35,7.2,10.5,7.1,7.8,123,426,1.0,2.6,0.30,0.87,45,54000,78,160000,2,110
2024,30081,"RIVER SONE AT ROAD BRIDGE CHOPAN,DIST- SONEBHADRA (U.P.)",Sone,UTTAR PRADESH,"Table 4.1: Water Quality of tributary streams Gandak, Sikrahna(Buddhi Gandak), Burhi Gandak, Sirsiya (Ganga), Harbora, Koshi (Bihar), Daha, Dhos, Ramrekha,",26,18,33,7.0,10.2,7.1,8.3,128,260,1.0,2.7,0.32,0.57,2,330000,6800,1300000,,
2024,30082,"RIVER SONE UPSTREAM TOWARDS DEORA, DIST- SINGRAULI (M. P.)",Sone,MADHYA PRADESH,"Table 4.1: Water Quality of tributary streams Gandak, Sikrahna(Buddhi Gandak), Burhi Gandak, Sirsiya (Ganga), Harbora, Koshi (Bihar), Daha, Dhos, Ramrekha,",26,18,33,7.5,9.8,7.5,8.3,117,258,1.0,2.2,0.32,0.32,2,490000,2000,2200000,,
2024,4604,"RIVER SONE AT VILLAGE- KHAIRPUR,(KUDHERI) M.P- U.P.BOUNDARY, DISTT SIDHI",Sone,MADHYA PRADESH,"Table 4.1: Water Quality of tributary streams Gandak, Sikrahna(Buddhi Gandak), Burhi Gandak, Sirsiya (Ganga), Harbora, Koshi (Bihar), Daha, Dhos, Ramrekha,",26,21,29,7.0,7.7,7.3,8.1,288,592,1.2,1.4,0.88,1.11,2,2,41,48,2,2
2024,3834,"RIVER SONE AT CHITAWAL NEAR ROAD BRIDGE CHITRANGI, DIST SINGROULI",Sone,MADHYA PRADESH,"Table 4.1: Water Quality of tributary streams Gandak, Sikrahna(Buddhi Gandak), Burhi Gandak, Sirsiya (Ganga), Harbora, Koshi (Bihar), Daha, Dhos, Ramrekha,",26,27,27,7.5,7.5,8.4,8.4,590,590,2.3,2.3,4.14,4.14,2,2,75,75,,
2024,3836,"RIVER SONE ON KACHAN DAM NEAR IMILYA NORTH COAL MINES VILL MAJHOULI, DIST SINGROULI",Sone,MADHYA PRADESH,"Table 4.1: Water Quality of tributary streams Gandak, Sikrahna(Buddhi Gandak), Burhi Gandak, Sirsiya (Ganga), Harbora, Koshi (Bihar), Daha, Dhos, Ramrekha,",26,30,30,6.5,6.5,8.6,8.6,492,492,2.8,2.8,1.77,1.77,2,2,49,49,,
2024,3851,"RIVER SONE NEAR BHANVARSEN ROAD BRIDGE AFTER CONFLUENCE OF BANAS RIVER, DIST SIDHI",Sone,MADHYA PRADESH,"Table 4.1: Water Quality of tributary streams Gandak, Sikrahna(Buddhi Gandak), Burhi Gandak, Sirsiya (Ganga), Harbora, Koshi (Bihar), Daha, Dhos, Ramrekha,",26,22,29,7.2,7.7,7.2,7.9,298,368,1.2,1.4,0.81,1.12,2,2,43,47,2,2
2024,3329,"RIVER SONE AT CHURHAT,DISTT.SIDHI",Sone,MADHYA PRADESH,"Table 4.1: Water Quality of tributary streams Gandak, Sikrahna(Buddhi Gandak), Burhi Gandak, Sirsiya (Ganga), Harbora, Koshi (Bihar), Daha, Dhos, Ramrekha,",26,21,30,7.0,7.6,7.2,7.8,292,474,1.2,1.6,0.91,1.17,2,2,33,58,2,2
2024,3852,"BANSAGAR CANAL AT SON RIVER, WATER SAMPLE AT BAGHWAR VILLAGE, NEAR TOL PLAZA, DIST SIDHI",Bansagar Canal,MADHYA PRADESH,"Table 4.1: Water Quality of tributary streams Gandak, Sikrahna(Buddhi Gandak), Burhi Gandak, Sirsiya (Ganga), Harbora, Koshi (Bihar), Daha, Dhos, Ramrekha,",26,19,29,7.2,7.4,7.7,8.2,279,316,1.0,1.3,0.84,1.07,2,2,40,41,2,2
2024,1612,"RIVER SONE AT DEVLOAD OUT LET OF BANSAGAR DAM, M.P",Sone,MADHYA PRADESH,"Table 4.1: Water Quality of tributary streams Gandak, Sikrahna(Buddhi Gandak), Burhi Gandak, Sirsiya (Ganga), Harbora, Koshi (Bihar), Daha, Dhos, Ramrekha,",26,21,31,6.9,7.9,7.3,7.9,191,414,1.0,1.7,0.32,0.38,2,2,27,50,,
2024,1371,"RIVER SONE AT AMLAI, M.P.",Sone,MADHYA PRADESH,"Table 4.1: Water Quality of tributary streams Gandak, Sikrahna(Buddhi Gandak), Burhi Gandak, Sirsiya (Ganga), Harbora, Koshi (Bihar), Daha, Dhos, Ramrekha,",26,20,31,6.9,7.9,6.9,8.0,219,4136,1.2,1.8,0.32,0.42,2,2,31,80,,
2024,3846,"RIVER SONE AT JARWAHI NEAR ROAD BRIDGE, SHAHDOL",Sone,MADHYA PRADESH,"Table 4.1: Water Quality of tributary streams Gandak, Sikrahna(Buddhi Gandak), Burhi Gandak, Sirsiya (Ganga), Harbora, Koshi (Bihar), Daha, Dhos, Ramrekha,",26,20,31,6.8,8.0,6.8,8.3,213,409,1.0,2.3,0.32,1.36,2,2,37,110,,
2024,3327,"RIVER SONE AT BHATURAGHAT NEAR ROAD BRIDGE, AMLAI",Sone,MADHYA PRADESH,"Table 4.1: Water Quality of tributary streams Gandak, Sikrahna(Buddhi Gandak), Burhi Gandak, Sirsiya (Ganga), Harbora, Koshi (Bihar), Daha, Dhos, Ramrekha,",26,20,31,6.7,7.5,7.2,8.1,241,4362,1.1,1.8,0.35,0.92,2,2,37,84,2,2
2024,1142,"RIVER SONE AT CHACHAI, M.P.",Sone,MADHYA PRADESH,"Table 3.3: Water Quality of tributary streams Barakar, Damodar, Jamunia, Katri, Galudih, Mathabhanga, Churni, Dwarakeshwar, Jalangi, Rupnarayan, Dwarka,",27,20,30,6.8,8.0,7.1,7.9,211,2484,1.2,1.7,0.32,0.40,2,2,31,84,2,2
2024,1610,"RIVER SONE AT ORIGIN AMARKANTAK, M.P",Sone,MADHYA PRADESH,"Table 3.3: Water Quality of tributary streams Barakar, Damodar, Jamunia, Katri, Galudih, Mathabhanga, Churni, Dwarakeshwar, Jalangi, Rupnarayan, Dwarka,",27,20,31,6.7,6.9,6.5,7.4,178,1894,1.0,1.1,0.32,0.36,2,2,2,13,,
2024,1611,"RIVER JOHILA NEAR NAROJABAD NEAR UMARIA ROAD BRIDGE, M.P",Johila,MADHYA PRADESH,"Table 3.3: Water Quality of tributary streams Barakar, Damodar, Jamunia, Katri, Galudih, Mathabhanga, Churni, Dwarakeshwar, Jalangi, Rupnarayan, Dwarka,",27,20,30,1.4,7.9,7.5,8.2,206,3872,1.1,1.7,0.32,0.54,2,2,31,73,2,2
2024,2116,RIVER BEEHAR D/S NEAR FOREST OFFICE,Beehar,MADHYA PRADESH,"Table 3.3: Water Quality of tributary streams Barakar, Damodar, Jamunia, Katri, Galudih, Mathabhanga, Churni, Dwarakeshwar, Jalangi, Rupnarayan, Dwarka,",27,20,31,6.8,7.5,7.6,8.4,262,588,1.4,1.8,0.89,1.26,2,4,43,130,2,2
2024,1608,"RIVER SINDH AT DABRA, M.P",Sindh,MADHYA PRADESH,"Table 3.3: Water Quality of tributary streams Barakar, Damodar, Jamunia, Katri, Galudih, Mathabhanga, Churni, Dwarakeshwar, Jalangi, Rupnarayan, Dwarka,",27,16,25,7.2,7.9,6.6,7.6,300,620,1.6,1.7,0.51,1.50,2,6,12,26,,
2024,3306,"RIVER CHOUPAN U/S AT VIJAYPUR , GUNA",Choupan,MADHYA PRADESH,"Table 3.3: Water Quality of tributary streams Barakar, Damodar, Jamunia, Katri, Galudih, Mathabhanga, Churni, Dwarakeshwar, Jalangi, Rupnarayan, Dwarka,",27,21,26,7.0,7.9,7.2,7.6,340,620,1.2,1.8,0.53,1.50,2,6,23,28,,
2024,3307,"RIVER CHOUPAN D/S AFTER NFL NALLA, AT VIJAYPUR ,GUNA",Choupan,MADHYA PRADESH,"Table 3.3: Water Quality of tributary streams Barakar, Damodar, Jamunia, Katri, Galudih, Mathabhanga, Churni, Dwarakeshwar, Jalangi, Rupnarayan, Dwarka,",27,20,26,7.1,7.7,7.2,7.6,305,620,1.2,1.9,0.36,1.50,2,6,24,29,,
2024,3311,"RIVER JAMUNI AT BARIYAGHAT U/S NEAR INTAKE POINT, TIKAMGARH",Jamuni,MADHYA PRADESH,"Table 3.3: Water Quality of tributary streams Barakar, Damodar, Jamunia, Katri, Galudih, Mathabhanga, Churni, Dwarakeshwar, Jalangi, Rupnarayan, Dwarka,",27,18,31,6.9,7.5,7.0,8.2,274,2964,1.2,1.9,0.32,0.44,2,2,34,46,2,2
2024,2396,RIVER JUMAR AT KANKE DAM,Jumar,JHARKHAND,"Table 3.3: Water Quality of tributary streams Barakar, Damodar, Jamunia, Katri, Galudih, Mathabhanga, Churni, Dwarakeshwar, Jalangi, Rupnarayan, Dwarka,",27,9,26,5.4,7.3,6.5,7.6,,,2.0,2.8,,,,,,,,
2024,4085,"RIVER JUMAR AT BIT MESRA, RANCHI",Jumar,JHARKHAND,"Table 3.3: Water Quality of tributary streams Barakar, Damodar, Jamunia, Katri, Galudih, Mathabhanga, Churni, Dwarakeshwar, Jalangi, Rupnarayan, Dwarka,",27,10,27,3.4,6.0,6.5,6.6,,,1.6,2.6,,,,,,,,
2024,2401,RIVER AJAY AT MASANJORE DAM,Ajay,JHARKHAND,"Table 3.3: Water Quality of tributary streams Barakar, Damodar, Jamunia, Katri, Galudih, Mathabhanga, Churni, Dwarakeshwar, Jalangi, Rupnarayan, Dwarka,",27,17,30,6.2,9.2,7.3,8.5,104,138,1.1,1.3,,,,,,,,
2024,2390,RIVER KONAR AT TENUGHAT DAM,Konar,JHARKHAND,"Table 3.3: Water Quality of tributary streams Barakar, Damodar, Jamunia, Katri, Galudih, Mathabhanga, Churni, Dwarakeshwar, Jalangi, Rupnarayan, Dwarka,",27,15,30,7.6,7.7,7.4,7.6,,,1.0,1.6,,,,,,,,
2024,3554,"RIVER KONAR NEAR SWANG COAL WASHERY, BOKARO",Konar,JHARKHAND,"Table 3.3: Water Quality of tributary streams Barakar, Damodar, Jamunia, Katri, Galudih, Mathabhanga, Churni, Dwarakeshwar, Jalangi, Rupnarayan, Dwarka,",27,19,32,7.2,7.6,7.3,7.6,,,1.2,2.2,,,,,,,,
2024,4000,RIVER GARGA NEAR TELMUCHO BRIDGE,Garga,JHARKHAND,"Table 3.3: Water Quality of tributary streams Barakar, Damodar, Jamunia, Katri, Galudih, Mathabhanga, Churni, Dwarakeshwar, Jalangi, Rupnarayan, Dwarka,",27,18,37,6.2,7.5,7.2,7.6,,,1.8,3.0,,,,,,,,
2024,2381,RIVER BOKARO AT ZARANGDIH BRIDGE,Bokaro,JHARKHAND,"Table 3.3: Water Quality of tributary streams Barakar, Damodar, Jamunia, Katri, Galudih, Mathabhanga, Churni, Dwarakeshwar, Jalangi, Rupnarayan, Dwarka,",27,19,32,7.2,7.6,7.3,7.5,,,1.4,2.6,,,,,,,,
2024,4490,RIVER KURWA DUMKA WATER INTAKE POINT,,JHARKHAND,"Table 3.3: Water Quality of tributary streams Barakar, Damodar, Jamunia, Katri, Galudih, Mathabhanga, Churni, Dwarakeshwar, Jalangi, Rupnarayan, Dwarka,",27,17,28,6.5,8.1,7.2,7.7,116,132,1.1,1.3,,,,,,,,
2024,4745,RIVER KHARKHAI BEFORE MEETING SWARNREKHA RIVER,Kharkhai,JHARKHAND,"Table 3.3: Water Quality of tributary streams Barakar, Damodar, Jamunia, Katri, Galudih, Mathabhanga, Churni, Dwarakeshwar, Jalangi, Rupnarayan, Dwarka,",27,18,36,4.4,7.2,6.6,7.7,238,276,2.2,4.2,,,,,,,,
2024,4747,"RIVER KOINA RIVER, MANOHARPUR, W.S",,JHARKHAND,"Table 3.3: Water Quality of tributary streams Barakar, Damodar, Jamunia, Katri, Galudih, Mathabhanga, Churni, Dwarakeshwar, Jalangi, Rupnarayan, Dwarka,",27,19,39,6.6,7.7,7.3,7.8,190,264,1.0,2.6,,,,,,,,
2024,2567,RIVER KAMALA AT BENIPATTI (MADHUBANI),Kamala,BIHAR,"Table 3.3: Water Quality of tributary streams Barakar, Damodar, Jamunia, Katri, Galudih, Mathabhanga, Churni, Dwarakeshwar, Jalangi, Rupnarayan, Dwarka,",27,15,28,7.1,8.0,7.1,7.7,209,432,1.0,2.3,0.30,0.39,2,54000,2,160000,2,94
2024,2569,"RIVER KAMALA AT GAUSAGHAT, DARBHANGA",Kamala,BIHAR,"Table 3.3: Water Quality of tributary streams Barakar, Damodar, Jamunia, Katri, Galudih, Mathabhanga, Churni, Dwarakeshwar, Jalangi, Rupnarayan, Dwarka,",27,13,29,6.4,7.8,7.3,7.9,178,574,1.3,2.6,0.30,0.39,2200,35000,2800,92000,2,110
2024,3133,"RIVER KAMALA AT KAMALA GHAT NEAR BARRAGE ATJAYNAGAR , MADHUBANI",Kamala,BIHAR,"Table 3.3: Water Quality of tributary streams Barakar, Damodar, Jamunia, Katri, Galudih, Mathabhanga, Churni, Dwarakeshwar, Jalangi, Rupnarayan, Dwarka,",27,16,29,6.8,8.1,7.0,8.1,240,402,1.2,2.1,0.30,0.36,130,17000,170,22000,2,4
2024,4299,"RIVER KAMALA (BIHAR) AT JEEWACH GHAT, DARBHANGA",Kamala,BIHAR,"Table 3.3: Water Quality of tributary streams Barakar, Damodar, Jamunia, Katri, Galudih, Mathabhanga, Churni, Dwarakeshwar, Jalangi, Rupnarayan, Dwarka,",27,17,29,6.2,7.7,7.4,7.7,211,563,1.1,2.9,0.30,0.80,33,17000,49,24000,2,4
2024,2572,"RIVER MAHANANDA AT THAKURGANJ, KISHANGANJ ROAD BRIDGE, KISHANGANJ Bindyadhari, Kansi, Mahananda, Mechi, Balason, Silabati, Mayurakshi, Haldi and Rasulpur - 2024",Mahananda,BIHAR,"Table 3.3: Water Quality of tributary streams Barakar, Damodar, Jamunia, Katri, Galudih, Mathabhanga, Churni, Dwarakeshwar, Jalangi, Rupnarayan, Dwarka,",27,15,32,7.3,8.2,7.1,7.6,82,272,1.0,2.4,0.30,0.56,140,35000,260,54000,2,94
2024,1336,"RIVER BARAKAR AT ASANSOL (WATER INTAKE POINT), BURDWAN,WEST BENGAL",Barakar,WEST BENGAL,"Table 3.3: Water Quality of tributary streams Barakar, Damodar, Jamunia, Katri, Galudih, Mathabhanga, Churni, Dwarakeshwar, Jalangi, Rupnarayan, Dwarka,",28,20,36,7.4,8.9,6.4,8.1,179,397,2.2,2.6,0.51,3.77,1100,3200,2200,7000,14,26
2024,2392,RIVER BARAKAR AT MAITHAN DAM,Barakar,JHARKHAND,"Table 3.3: Water Quality of tributary streams Barakar, Damodar, Jamunia, Katri, Galudih, Mathabhanga, Churni, Dwarakeshwar, Jalangi, Rupnarayan, Dwarka,",28,16,29,7.4,7.9,7.4,7.7,,,1.3,1.9,,,,,,,,
2024,1331,"RIVER DAMODAR AT DISHERGARH VILL.(NR.BIHAR- WEST BENGAL BORDER) , BURDWAN,WEST BENGAL",Damodar,WEST BENGAL,"Table 3.3: Water Quality of tributary streams Barakar, Damodar, Jamunia, Katri, Galudih, Mathabhanga, Churni, Dwarakeshwar, Jalangi, Rupnarayan, Dwarka,",28,21,37,7.4,8.9,6.7,7.9,191,322,1.8,2.5,0.33,1.22,1100,3400,1700,7900,11,24
2024,1332,"RIVER DAMODAR AT D/S OF IISCO AFTER 3RD OUTFALL AT DHENNA VILLAGE, BURDWAN,WEST BENGAL",Damodar,WEST BENGAL,"Table 3.3: Water Quality of tributary streams Barakar, Damodar, Jamunia, Katri, Galudih, Mathabhanga, Churni, Dwarakeshwar, Jalangi, Rupnarayan, Dwarka,",28,21,37,7.3,8.9,7.0,7.8,213,399,2.0,2.5,0.69,1.79,1400,2600,1700,4000,14,27
2024,1333,"RIVER DAMODAR AT NARAINPUR AFTER CONFL. OF NUNIA NALLAH, BURDWAN,WEST BENGAL",Damodar,WEST BENGAL,"Table 3.3: Water Quality of tributary streams Barakar, Damodar, Jamunia, Katri, Galudih, Mathabhanga, Churni, Dwarakeshwar, Jalangi, Rupnarayan, Dwarka,",28,19,35,7.3,8.8,7.5,8.3,219,469,2.0,2.7,0.86,4.76,1400,2700,2100,4300,14,27
2024,1334,"RIVER DAMODAR NEAR MUJHER MANA VILLAGE AFTER CONF. OF TAMLA NALLAH, BURDWAN,WEST BENGAL",Damodar,WEST BENGAL,"Table 3.3: Water Quality of tributary streams Barakar, Damodar, Jamunia, Katri, Galudih, Mathabhanga, Churni, Dwarakeshwar, Jalangi, Rupnarayan, Dwarka,",28,18,33,6.6,8.7,7.1,7.8,205,707,2.4,3.0,0.30,8.82,1100,2600,2100,3900,11,27
2024,2382,RIVER DAMODAR AT PHUSRO ROAD BRIDGE,Damodar,JHARKHAND,"Table 3.3: Water Quality of tributary streams Barakar, Damodar, Jamunia, Katri, Galudih, Mathabhanga, Churni, Dwarakeshwar, Jalangi, Rupnarayan, Dwarka,",28,17,30,7.4,7.6,7.4,7.5,,,1.6,2.9,,,,,,,,
2024,2383,RIVER DAMODAR U/S JAMADOBA WATER WORKS,Damodar,JHARKHAND,"Table 3.3: Water Quality of tributary streams Barakar, Damodar, Jamunia, Katri, Galudih, Mathabhanga, Churni, Dwarakeshwar, Jalangi, Rupnarayan, Dwarka,",28,21,34,7.5,7.9,7.3,7.5,,,1.8,2.4,,,,,,,,
2024,2384,RIVER DAMODAR AT DOMGARH WATER WORKS D/S SINDRI,Damodar,JHARKHAND,"Table 3.3: Water Quality of tributary streams Barakar, Damodar, Jamunia, Katri, Galudih, Mathabhanga, Churni, Dwarakeshwar, Jalangi, Rupnarayan, Dwarka,",28,23,35,7.3,7.8,7.4,7.6,,,1.6,2.4,,,,,,,,
2024,2391,RIVER DAMODAR AT PANCHET DAM,Damodar,JHARKHAND,"Table 3.3: Water Quality of tributary streams Barakar, Damodar, Jamunia, Katri, Galudih, Mathabhanga, Churni, Dwarakeshwar, Jalangi, Rupnarayan, Dwarka,",28,17,30,7.2,7.8,7.3,7.6,,,1.4,2.1,,,,,,,,
2024,2527,"RIVER WATER INTAKE POINT FOR BURDWAN TOWN, BURDWAN",,WEST BENGAL,"Table 3.3: Water Quality of tributary streams Barakar, Damodar, Jamunia, Katri, Galudih, Mathabhanga, Churni, Dwarakeshwar, Jalangi, Rupnarayan, Dwarka,",28,15,32,7.3,9.0,7.0,8.4,186,487,2.0,2.5,0.45,8.65,930,2200,1100,3300,11,22
2024,3553,RIVER DAMODAR NEAR TELMUCHO BRIDGE,Damodar,JHARKHAND,"Table 3.3: Water Quality of tributary streams Barakar, Damodar, Jamunia, Katri, Galudih, Mathabhanga, Churni, Dwarakeshwar, Jalangi, Rupnarayan, Dwarka,",28,18,38,7.2,8.2,7.5,7.6,,,1.9,2.8,,,,,,,,
2024,3555,"RIVER DAMODAR NEAR ZARANGDIH BRIDGE, BOKARO",Damodar,JHARKHAND,"Table 3.3: Water Quality of tributary streams Barakar, Damodar, Jamunia, Katri, Galudih, Mathabhanga, Churni, Dwarakeshwar, Jalangi, Rupnarayan, Dwarka,",28,18,31,7.4,7.8,7.5,7.6,,,1.4,2.9,,,,,,,,
2024,3556,"RIVER DAMODAR AT CONFLUENCE OF BOKARO & DAMODAR NEAR ZARANGDIH BRIDGE, BOKARO",Damodar,JHARKHAND,"Table 3.3: Water Quality of tributary streams Barakar, Damodar, Jamunia, Katri, Galudih, Mathabhanga, Churni, Dwarakeshwar, Jalangi, Rupnarayan, Dwarka,",28,19,30,7.4,7.5,7.2,7.5,,,1.4,2.7,,,,,,,,
2024,3557,"RIVER DAMODAR NEAR BERMO RAILWAY STATION, BOKARO",Damodar,JHARKHAND,"Table 3.3: Water Quality of tributary streams Barakar, Damodar, Jamunia, Katri, Galudih, Mathabhanga, Churni, Dwarakeshwar, Jalangi, Rupnarayan, Dwarka,",28,18,30,7.4,7.6,7.3,7.6,,,1.5,2.8,,,,,,,,
2024,4083,"RIVER DAMODAR NEAR ROHINI PROJECT, NK AREA, PO-DAKRA, RANCHI",Damodar,JHARKHAND,"Table 3.3: Water Quality of tributary streams Barakar, Damodar, Jamunia, Katri, Galudih, Mathabhanga, Churni, Dwarakeshwar, Jalangi, Rupnarayan, Dwarka,",28,10,28,7.0,8.0,6.6,7.4,,,2.0,3.0,,,,,,,,
2024,30066,RIVER DAMODAR AT SINDRI,Damodar,JHARKHAND,"Table 3.3: Water Quality of tributary streams Barakar, Damodar, Jamunia, Katri, Galudih, Mathabhanga, Churni, Dwarakeshwar, Jalangi, Rupnarayan, Dwarka,",28,25,31,7.3,12.5,6.4,8.8,205,515,1.0,2.0,0.32,0.71,130,2800,780,22000,45,330
2024,30065,RIVER DAMODAR AT DISHERGARH (WEST BENGAL),Damodar,WEST BENGAL,"Table 3.3: Water Quality of tributary streams Barakar, Damodar, Jamunia, Katri, Galudih, Mathabhanga, Churni, Dwarakeshwar, Jalangi, Rupnarayan, Dwarka,",28,20,30,7.1,9.5,7.3,8.3,164,300,1.0,2.0,0.32,0.38,170,5400,780,92000,45,460
2024,10107,"RIVER DAMODAR AT ANDAL U/S, BURDWAN",Damodar,WEST BENGAL,"Table 3.3: Water Quality of tributary streams Barakar, Damodar, Jamunia, Katri, Galudih, Mathabhanga, Churni, Dwarakeshwar, Jalangi, Rupnarayan, Dwarka,",28,19,35,7.2,9.2,7.4,8.0,272,780,2.2,2.9,0.62,3.16,1400,2600,2100,7000,17,26
2024,10108,"RIVER DAMODAR AT ANDAL D/S, BURDWAN",Damodar,WEST BENGAL,"Table 3.3: Water Quality of tributary streams Barakar, Damodar, Jamunia, Katri, Galudih, Mathabhanga, Churni, Dwarakeshwar, Jalangi, Rupnarayan, Dwarka,",28,19,35,7.1,8.9,7.3,8.3,252,504,2.1,2.7,0.78,3.62,1100,2600,2200,4900,11,26
2024,10109,"RIVER DAMODAR AT ASANSOL U/S, BURDWAN",Damodar,WEST BENGAL,"Table 3.3: Water Quality of tributary streams Barakar, Damodar, Jamunia, Katri, Galudih, Mathabhanga, Churni, Dwarakeshwar, Jalangi, Rupnarayan, Dwarka,",28,19,37,7.4,9.0,7.3,7.9,185,353,1.6,2.1,0.70,1.96,1300,2600,1700,4600,13,27
2024,10110,"RIVER DAMODAR AT DURGAPUR U/S, BURDWAN",Damodar,WEST BENGAL,"Table 3.3: Water Quality of tributary streams Barakar, Damodar, Jamunia, Katri, Galudih, Mathabhanga, Churni, Dwarakeshwar, Jalangi, Rupnarayan, Dwarka,",28,19,34,7.2,8.8,7.4,8.7,251,542,2.1,2.7,0.65,4.46,1100,2500,1700,3300,17,27
2024,10111,"RIVER DAMODAR AT RANIGANJ D/S, BURDWAN",Damodar,WEST BENGAL,"Table 3.3: Water Quality of tributary streams Barakar, Damodar, Jamunia, Katri, Galudih, Mathabhanga, Churni, Dwarakeshwar, Jalangi, Rupnarayan, Dwarka,",28,18,34,7.1,8.9,7.3,8.2,313,487,2.0,2.8,0.85,4.03,1700,2600,2200,3900,14,27
2024,4738,"RIVER JAMUNIA NEAR LOHAPATTI BRIDGE, MAHUDA, DHANBAD",Jamunia,JHARKHAND,"Table 3.4: Water Quality of tributray streams Banas, Piplad, Kothari, Bereach, Gambhiri, Chappi, Ujad and Kelwara - 2024",29,20,36,7.0,7.6,7.3,7.6,,,2.2,2.9,,,,,,,,
2024,4739,"RIVER KATRI RIVER, NEAR BHATINDA FALL, AT- TETENGABAD, MOONIDIH, DHANBAD",,JHARKHAND,"Table 3.4: Water Quality of tributray streams Banas, Piplad, Kothari, Bereach, Gambhiri, Chappi, Ujad and Kelwara - 2024",29,17,36,6.0,7.5,7.2,7.5,,,1.8,2.4,,,,,,,,
2024,4742,"RIVER GALUDIH BARRAGE, GALUDIH, E.S",,JHARKHAND,"Table 3.4: Water Quality of tributray streams Banas, Piplad, Kothari, Bereach, Gambhiri, Chappi, Ujad and Kelwara - 2024",29,19,40,7.0,7.9,7.0,7.9,196,236,1.0,2.2,,,,,,,,
2024,2517,"RIVER MATHABHANGA, GOBINDAPUR, NADIA",,WEST BENGAL,"Table 3.4: Water Quality of tributray streams Banas, Piplad, Kothari, Bereach, Gambhiri, Chappi, Ujad and Kelwara - 2024",29,22,34,1.2,5.3,6.6,7.9,258,889,2.3,4.1,0.35,1.17,17000,110000,49000,240000,940,3500
2024,30064,RIVER MATHABHANGA AT GOVINDPUR (WEST BENGAL),Mathabhanga,WEST BENGAL,"Table 3.4: Water Quality of tributray streams Banas, Piplad, Kothari, Bereach, Gambhiri, Chappi, Ujad and Kelwara - 2024",29,20,31,0.3,1.9,7.1,7.6,238,767,3.0,26.0,0.32,0.32,2800,160000,79000,920000,270,1400
2024,1764,"RIVER CHURNI D/S OF RANAGHAT TOWN, WEST BENGAL",Churni,WEST BENGAL,"Table 3.4: Water Quality of tributray streams Banas, Piplad, Kothari, Bereach, Gambhiri, Chappi, Ujad and Kelwara - 2024",29,21,32,1.6,5.8,6.8,7.9,318,913,2.1,3.1,0.30,2.51,9400,28000,33000,79000,700,1700
2024,2518,"RIVER CHURNI, MAJHADIA, NADIA",,WEST BENGAL,"Table 3.4: Water Quality of tributray streams Banas, Piplad, Kothari, Bereach, Gambhiri, Chappi, Ujad and Kelwara - 2024",29,21,33,1.3,5.6,6.7,7.9,257,854,2.3,3.5,0.30,1.15,2400,17000,13000,79000,430,1300
2024,2541,"RIVER DWARAKESHWAR WATER INTAKE POINT FOR BANKURA TOWN ON DWARAKESHWAR, BANKURA",Dwarakeshwar Water Intake Point For Bankura Town,WEST BENGAL,"Table 3.4: Water Quality of tributray streams Banas, Piplad, Kothari, Bereach, Gambhiri, Chappi, Ujad and Kelwara - 2024",29,19,34,7.3,8.9,7.3,8.3,234,455,2.0,2.6,0.30,1.35,1700,3300,2100,8400,17,27
2024,2514,"RIVER JALANGI, D/S OF KRISHNA NAGAR, NADIA",,WEST BENGAL,"Table 3.4: Water Quality of tributray streams Banas, Piplad, Kothari, Bereach, Gambhiri, Chappi, Ujad and Kelwara - 2024",29,21,34,1.9,8.7,7.0,7.8,300,764,1.8,2.9,0.30,1.02,2200,5400,7900,33000,140,490
2024,1337,"RIVER RUPNARAYAN BEFORE CONFL. TO GANGA NEAR GEONKHALI,MEDINIPORE€, WEST BENGAL",Rupnarayan,WEST BENGAL,"Table 3.4: Water Quality of tributray streams Banas, Piplad, Kothari, Bereach, Gambhiri, Chappi, Ujad and Kelwara - 2024",29,22,34,5.0,7.2,7.7,8.4,441,5471,1.0,2.9,0.30,2.13,3300,14000,7000,22000,110,490
2024,2509,"RIVER D/S OF RUPNARAYAN AT KOLAGHAT, NEAR KOLAGHAT RAIL BRIDGE NO.3,MEDINIPORE€",River,WEST BENGAL,"Table 3.4: Water Quality of tributray streams Banas, Piplad, Kothari, Bereach, Gambhiri, Chappi, Ujad and Kelwara - 2024",29,20,34,5.2,8.6,7.4,8.6,222,2130,1.1,2.6,0.30,2.03,2300,7900,4600,11000,68,230
2024,2531,"RIVER U/S OF TARAPITH ON DWARKA AT SADHAK BAMDEB GHAT, BIRBHUM",River,WEST BENGAL,"Table 3.4: Water Quality of tributray streams Banas, Piplad, Kothari, Bereach, Gambhiri, Chappi, Ujad and Kelwara - 2024",29,18,35,1.2,10.2,7.2,8.6,179,777,2.5,7.4,0.42,5.97,1700,3300,3400,7900,17,33
2024,2532,"RIVER D/S OF TARAPITH ON DWARKA, SATIGHAT",River,WEST BENGAL,"Table 3.4: Water Quality of tributray streams Banas, Piplad, Kothari, Bereach, Gambhiri, Chappi, Ujad and Kelwara - 2024",29,18,36,3.5,10.5,6.9,8.0,168,1054,2.7,9.3,0.66,2.44,2100,3900,3900,9400,17,33
2024,2549,"RIVER U/S OF BINDYADHARI AT HAROA BRIDGE, 24 PARGANAS(N)",River,WEST BENGAL,"Table 3.4: Water Quality of tributray streams Banas, Piplad, Kothari, Bereach, Gambhiri, Chappi, Ujad and Kelwara - 2024",29,18,33,0.3,2.0,7.2,7.7,570,4378,6.2,15.7,0.64,1.79,7800,170000,33000,240000,230,5400
2024,2550,RIVER D/S OF BIDYADHARI AT MALANCHA BURNING GHAT,River,WEST BENGAL,"Table 3.4: Water Quality of tributray streams Banas, Piplad, Kothari, Bereach, Gambhiri, Chappi, Ujad and Kelwara - 2024",29,20,32,0.6,1.8,7.1,7.7,1029,34920,4.4,16.8,0.51,2.99,6800,94000,11000,170000,270,2400
2024,2507,"RIVER D/S OF KANSI AT MIDNAPORE, NEAR NEW HANUMAN MANDIR, GANDHIGHAT, MEDINIPORE(W)",River,WEST BENGAL,"Table 3.4: Water Quality of tributray streams Banas, Piplad, Kothari, Bereach, Gambhiri, Chappi, Ujad and Kelwara - 2024",29,16,33,5.3,8.9,6.8,8.4,209,552,1.3,2.7,0.30,0.73,2200,17000,4600,22000,68,490
2024,1946,"RIVER MAHANANDA AT SILIGURI, DARJEELING",Mahananda,WEST BENGAL,"Table 3.4: Water Quality of tributray streams Banas, Piplad, Kothari, Bereach, Gambhiri, Chappi, Ujad and Kelwara - 2024",29,21,32,5.4,7.7,6.5,7.6,97,195,1.0,3.0,0.30,6.34,13000,240000,30000,900000,49,540
2024,4727,RIVER MECHI AT NEHALJOTE,Mechi,WEST BENGAL,"Table 3.4: Water Quality of tributray streams Banas, Piplad, Kothari, Bereach, Gambhiri, Chappi, Ujad and Kelwara - 2024",29,16,32,6.0,8.4,6.4,7.8,53,166,1.0,2.8,0.30,1.70,2300,13000,5000,28000,11,49
2024,4722,RIVER BALASON AT KHAPRAIL MORE,Balason,WEST BENGAL,"Table 3.4: Water Quality of tributray streams Banas, Piplad, Kothari, Bereach, Gambhiri, Chappi, Ujad and Kelwara - 2024",29,17,34,6.1,8.5,6.5,7.9,43,137,1.0,2.9,0.30,1.81,2300,24000,8000,50000,13,920
2024,2508,"RIVER D/S OF SILABATI AT GHATAL, MEDINIPORE(W)",River,WEST BENGAL,"Table 3.4: Water Quality of tributray streams Banas, Piplad, Kothari, Bereach, Gambhiri, Chappi, Ujad and Kelwara - 2024",29,20,34,5.2,8.8,7.0,8.0,186,591,1.2,2.7,0.30,1.36,3300,13000,7000,22000,92,490
2024,2534,"RIVER WATER INTAKE POINT FOR SURI TOWN ON MAYURAKSHI, BIRBHUM",Water Intake Point For Suri Town,WEST BENGAL,"Table 3.4: Water Quality of tributray streams Banas, Piplad, Kothari, Bereach, Gambhiri, Chappi, Ujad and Kelwara - 2024",29,16,33,7.2,9.0,7.0,8.4,153,313,1.6,1.9,0.30,0.97,1400,2300,1700,3900,14,33
2024,4710,RIVER HALDI AT NORGHAT,Haldi,WEST BENGAL,"Table 3.4: Water Quality of tributray streams Banas, Piplad, Kothari, Bereach, Gambhiri, Chappi, Ujad and Kelwara - 2024",29,21,34,5.1,6.7,7.4,8.4,544,17320,1.0,2.7,0.30,1.43,4900,17000,11000,35000,200,490
2024,4711,RIVER RASULPUR AT RASULPUR GHAT,Rasulpur,WEST BENGAL,"Table 3.4: Water Quality of tributray streams Banas, Piplad, Kothari, Bereach, Gambhiri, Chappi, Ujad and Kelwara - 2024",29,22,34,5.1,6.6,7.5,8.5,1427,30420,1.2,2.7,0.30,1.60,2200,7000,7000,14000,93,330
2024,2950,"RIVER BANAS AT DHANARI DAM, NEAR SWAROOPGANJ, SIROHI, RAJASTHAN",Banas,RAJASTHAN,Table 5: Water quality of river Brahamputra - 2024,30,20,33,5.0,6.6,7.2,8.6,358,761,1.0,2.0,1.87,2.93,2,2,4,9,2,2
2024,2951,"RIVER BANAS BISULPUR DAM, TONK, RAJASTHAN",,RAJASTHAN,Table 5: Water quality of river Brahamputra - 2024,30,16,29,5.3,7.3,7.8,8.6,342,502,1.0,1.6,0.62,1.82,130,280,170,430,31,58
2024,4167,"RIVER BANAS AT TRIVENI SANGAM, BHILWARA",Banas,RAJASTHAN,Table 5: Water quality of river Brahamputra - 2024,30,21,25,5.3,8.1,7.6,8.1,334,713,1.6,2.9,1.12,3.23,130,280,210,350,22,43
2024,2952,"RIVER NEAR NEWTA DAM,JAIPUR,RAJSTHAN",River,RAJASTHAN,Table 5: Water quality of river Brahamputra - 2024,30,15,36,1.0,4.3,8.3,9.7,538,3580,9.0,36.5,1.43,5.00,46,430,430,920,5,140
2024,4790,"RIVER PIPLADAT PIPLAD DAM, BHAWANI MANDI",,RAJASTHAN,Table 5: Water quality of river Brahamputra - 2024,30,19,33,4.0,6.0,7.3,9.1,423,834,1.7,3.1,1.13,3.45,210,350,350,540,39,63
2024,4770,RIVER KOTHARI AT MEJA DAM BHILWARA (UPSTREAM OF KOTHARI RIVER),Kothari,RAJASTHAN,Table 5: Water quality of river Brahamputra - 2024,30,22,25,5.3,7.9,7.3,8.6,239,837,1.7,2.9,1.37,2.92,120,350,280,540,33,63
2024,5468,"RIVER KOTHARI AT KOTHARI DAM, BHILWARA",Kothari,RAJASTHAN,Table 5: Water quality of river Brahamputra - 2024,30,21,25,5.1,8.0,7.4,8.8,481,1321,2.3,4.2,1.42,2.92,210,350,280,430,33,63
2024,4172,"RIVER BERACH AT GHOSUNDA DAM, CHITTORGARH",Berach,RAJASTHAN,Table 5: Water quality of river Brahamputra - 2024,30,21,32,4.8,6.6,7.3,8.4,728,810,2.8,4.1,2.54,4.07,49,120,110,240,12,21
2024,4175,"RIVER BERACH, NEAR HOTEL PADMINI, CHITTORGARH",,RAJASTHAN,Table 5: Water quality of river Brahamputra - 2024,30,19,34,3.9,5.7,7.2,8.2,914,980,2.2,3.7,2.44,3.86,48,94,100,170,9,24
2024,4804,"RIVER BERACH NEAR VILLAGE-NAGARI, CHITTORGARH",Berach,RAJASTHAN,Table 5: Water quality of river Brahamputra - 2024,30,19,34,3.6,6.4,7.0,8.3,819,980,2.1,3.5,2.19,2.98,48,84,110,150,12,70
2024,4173,"RIVER GAMBHIRI AT GAMBHIRI DAM, NIMBAHERA- TEHSIL, CHITTORGARH",Gambhiri,RAJASTHAN,Table 5: Water quality of river Brahamputra - 2024,30,21,35,5.0,6.8,7.2,8.0,615,720,1.7,2.9,2.04,3.95,43,94,120,220,11,24
2024,4174,"RIVER GAMBHIRI NEAR BUS STAND (OLD CITY BRIDGE), CHITTORGARH,RAJASTHAN",Gambhiri,RAJASTHAN,Table 5: Water quality of river Brahamputra - 2024,30,19,35,1.8,5.8,7.0,8.4,910,968,2.4,3.4,2.03,3.78,48,110,120,210,12,24
2024,2945,"RIVER CHHAPI AT CHHAPI DAM UPSTREAM , JHALAWAR, RAJASTHAN",Chhapi,RAJASTHAN,Table 5: Water quality of river Brahamputra - 2024,30,20,35,4.9,6.9,7.7,8.4,253,390,1.0,1.8,0.92,1.92,130,350,210,430,22,49
2024,2946,"RIVER UJAD AT BHIM SAGAR DAM UPSTREAM , JHALAWAR, RAJASTHAN",Ujad,RAJASTHAN,Table 5: Water quality of river Brahamputra - 2024,30,19,33,5.6,6.4,7.8,8.4,236,337,1.0,1.8,0.72,1.82,140,220,210,350,23,41
2024,4772,"RIVER KELWARA RESERVIOR, N/V KELWARA, TEHSIL- KUMBHALGARH DIST- RAJSAMAND, (UPSTREAM OF KHARI RIVER)",,RAJASTHAN,Table 5: Water quality of river Brahamputra - 2024,30,22,30,4.4,5.2,7.5,7.9,683,768,2.2,3.4,1.65,3.84,8,94,110,220,17,21
2024,1262,"RIVER BRAHMAPUTRA AT NIMATIGHAT, ASSAM",Brahmaputra,ASSAM,"Table 5.1: Water Quality of tributray streams JALDHAKA, SILTORSA, BURHIDIHING, DHANSIRI, BHARALU, DIKRONG, GAI NADI, DIGARU, DIGBOI, DIKHOW,",31,13,30,6.2,8.3,7.1,7.9,133,196,1.8,2.6,0.80,1.40,360,730,730,1500,130,280
2024,1526,"RIVER BRAHMPUTRA RIVER AT DHENUKHAPAHAR, ASSAM",Brahmputra River,ASSAM,"Table 5.1: Water Quality of tributray streams JALDHAKA, SILTORSA, BURHIDIHING, DHANSIRI, BHARALU, DIKRONG, GAI NADI, DIGARU, DIGBOI, DIKHOW,",31,18,28,6.5,7.5,7.0,7.8,118,168,2.0,2.5,0.80,1.20,600,1100,1100,2100,210,290
2024,1030,"RIVER BRAHMAPUTRA AT DIBRUGARH, ASSAM",Brahmaputra,ASSAM,"Table 5.1: Water Quality of tributray streams JALDHAKA, SILTORSA, BURHIDIHING, DHANSIRI, BHARALU, DIKRONG, GAI NADI, DIGARU, DIGBOI, DIKHOW,",31,19,28,5.3,8.8,6.9,7.6,108,192,2.0,2.5,0.70,1.20,360,1100,910,2000,120,290
2024,1031,"RIVER BRAHMAPUTRA AT PANDU, ASSAM",Brahmaputra,ASSAM,"Table 5.1: Water Quality of tributray streams JALDHAKA, SILTORSA, BURHIDIHING, DHANSIRI, BHARALU, DIKRONG, GAI NADI, DIGARU, DIGBOI, DIKHOW,",31,18,30,6.3,10.5,7.0,7.7,134,192,2.1,2.8,0.80,1.90,910,1100,1900,2100,240,290
2024,1298,"RIVER DISANG AT GUDAMGHAT, ASSAM",Disang,ASSAM,"Table 5.1: Water Quality of tributray streams JALDHAKA, SILTORSA, BURHIDIHING, DHANSIRI, BHARALU, DIKRONG, GAI NADI, DIGARU, DIGBOI, DIKHOW,",31,16,34,5.2,7.6,7.2,7.8,98,168,1.8,2.5,0.80,1.20,360,950,730,2300,130,340
2024,2069,"RIVER BRAHMPUTRA NEAR WATER INTAKE POINT AT KACHARIGHAT, PANBAZAR, GUWAHATI, ASSAM",Brahmputra,ASSAM,"Table 5.1: Water Quality of tributray streams JALDHAKA, SILTORSA, BURHIDIHING, DHANSIRI, BHARALU, DIKRONG, GAI NADI, DIGARU, DIGBOI, DIKHOW,",31,19,30,6.2,10.2,6.5,8.0,140,202,2.0,2.5,0.60,1.10,910,1100,1600,2100,290,290
2024,2064,"RIVER BRAHMAPUTRA AT CHANDRAPUR, GUWAHATI, ASSAM",Brahmaputra,ASSAM,"Table 5.1: Water Quality of tributray streams JALDHAKA, SILTORSA, BURHIDIHING, DHANSIRI, BHARALU, DIKRONG, GAI NADI, DIGARU, DIGBOI, DIKHOW,",31,18,30,5.3,10.6,7.1,7.6,126,192,2.0,2.6,0.60,1.20,720,1100,1400,2100,210,290
2024,2067,"RIVER BRAHMPUTRA AT SUALKUCHI, DIST. KAMRUP, ASSAM",Brahmputra,ASSAM,"Table 5.1: Water Quality of tributray streams JALDHAKA, SILTORSA, BURHIDIHING, DHANSIRI, BHARALU, DIKRONG, GAI NADI, DIGARU, DIGBOI, DIKHOW,",31,18,32,7.3,9.9,7.0,8.0,110,178,2.0,2.3,0.60,1.40,720,1100,1500,2100,210,290
2024,2066,"RIVER BRAHMAPUTRA AT DHUBRI, ASSAM",Brahmaputra,ASSAM,"Table 5.1: Water Quality of tributray streams JALDHAKA, SILTORSA, BURHIDIHING, DHANSIRI, BHARALU, DIKRONG, GAI NADI, DIGARU, DIGBOI, DIKHOW,",31,18,32,5.5,7.1,6.8,7.4,128,154,1.9,2.5,0.80,1.20,620,1100,1500,2100,210,290
2024,3781,"RIVER BRAHAMPUTRA AT BOGIBEEL BRIDGE, BOGIBEEL, DIBRUGARH",Brahamputra,ASSAM,"Table 5.1: Water Quality of tributray streams JALDHAKA, SILTORSA, BURHIDIHING, DHANSIRI, BHARALU, DIKRONG, GAI NADI, DIGARU, DIGBOI, DIKHOW,",31,17,27,5.8,8.9,7.0,8.0,120,146,2.0,2.6,0.60,1.00,730,1100,1500,2100,210,290
2024,4004,RIVER BRAHMAPUTRA AT BISWANATH GHAT,Brahmaputra,ASSAM,"Table 5.1: Water Quality of tributray streams JALDHAKA, SILTORSA, BURHIDIHING, DHANSIRI, BHARALU, DIKRONG, GAI NADI, DIGARU, DIGBOI, DIKHOW,",31,16,28,5.4,7.7,6.9,7.7,92,152,1.8,2.3,0.60,1.40,610,1100,1400,2000,210,290
2024,5610,RIVER BRAHMAPUTRA AT MATIA (BAHATI GHAT),Brahmaputra,ASSAM,"Table 5.1: Water Quality of tributray streams JALDHAKA, SILTORSA, BURHIDIHING, DHANSIRI, BHARALU, DIKRONG, GAI NADI, DIGARU, DIGBOI, DIKHOW,",31,16,33,5.4,8.7,7.0,7.8,128,166,2.0,2.6,0.70,1.20,360,910,910,2100,95,290
2024,5612,RIVER BRAHMAPUTRA NEWR DHOLA SADIA BRIDGE,,ASSAM,"Table 5.1: Water Quality of tributray streams JALDHAKA, SILTORSA, BURHIDIHING, DHANSIRI, BHARALU, DIKRONG, GAI NADI, DIGARU, DIGBOI, DIKHOW,",31,17,27,5.6,9.4,7.2,7.6,96,168,2.0,2.5,0.60,1.00,620,1100,1500,2000,210,290
2024,4717,RIVER JALDHAKA AT DHUPGURI,Jaldhaka,WEST BENGAL,"Table 5.1: Water Quality of tributray streams JALDHAKA, SILTORSA, BURHIDIHING, DHANSIRI, BHARALU, DIKRONG, GAI NADI, DIGARU, DIGBOI, DIKHOW,",32,15,30,6.0,8.3,7.0,8.0,68,150,1.0,2.9,0.30,1.08,2100,7000,5000,17000,33,240
2024,4718,RIVER SILTORSA AT HASIMARA,Siltorsa,WEST BENGAL,"Table 5.1: Water Quality of tributray streams JALDHAKA, SILTORSA, BURHIDIHING, DHANSIRI, BHARALU, DIKRONG, GAI NADI, DIGARU, DIGBOI, DIKHOW,",32,20,32,5.6,8.4,7.0,7.9,53,174,1.0,2.4,0.30,1.18,1100,5000,2200,17000,26,79
2024,1422,"RIVER BURHIDIHING AT MARGHERITA, ASSAM",Burhidihing,ASSAM,"Table 5.1: Water Quality of tributray streams JALDHAKA, SILTORSA, BURHIDIHING, DHANSIRI, BHARALU, DIKRONG, GAI NADI, DIGARU, DIGBOI, DIKHOW,",32,20,30,5.0,8.9,7.0,7.9,126,186,1.8,2.6,0.60,1.10,620,910,1200,2100,210,290
2024,2062,"RIVER BURHIDIHING NEAR DULIAJAN AT D/S, TINSUKIA, ASSAM",Burhidihing,ASSAM,"Table 5.1: Water Quality of tributray streams JALDHAKA, SILTORSA, BURHIDIHING, DHANSIRI, BHARALU, DIKRONG, GAI NADI, DIGARU, DIGBOI, DIKHOW,",32,20,29,5.2,8.8,6.9,7.9,122,182,1.8,2.3,0.60,1.10,620,1100,1300,2100,210,290
2024,2230,"RIVER BURHIDIHING AT DULIAJAN (INTAKE POINT OF OIL INDIA LTD.), ASSAM",Burhidihing,ASSAM,"Table 5.1: Water Quality of tributray streams JALDHAKA, SILTORSA, BURHIDIHING, DHANSIRI, BHARALU, DIKRONG, GAI NADI, DIGARU, DIGBOI, DIKHOW,",32,20,29,5.0,9.2,6.8,7.7,120,192,2.0,2.6,0.60,1.20,620,1100,1200,2100,210,290
2024,1796,RIVER DHANSIRI AT FULL NAGARJAN BRIDGE,Dhansiri,NAGALAND,"Table 5.1: Water Quality of tributray streams JALDHAKA, SILTORSA, BURHIDIHING, DHANSIRI, BHARALU, DIKRONG, GAI NADI, DIGARU, DIGBOI, DIKHOW,",32,19,30,6.8,7.5,7.0,8.5,39,514,1.5,1.8,0.50,3.50,,,,,,
2024,1797,RIVER DHANSIRI AT BRIDGE NEAR PURANA BAZAAR,Dhansiri,NAGALAND,"Table 5.1: Water Quality of tributray streams JALDHAKA, SILTORSA, BURHIDIHING, DHANSIRI, BHARALU, DIKRONG, GAI NADI, DIGARU, DIGBOI, DIKHOW,",32,19,30,6.7,7.1,6.8,8.5,63,271,1.4,1.8,0.50,3.50,,,,,,
2024,1800,RIVER DHANSIRI AT NOTUN BOSTI NEAR NAGA CEMETERY (OLD),Dhansiri,NAGALAND,"Table 5.1: Water Quality of tributray streams JALDHAKA, SILTORSA, BURHIDIHING, DHANSIRI, BHARALU, DIKRONG, GAI NADI, DIGARU, DIGBOI, DIKHOW,",32,17,29,5.3,6.3,6.8,7.6,134,312,2.0,4.9,0.40,3.10,,,,,,
2024,1798,"RIVER DHANSIRI AT KUSHIABILL , NEAR KACHARI LOCAL GROUND",Dhansiri,NAGALAND,"Table 5.1: Water Quality of tributray streams JALDHAKA, SILTORSA, BURHIDIHING, DHANSIRI, BHARALU, DIKRONG, GAI NADI, DIGARU, DIGBOI, DIKHOW,",32,19,32,6.6,7.3,7.0,8.2,110,255,1.4,1.8,0.40,2.60,,,,,,
2024,1799,RIVER DHANSIRI AT TOWN BOUNDARY BRIDGE (DIPHU ROAD),Dhansiri,NAGALAND,"Table 5.1: Water Quality of tributray streams JALDHAKA, SILTORSA, BURHIDIHING, DHANSIRI, BHARALU, DIKRONG, GAI NADI, DIGARU, DIGBOI, DIKHOW,",32,16,30,6.3,6.9,6.8,7.7,52,203,1.6,2.6,0.50,3.10,,,,,,
2024,1928,RIVER DHANSIRI NEAR NAGALAND- ASSAM BORDER,Dhansiri,NAGALAND,"Table 5.1: Water Quality of tributray streams JALDHAKA, SILTORSA, BURHIDIHING, DHANSIRI, BHARALU, DIKRONG, GAI NADI, DIGARU, DIGBOI, DIKHOW,",32,20,32,6.3,7.6,6.8,7.8,120,317,1.4,1.8,0.40,3.10,,,,,,
2024,1259,"RIVER DHANSIRI AT GOLAGHAT, ASSAM",Dhansiri,ASSAM,"Table 5.1: Water Quality of tributray streams JALDHAKA, SILTORSA, BURHIDIHING, DHANSIRI, BHARALU, DIKRONG, GAI NADI, DIGARU, DIGBOI, DIKHOW,",32,18,33,5.7,11.8,7.0,7.5,156,196,2.0,2.6,0.80,1.20,600,940,1300,1900,210,290
2024,3764,"RIVER DHANSIRI NEAR BRIDGE AT NH-15, DHANSIRI BHALUKMARI JUNGLE, UDALGURI",Dhansiri,ASSAM,"Table 5.1: Water Quality of tributray streams JALDHAKA, SILTORSA, BURHIDIHING, DHANSIRI, BHARALU, DIKRONG, GAI NADI, DIGARU, DIGBOI, DIKHOW,",32,18,30,6.0,8.3,7.0,7.8,96,146,1.8,2.4,0.60,1.40,610,730,1300,1600,210,240
2024,3792,RIVER DHANSIRI AT JAHAIGHAT,Dhansiri,ASSAM,"Table 5.1: Water Quality of tributray streams JALDHAKA, SILTORSA, BURHIDIHING, DHANSIRI, BHARALU, DIKRONG, GAI NADI, DIGARU, DIGBOI, DIKHOW,",32,19,34,5.7,10.1,6.9,7.8,110,168,1.8,2.5,0.70,1.20,620,910,1300,2000,210,290
2024,30070,RIVER DHANSIRI AT GANESH NAGAR,Dhansiri,NAGALAND,"Table 5.1: Water Quality of tributray streams JALDHAKA, SILTORSA, BURHIDIHING, DHANSIRI, BHARALU, DIKRONG, GAI NADI, DIGARU, DIGBOI, DIKHOW,",32,22,28,6.8,7.8,7.2,8.2,114,1815,1.0,1.2,0.32,7.24,2,120000,100,200000,,
2024,30071,RIVER DHANSIRI AT NAGARJAN BRIDGE,Dhansiri,NAGALAND,"Table 5.1: Water Quality of tributray streams JALDHAKA, SILTORSA, BURHIDIHING, DHANSIRI, BHARALU, DIKRONG, GAI NADI, DIGARU, DIGBOI, DIKHOW,",32,23,29,6.3,6.5,7.3,7.6,127,172,1.0,2.5,0.32,9.36,200,300000,2400,640000,,
2024,30072,RIVER DHANSIRI AT KHATKATI GATE,Dhansiri,NAGALAND,"Table 5.1: Water Quality of tributray streams JALDHAKA, SILTORSA, BURHIDIHING, DHANSIRI, BHARALU, DIKRONG, GAI NADI, DIGARU, DIGBOI, DIKHOW,",32,25,27,6.2,6.5,7.1,7.4,139,187,1.3,3.5,1.02,9.04,5400,560000,6400,800000,,
2024,30073,RIVER DHANSIRI AT BOKAJAN,Dhansiri,ASSAM,"Table 5.1: Water Quality of tributray streams JALDHAKA, SILTORSA, BURHIDIHING, DHANSIRI, BHARALU, DIKRONG, GAI NADI, DIGARU, DIGBOI, DIKHOW,",32,23,28,4.7,6.9,7.2,7.3,86,207,1.6,4.1,1.10,6.38,1900,1000000,18300,2200000,,
2024,30074,RIVER DHANSIRI AT NUMALIGARH,Dhansiri,ASSAM,"Table 5.1: Water Quality of tributray streams JALDHAKA, SILTORSA, BURHIDIHING, DHANSIRI, BHARALU, DIKRONG, GAI NADI, DIGARU, DIGBOI, DIKHOW,",32,23,29,6.5,8.0,7.2,7.6,90,167,1.2,2.0,0.34,1.07,2100,160000,12500,256000,,
2024,1528,"RIVER BHARALU AT GUWAHATI, ASSAM",Bharalu,ASSAM,"Table 5.1: Water Quality of tributray streams JALDHAKA, SILTORSA, BURHIDIHING, DHANSIRI, BHARALU, DIKRONG, GAI NADI, DIGARU, DIGBOI, DIKHOW,",32,19,30,0.3,0.9,7.0,7.4,388,560,26.8,36.0,1.60,3.60,2700,3500,4200,5300,460,460
2024,3759,"RIVER DIKRONG NEAR BRIDGE AT NH-52, BANDARDEWA",Dikrong,ASSAM,"Table 5.1: Water Quality of tributray streams JALDHAKA, SILTORSA, BURHIDIHING, DHANSIRI, BHARALU, DIKRONG, GAI NADI, DIGARU, DIGBOI, DIKHOW,",32,18,31,5.0,8.7,6.8,7.9,120,162,2.0,2.7,0.60,1.40,600,910,1100,2000,210,290
2024,3786,"RIVER GAI NADI AT SOMARAJAN, DHEMAJI",Gai Nadi,ASSAM,"Table 5.1: Water Quality of tributray streams JALDHAKA, SILTORSA, BURHIDIHING, DHANSIRI, BHARALU, DIKRONG, GAI NADI, DIGARU, DIGBOI, DIKHOW,",32,19,29,5.1,8.8,7.0,7.9,108,172,1.9,2.7,0.60,1.00,300,910,910,1500,120,290
2024,3807,RIVER DIGARU AT NH CROSSING,Digaru,ASSAM,"Table 5.1: Water Quality of tributray streams JALDHAKA, SILTORSA, BURHIDIHING, DHANSIRI, BHARALU, DIKRONG, GAI NADI, DIGARU, DIGBOI, DIKHOW,",32,18,28,5.3,8.6,6.8,7.6,84,128,2.0,2.6,0.70,1.00,620,940,1300,2000,210,290
2024,1530,"RIVER DIGBOI AT LAKHIPATHE, RESERVE FOREST, DIGBOI, ASSAM",Digboi,ASSAM,"Table 5.1: Water Quality of tributray streams JALDHAKA, SILTORSA, BURHIDIHING, DHANSIRI, BHARALU, DIKRONG, GAI NADI, DIGARU, DIGBOI, DIKHOW,",33,20,32,1.5,5.9,6.7,7.6,126,238,3.1,3.4,0.60,1.90,360,730,1100,1600,120,240
2024,2231,"RIVER DIKHOW AT DIKHOW BRIDGE SIVASAGAR, ASSAM",Dikhow,ASSAM,"Table 5.1: Water Quality of tributray streams JALDHAKA, SILTORSA, BURHIDIHING, DHANSIRI, BHARALU, DIKRONG, GAI NADI, DIGARU, DIGBOI, DIKHOW,",33,13,30,5.5,7.7,6.8,7.8,111,168,1.8,2.3,0.80,1.20,360,910,730,2100,130,340
2024,3776,"RIVER DIKHOW AT NAGINI MORA (INTER-STATE BOUNDARIES, ASSAM-NAGALAND)",Dikhow,ASSAM,"Table 5.1: Water Quality of tributray streams JALDHAKA, SILTORSA, BURHIDIHING, DHANSIRI, BHARALU, DIKRONG, GAI NADI, DIGARU, DIGBOI, DIKHOW,",33,18,30,5.6,8.5,6.8,7.5,120,194,1.8,2.4,0.80,1.20,730,910,1100,2100,270,340
2024,3778,RIVER DIKHOW AT DIKHOWMUKH CONFLUENCE WITH BRAHAMPUTRA,Dikhow,ASSAM,"Table 5.1: Water Quality of tributray streams JALDHAKA, SILTORSA, BURHIDIHING, DHANSIRI, BHARALU, DIKRONG, GAI NADI, DIGARU, DIGBOI, DIKHOW,",33,13,30,6.2,8.0,6.9,7.8,104,160,1.8,2.4,0.80,1.20,360,910,730,2000,130,340
2024,2524,"RIVER KALJANI D/S OF ALIPURDWAR, MUNICIPALITY DISCHARGE POINT, COOCHBEHAR",Kaljani,WEST BENGAL,"Table 5.1: Water Quality of tributray streams JALDHAKA, SILTORSA, BURHIDIHING, DHANSIRI, BHARALU, DIKRONG, GAI NADI, DIGARU, DIGBOI, DIKHOW,",33,16,30,6.5,8.4,6.9,7.8,88,150,1.0,2.8,0.30,0.95,1100,8000,5000,17000,49,350
2024,2058,"RIVER DISANG AT DILLIGHAT, DIBRUGARH DIST., ASSAM",Disang,ASSAM,"Table 5.1: Water Quality of tributray streams JALDHAKA, SILTORSA, BURHIDIHING, DHANSIRI, BHARALU, DIKRONG, GAI NADI, DIGARU, DIGBOI, DIKHOW,",33,20,29,5.3,9.7,6.8,7.8,80,144,2.0,2.6,0.80,1.30,360,910,910,2000,120,290
2024,4005,RIVER DISANG AT NH CROSSING,Disang,ASSAM,"Table 5.1: Water Quality of tributray streams JALDHAKA, SILTORSA, BURHIDIHING, DHANSIRI, BHARALU, DIKRONG, GAI NADI, DIGARU, DIGBOI, DIKHOW,",33,13,31,5.4,7.2,6.7,7.9,102,128,1.8,2.5,0.90,1.40,300,730,730,1500,110,280
2024,3763,"RIVER GABHARU NEAR BRIDGE AT NH-52, NEAR TUMIUKI, SONITPUR",Gabharu,ASSAM,"Table 5.1: Water Quality of tributray streams JALDHAKA, SILTORSA, BURHIDIHING, DHANSIRI, BHARALU, DIKRONG, GAI NADI, DIGARU, DIGBOI, DIKHOW,",33,16,28,5.0,9.9,7.0,7.8,90,174,2.1,2.6,0.60,1.20,600,730,1100,1500,210,240
2024,4011,RIVER TOCKLAI NEAR BRIDGE AT JORHAT,Tocklai,ASSAM,"Table 5.1: Water Quality of tributray streams JALDHAKA, SILTORSA, BURHIDIHING, DHANSIRI, BHARALU, DIKRONG, GAI NADI, DIGARU, DIGBOI, DIKHOW,",33,17,32,5.0,6.4,6.8,7.8,116,230,2.3,2.9,0.80,1.40,730,1100,1500,2800,270,420
2024,4012,RIVER TUNIA AT D/S BRPL,Tunia,ASSAM,"Table 5.1: Water Quality of tributray streams JALDHAKA, SILTORSA, BURHIDIHING, DHANSIRI, BHARALU, DIKRONG, GAI NADI, DIGARU, DIGBOI, DIKHOW,",33,20,30,5.2,6.2,6.8,7.5,140,174,2.0,2.6,0.60,1.20,730,1100,1400,2100,240,290
2024,4329,RIVER LARSING NEAR LOCL DEPO AT MOINARBOND,Larsing,ASSAM,"Table 5.1: Water Quality of tributray streams JALDHAKA, SILTORSA, BURHIDIHING, DHANSIRI, BHARALU, DIKRONG, GAI NADI, DIGARU, DIGBOI, DIKHOW,",33,17,23,5.1,6.1,7.2,7.4,101,134,2.1,2.5,0.70,1.40,300,1500,940,2700,95,460
2024,4331,RIVER DHATESHWARI D/S OF HAILAKANDI,Dhateshwari,ASSAM,"Table 5.1: Water Quality of tributray streams JALDHAKA, SILTORSA, BURHIDIHING, DHANSIRI, BHARALU, DIKRONG, GAI NADI, DIGARU, DIGBOI, DIKHOW,",33,20,24,5.2,5.8,6.7,7.2,124,166,2.3,2.7,0.60,1.20,360,730,910,1600,120,240
2024,4332,RIVER DEMOW AT DEMOW TOWN,Demow,ASSAM,"Table 5.1: Water Quality of tributray streams JALDHAKA, SILTORSA, BURHIDIHING, DHANSIRI, BHARALU, DIKRONG, GAI NADI, DIGARU, DIGBOI, DIKHOW,",33,16,31,5.5,7.9,6.9,8.1,114,155,1.7,2.5,0.70,1.20,360,910,910,2100,140,340
2024,4336,"RIVER BORSILA AT BORSILA, DEOPANI, NAMTI",Borsila,ASSAM,"Table 5.1: Water Quality of tributray streams JALDHAKA, SILTORSA, BURHIDIHING, DHANSIRI, BHARALU, DIKRONG, GAI NADI, DIGARU, DIGBOI, DIKHOW,",33,19,33,5.8,8.5,6.8,7.2,89,122,1.7,2.6,0.70,1.10,730,910,1500,2000,260,330
2024,4341,"RIVER BARNADI NEAR BRIDGE, NH-52, DUMUNICHOWKI KAMRUP",Barnadi,ASSAM,"Table 5.1: Water Quality of tributray streams JALDHAKA, SILTORSA, BURHIDIHING, DHANSIRI, BHARALU, DIKRONG, GAI NADI, DIGARU, DIGBOI, DIKHOW,",33,18,32,5.0,9.8,6.8,7.8,128,176,2.0,2.6,0.60,1.40,620,910,1400,2000,210,290
2024,2240,"RIVER BARAK AT D/S OF SILCHAR, ASSAM",Barak,ASSAM,"Table 5.1: Water Quality of tributray streams JALDHAKA, SILTORSA, BURHIDIHING, DHANSIRI, BHARALU, DIKRONG, GAI NADI, DIGARU, DIGBOI, DIKHOW,",33,20,25,5.2,6.2,7.0,7.4,103,130,2.1,2.4,0.60,1.20,730,1400,1500,2700,210,460
2024,1423,"RIVER BARAK RIVER AT PANCHAGRAM , ASSAM",Barak River,ASSAM,"Table 5.1: Water Quality of tributray streams JALDHAKA, SILTORSA, BURHIDIHING, DHANSIRI, BHARALU, DIKRONG, GAI NADI, DIGARU, DIGBOI, DIKHOW,",33,19,22,6.0,6.2,7.2,7.4,104,146,2.0,2.6,0.60,0.90,610,1100,1200,2100,210,290
2024,2242,"RIVER KUSHIARA AT KARIMGANJ, ASSAM",Kushiara,ASSAM,"Table 5.1: Water Quality of tributray streams JALDHAKA, SILTORSA, BURHIDIHING, DHANSIRI, BHARALU, DIKRONG, GAI NADI, DIGARU, DIGBOI, DIKHOW,",33,19,24,5.5,6.4,6.8,7.4,102,156,2.2,2.4,0.60,1.00,620,910,1100,2000,210,290
2024,3107,RIVER DIHING AT MIAO (U/S OF NOA DIHING),Dihing,ARUNACHAL PRADESH,"Table 5.1: Water Quality of tributray streams JALDHAKA, SILTORSA, BURHIDIHING, DHANSIRI, BHARALU, DIKRONG, GAI NADI, DIGARU, DIGBOI, DIKHOW,",34,17,30,6.4,9.1,7.3,8.2,67,207,1.0,2.4,,,,,,,,
2024,3095,"RIVER SENKI AT CHANDRANAGAR, ITANAGAR, (U/S OF PACHIN RIVER)",Senki,ARUNACHAL PRADESH,"Table 5.1: Water Quality of tributray streams JALDHAKA, SILTORSA, BURHIDIHING, DHANSIRI, BHARALU, DIKRONG, GAI NADI, DIGARU, DIGBOI, DIKHOW,",34,16,31,5.0,10.2,7.7,8.2,111,948,1.0,3.6,,,,,,,,
2024,3096,RIVER DIKRONG AT NIRJULI (U/S),Dikrong,ARUNACHAL PRADESH,"Table 5.1: Water Quality of tributray streams JALDHAKA, SILTORSA, BURHIDIHING, DHANSIRI, BHARALU, DIKRONG, GAI NADI, DIGARU, DIGBOI, DIKHOW,",34,20,32,4.3,9.4,6.8,8.8,147,1450,1.0,6.5,0.32,0.32,2,2,2,2,2,2
2024,3777,"RIVER DORIKA NEAR MSW DUMPING SITE, SIVASAGAR",Dorika,ASSAM,"Table 5.1: Water Quality of tributray streams JALDHAKA, SILTORSA, BURHIDIHING, DHANSIRI, BHARALU, DIKRONG, GAI NADI, DIGARU, DIGBOI, DIKHOW,",34,14,31,5.0,6.8,6.7,7.9,102,134,1.7,2.6,0.80,1.30,730,1100,1500,2800,270,420
2024,3105,"RIVER GAI NADI, NEAR HSS LIKABALI (D/S)",,ARUNACHAL PRADESH,"Table 5.1: Water Quality of tributray streams JALDHAKA, SILTORSA, BURHIDIHING, DHANSIRI, BHARALU, DIKRONG, GAI NADI, DIGARU, DIGBOI, DIKHOW,",34,20,31,7.0,9.2,2.0,7.9,121,224,1.0,2.9,,,,,,,,
2024,1261,RIVER SUBANSIRI AT GERUKAMUKH (BEFORE CONFLUENCE WITH RIVER BRAHMAPUTRA),Subansiri,ASSAM,"Table 5.1: Water Quality of tributray streams JALDHAKA, SILTORSA, BURHIDIHING, DHANSIRI, BHARALU, DIKRONG, GAI NADI, DIGARU, DIGBOI, DIKHOW,",34,19,27,7.1,10.5,6.8,7.9,104,178,2.0,2.5,0.60,1.20,360,1100,730,2100,120,290
2024,3097,RIVER SUBANSIRI AT GERUKAMUKH,Subansiri,ARUNACHAL PRADESH,"Table 5.1: Water Quality of tributray streams JALDHAKA, SILTORSA, BURHIDIHING, DHANSIRI, BHARALU, DIKRONG, GAI NADI, DIGARU, DIGBOI, DIKHOW,",34,19,31,6.8,9.2,7.2,8.8,85,235,1.0,2.0,,,,,,,,
2024,3098,"RIVER SIANG AT RANAGHAT, NEAR RCC BRIDGE, PASIGHAT(U/S)",Siang,ARUNACHAL PRADESH,"Table 5.1: Water Quality of tributray streams JALDHAKA, SILTORSA, BURHIDIHING, DHANSIRI, BHARALU, DIKRONG, GAI NADI, DIGARU, DIGBOI, DIKHOW,",34,17,31,5.7,9.4,7.5,8.1,106,166,1.0,3.5,,,,,,,,
2024,4342,"RIVER BARALIA (NEAR CHATPUJA GHAT) RANGIA, KAMRUP",Baralia,ASSAM,"Table 5.1: Water Quality of tributray streams JALDHAKA, SILTORSA, BURHIDIHING, DHANSIRI, BHARALU, DIKRONG, GAI NADI, DIGARU, DIGBOI, DIKHOW,",34,18,33,5.3,9.8,6.8,8.1,127,222,2.0,2.7,0.60,0.90,620,940,1400,2000,210,290
2024,4343,RIVER BURALIA (NEAR BRIDGE ALONG NH-31) NALBARI,Buralia,ASSAM,"Table 5.1: Water Quality of tributray streams JALDHAKA, SILTORSA, BURHIDIHING, DHANSIRI, BHARALU, DIKRONG, GAI NADI, DIGARU, DIGBOI, DIKHOW,",34,18,33,5.5,10.4,7.0,7.9,110,194,2.0,2.5,0.60,1.20,620,920,1400,2000,210,290
2024,2888,RIVER CHATHE AT BRIDGE NEAR CIHSR,Chathe,NAGALAND,"Table 5.1: Water Quality of tributray streams JALDHAKA, SILTORSA, BURHIDIHING, DHANSIRI, BHARALU, DIKRONG, GAI NADI, DIGARU, DIGBOI, DIKHOW,",34,19,33,6.9,7.8,7.0,8.3,96,248,1.5,1.8,0.40,2.50,,,,,,
2024,2891,DZUCHA RU,,NAGALAND,"Table 5.1: Water Quality of tributray streams JALDHAKA, SILTORSA, BURHIDIHING, DHANSIRI, BHARALU, DIKRONG, GAI NADI, DIGARU, DIGBOI, DIKHOW,",34,16,29,6.6,7.2,7.1,8.0,140,250,1.5,1.8,0.50,6.10,,,,,,
2024,2889,DZUDZA RU BELOW HYDRO PROJECT STATION,,NAGALAND,"Table 5.1: Water Quality of tributray streams JALDHAKA, SILTORSA, BURHIDIHING, DHANSIRI, BHARALU, DIKRONG, GAI NADI, DIGARU, DIGBOI, DIKHOW,",34,14,29,7.1,7.9,7.3,8.1,80,190,1.4,1.8,0.40,7.40,,,,,,
2024,2892,KHA RU ADJOINING MUNICIPAL COUNCIL SWM SITE,,NAGALAND,"Table 5.1: Water Quality of tributray streams JALDHAKA, SILTORSA, BURHIDIHING, DHANSIRI, BHARALU, DIKRONG, GAI NADI, DIGARU, DIGBOI, DIKHOW,",34,16,29,6.5,7.2,7.2,8.2,130,873,1.4,1.8,0.50,5.40,,,,,,
2024,2893,RIVER DZUCHA CONFLUENCE OF DZUCHA AND KHA,,NAGALAND,"Table 5.1: Water Quality of tributray streams JALDHAKA, SILTORSA, BURHIDIHING, DHANSIRI, BHARALU, DIKRONG, GAI NADI, DIGARU, DIGBOI, DIKHOW,",34,15,29,6.7,7.1,7.2,8.1,170,740,1.4,1.9,0.40,5.10,,,,,,
2024,2228,"GELA BEEL AT DERGAON, ASSAM",Gela Beel,ASSAM,"Table 5.1: Water Quality of tributray streams JALDHAKA, SILTORSA, BURHIDIHING, DHANSIRI, BHARALU, DIKRONG, GAI NADI, DIGARU, DIGBOI, DIKHOW,",34,18,33,5.0,8.2,6.8,7.3,120,198,1.8,2.7,0.60,1.20,620,1100,1300,2100,210,290
2024,4719,RIVER TORSA D/S OF GHUGHUMARI,Torsa,WEST BENGAL,"Table 5.1: Water Quality of tributray streams JALDHAKA, SILTORSA, BURHIDIHING, DHANSIRI, BHARALU, DIKRONG, GAI NADI, DIGARU, DIGBOI, DIKHOW,",34,19,31,6.7,8.2,6.8,7.9,101,162,1.0,2.5,0.30,1.75,1400,30000,3000,50000,26,350
2024,4724,RIVER TORSA AT HASIMARA,Torsa,WEST BENGAL,"Table 5.1: Water Quality of tributray streams JALDHAKA, SILTORSA, BURHIDIHING, DHANSIRI, BHARALU, DIKRONG, GAI NADI, DIGARU, DIGBOI, DIKHOW,",34,15,28,7.2,8.8,6.3,7.9,80,140,1.0,2.6,0.30,2.02,1100,7000,7000,22000,17,110
2024,2238,"RIVER BEKI AT NH-37 CROSSING AT BARPETA ROAD, ASSAM",Beki,ASSAM,"Table 5.1: Water Quality of tributray streams JALDHAKA, SILTORSA, BURHIDIHING, DHANSIRI, BHARALU, DIKRONG, GAI NADI, DIGARU, DIGBOI, DIKHOW,",34,15,30,5.3,5.7,6.9,7.6,128,166,2.0,2.6,0.70,1.20,300,1100,720,2000,95,290
2024,3108,RIVER BERENG AT CHOWKHAM,Bereng,ARUNACHAL PRADESH,"Table 5.1: Water Quality of tributray streams JALDHAKA, SILTORSA, BURHIDIHING, DHANSIRI, BHARALU, DIKRONG, GAI NADI, DIGARU, DIGBOI, DIKHOW,",34,18,28,6.6,8.8,7.5,7.9,87,1697,1.0,3.5,,,,,,,,
2024,1527,"RIVER BHOGDOI AT JORHAT , ASSAM",Bhogdoi,ASSAM,"Table 5.1: Water Quality of tributray streams JALDHAKA, SILTORSA, BURHIDIHING, DHANSIRI, BHARALU, DIKRONG, GAI NADI, DIGARU, DIGBOI, DIKHOW,",34,16,31,6.3,7.5,6.7,7.8,122,208,1.9,2.5,0.70,1.20,730,1100,1100,2800,270,420
2024,3769,"RIVER BHOGDOI (PUJADUBI GHAT) INTAKE POINT OF URBAN WATER SUPPLY, JORHAT",Bhogdoi,ASSAM,"Table 5.1: Water Quality of tributray streams JALDHAKA, SILTORSA, BURHIDIHING, DHANSIRI, BHARALU, DIKRONG, GAI NADI, DIGARU, DIGBOI, DIKHOW,",34,16,31,6.6,8.5,6.7,7.8,128,240,1.8,2.9,0.70,1.20,300,730,730,1500,110,280
2024,1258,"RIVER JHANJI AT N.H. CROSSING JORHAT, ASSAM",Jhanji,ASSAM,"Table 5.1: Water Quality of tributray streams JALDHAKA, SILTORSA, BURHIDIHING, DHANSIRI, BHARALU, DIKRONG, GAI NADI, DIGARU, DIGBOI, DIKHOW,",34,15,32,6.0,8.0,6.9,7.8,100,180,1.9,2.5,0.70,1.20,300,910,730,1500,110,340
2024,2063,"RIVER JIA BHARALI AT BISWANATH CHARALI, SONITPUR",Jia Bharali,ASSAM,"Table 5.1: Water Quality of tributray streams JALDHAKA, SILTORSA, BURHIDIHING, DHANSIRI, BHARALU, DIKRONG, GAI NADI, DIGARU, DIGBOI, DIKHOW,",35,14,25,6.6,8.0,6.8,7.7,106,140,2.0,2.7,0.70,1.40,300,720,910,1400,120,240
2024,2239,"RIVER SANKOSH DHUBRI, ASSAM",,ASSAM,"Table 5.1: Water Quality of tributray streams JALDHAKA, SILTORSA, BURHIDIHING, DHANSIRI, BHARALU, DIKRONG, GAI NADI, DIGARU, DIGBOI, DIKHOW,",35,18,31,5.2,5.6,6.8,7.5,126,156,2.0,2.5,0.80,1.20,300,1100,730,2000,120,290
2024,2890,SANUO RU BELOW NEW SECRETARIAT,,NAGALAND,"Table 5.1: Water Quality of tributray streams JALDHAKA, SILTORSA, BURHIDIHING, DHANSIRI, BHARALU, DIKRONG, GAI NADI, DIGARU, DIGBOI, DIKHOW,",35,15,30,6.9,7.8,7.5,8.4,130,843,1.5,1.8,0.50,10.60,,,,,,
2024,2233,"RIVER BOGINADI NEAR BRIDGE NH-52, LAKHIMPUR, ASSAM",Boginadi,ASSAM,"Table 5.1: Water Quality of tributray streams JALDHAKA, SILTORSA, BURHIDIHING, DHANSIRI, BHARALU, DIKRONG, GAI NADI, DIGARU, DIGBOI, DIKHOW,",35,20,34,5.5,8.0,6.8,7.9,116,164,2.0,2.6,0.60,1.20,600,1100,1500,2100,210,290
2024,3377,RIVER MYNTANG AT NARTIANG,Myntang,MEGHALAYA,"Table 5.1: Water Quality of tributray streams JALDHAKA, SILTORSA, BURHIDIHING, DHANSIRI, BHARALU, DIKRONG, GAI NADI, DIGARU, DIGBOI, DIKHOW,",35,15,20,7.0,8.2,6.8,7.6,36,50,1.4,2.4,0.32,0.44,4,31,140,350,2,6
2024,3378,RIVER MYNTANG AT MYNSO,Myntang,MEGHALAYA,"Table 5.1: Water Quality of tributray streams JALDHAKA, SILTORSA, BURHIDIHING, DHANSIRI, BHARALU, DIKRONG, GAI NADI, DIGARU, DIGBOI, DIKHOW,",35,15,20,7.1,8.6,6.7,7.0,40,56,1.0,1.6,0.33,0.56,2,4,17,48,2,2
2024,3380,RIVER DAMRING (KRISHNAI RIVER) AT RESUBELPARA,Damring,MEGHALAYA,"Table 5.1: Water Quality of tributray streams JALDHAKA, SILTORSA, BURHIDIHING, DHANSIRI, BHARALU, DIKRONG, GAI NADI, DIGARU, DIGBOI, DIKHOW,",35,15,24,6.9,7.8,6.7,7.3,58,74,1.2,1.8,0.32,0.42,11,45,350,630,2,12
2024,3381,"RIVER MANDA (DUDHNOI RIVER) AT JAMGE,",Manda,MEGHALAYA,"Table 5.1: Water Quality of tributray streams JALDHAKA, SILTORSA, BURHIDIHING, DHANSIRI, BHARALU, DIKRONG, GAI NADI, DIGARU, DIGBOI, DIKHOW,",35,15,25,6.7,8.0,6.7,7.0,68,81,1.3,2.1,0.32,0.50,14,45,280,630,2,10
2024,3382,RIVER MANDA (DUDHNOI RIVER) AT WAGEASI,Manda,MEGHALAYA,"Table 5.1: Water Quality of tributray streams JALDHAKA, SILTORSA, BURHIDIHING, DHANSIRI, BHARALU, DIKRONG, GAI NADI, DIGARU, DIGBOI, DIKHOW,",35,15,24,6.8,7.7,6.8,7.5,52,68,1.3,2.3,0.32,0.42,6,61,240,790,2,8
2024,4313,RIVER WAIKHRWI AT MOOPALA,Waikhrwi,MEGHALAYA,"Table 5.1: Water Quality of tributray streams JALDHAKA, SILTORSA, BURHIDIHING, DHANSIRI, BHARALU, DIKRONG, GAI NADI, DIGARU, DIGBOI, DIKHOW,",35,14,20,6.7,7.4,2.8,3.2,683,945,1.0,1.5,0.32,0.32,2,2,2,2,2,2
2024,2232,"RIVER KOHORA AT N.H. CROSSING, KOHORA, ASSAM (BRAHMAPUTRA)",Kohora,ASSAM,"Table 5.1: Water Quality of tributray streams JALDHAKA, SILTORSA, BURHIDIHING, DHANSIRI, BHARALU, DIKRONG, GAI NADI, DIGARU, DIGBOI, DIKHOW,",35,19,34,6.5,10.1,7.0,7.5,118,160,1.8,2.7,0.60,1.20,620,1100,1500,2100,210,290
2024,4314,"RIVER KWAI AT SUTNGA, JALAPHET",Kwai,MEGHALAYA,"Table 5.1: Water Quality of tributray streams JALDHAKA, SILTORSA, BURHIDIHING, DHANSIRI, BHARALU, DIKRONG, GAI NADI, DIGARU, DIGBOI, DIKHOW,",35,15,20,6.7,7.9,3.1,4.0,200,303,1.0,1.5,0.32,0.33,2,2,2,11,2,2
2024,4113,RIVER DAMRING AT BOLDAMGRE,Damring,MEGHALAYA,"Table 5.1: Water Quality of tributray streams JALDHAKA, SILTORSA, BURHIDIHING, DHANSIRI, BHARALU, DIKRONG, GAI NADI, DIGARU, DIGBOI, DIKHOW,",35,16,25,7.2,7.8,6.8,7.4,65,81,1.3,1.9,0.32,0.47,6,23,220,540,2,13
2024,4319,RIVER UMIUREM AT LALE,Umiurem,MEGHALAYA,"Table 5.1: Water Quality of tributray streams JALDHAKA, SILTORSA, BURHIDIHING, DHANSIRI, BHARALU, DIKRONG, GAI NADI, DIGARU, DIGBOI, DIKHOW,",35,15,25,7.0,8.1,3.5,4.4,126,312,1.0,1.6,0.32,5.31,2,2,2,2,2,2
2024,4320,RIVER KUPLI AT LOOSKI,Kupli,MEGHALAYA,"Table 5.1: Water Quality of tributray streams JALDHAKA, SILTORSA, BURHIDIHING, DHANSIRI, BHARALU, DIKRONG, GAI NADI, DIGARU, DIGBOI, DIKHOW,",35,15,22,6.6,7.6,3.4,4.2,130,245,1.0,1.6,0.32,0.40,2,2,2,4,2,2
2024,4321,RIVER KUPLI AT KHANDONG,Kupli,MEGHALAYA,"Table 5.1: Water Quality of tributray streams JALDHAKA, SILTORSA, BURHIDIHING, DHANSIRI, BHARALU, DIKRONG, GAI NADI, DIGARU, DIGBOI, DIKHOW,",35,14,25,6.7,7.7,3.4,4.7,122,236,1.0,1.7,0.32,0.34,2,2,2,2,2,2
2024,1929,"RIVER CHATHE NEAR ICAR, MEDZIPHEMA",Chathe,NAGALAND,"Table 5.1: Water Quality of tributray streams JALDHAKA, SILTORSA, BURHIDIHING, DHANSIRI, BHARALU, DIKRONG, GAI NADI, DIGARU, DIGBOI, DIKHOW,",35,16,28,6.9,7.9,6.8,8.0,102,463,1.3,1.7,0.50,2.20,,,,,,
2024,1930,RIVER DZU AT DZU BRIDGE,Dzu,NAGALAND,"Table 5.1: Water Quality of tributray streams JALDHAKA, SILTORSA, BURHIDIHING, DHANSIRI, BHARALU, DIKRONG, GAI NADI, DIGARU, DIGBOI, DIKHOW,",35,16,29,6.9,7.9,7.4,8.2,139,490,1.4,1.8,0.40,9.60,,,,,,
2024,2894,"RIVER MILAK AT BORBORA WARD, TULI",Milak,NAGALAND,"Table 5.1: Water Quality of tributray streams JALDHAKA, SILTORSA, BURHIDIHING, DHANSIRI, BHARALU, DIKRONG, GAI NADI, DIGARU, DIGBOI, DIKHOW,",35,17,29,7.0,7.6,6.9,8.1,70,304,1.0,1.2,0.50,3.60,,,,,,
2024,2895,"RIVER MILAK AT PAPER NAGAR, TULI",Milak,NAGALAND,"Table 5.1: Water Quality of tributray streams JALDHAKA, SILTORSA, BURHIDIHING, DHANSIRI, BHARALU, DIKRONG, GAI NADI, DIGARU, DIGBOI, DIKHOW,",35,16,30,7.0,7.6,6.7,8.1,62,280,1.0,1.2,0.40,3.20,,,,,,
2024,1802,RIVER DIKCHU BEFORE CONFLUENCS WITH RIVER TEESTA NEAR NHPC HYDROELECTRIC POWER PROJECT DIKCHU,Dikchu,SIKKIM,"Table 5.1: Water Quality of tributray streams JALDHAKA, SILTORSA, BURHIDIHING, DHANSIRI, BHARALU, DIKRONG, GAI NADI, DIGARU, DIGBOI, DIKHOW,",35,9,20,7.6,8.6,7.0,7.8,74,127,1.2,2.2,1.10,2.50,10,34,30,52,,
2024,1803,"RIVER MANEY KHOLA AT BURTUK NEAR ARMY BASE CAMP, 4 KM U/S OF GANGTOK",Maney Khola,SIKKIM,"Table 5.1: Water Quality of tributray streams JALDHAKA, SILTORSA, BURHIDIHING, DHANSIRI, BHARALU, DIKRONG, GAI NADI, DIGARU, DIGBOI, DIKHOW,",35,12,26,7.5,8.6,7.0,7.9,76,129,1.4,2.3,1.00,17.20,15,45,34,60,,
2024,1804,"RIVER MANEY KHOLA AFTER CONFLUENCS WITH RAY KHOLA AT ADAMPOOL AFTER MEETING WASTE OF STP, GANGTOK",Maney Khola,SIKKIM,"Table 5.1: Water Quality of tributray streams JALDHAKA, SILTORSA, BURHIDIHING, DHANSIRI, BHARALU, DIKRONG, GAI NADI, DIGARU, DIGBOI, DIKHOW,",36,13,22,6.5,8.1,6.7,7.6,112,184,2.0,2.9,1.90,4.90,41,84,61,126,,
2024,1805,RIVER AFTER CONFLUENCE OF RANICHU AND RORACHU AT RANIPOOL,After Confluence Of Ranichu And Rorachu,SIKKIM,"Table 5.1: Water Quality of tributray streams JALDHAKA, SILTORSA, BURHIDIHING, DHANSIRI, BHARALU, DIKRONG, GAI NADI, DIGARU, DIGBOI, DIKHOW,",36,13,22,7.0,8.4,7.1,7.9,113,164,1.7,2.4,1.30,3.30,24,68,27,96,,
2024,1806,"RIVER RANICHU BEFORE CONFLUENCE WITH TEESTA AT SINGTAM, SIKKIM",Ranichu,SIKKIM,"Table 5.1: Water Quality of tributray streams JALDHAKA, SILTORSA, BURHIDIHING, DHANSIRI, BHARALU, DIKRONG, GAI NADI, DIGARU, DIGBOI, DIKHOW,",36,14,22,7.4,8.3,7.0,7.8,111,174,1.7,2.3,1.30,3.90,25,74,48,86,,
2024,1801,RIVER TEESTA AFTER CONFLUENCS OF RIVERS LACHENCHU AND LACHUNGCHU AT CHUNGTHANG,Teesta,SIKKIM,"Table 5.1: Water Quality of tributray streams JALDHAKA, SILTORSA, BURHIDIHING, DHANSIRI, BHARALU, DIKRONG, GAI NADI, DIGARU, DIGBOI, DIKHOW,",36,9,19,7.2,8.5,7.0,7.8,92,138,1.4,2.3,1.20,2.30,11,30,31,84,2,21
2024,1807,RIVER TEESTA AFTER CONFLUENCS WITH RANICHU AT SINGTAM,Teesta,SIKKIM,"Table 5.1: Water Quality of tributray streams JALDHAKA, SILTORSA, BURHIDIHING, DHANSIRI, BHARALU, DIKRONG, GAI NADI, DIGARU, DIGBOI, DIKHOW,",36,14,23,7.4,8.4,7.0,7.6,115,174,1.6,2.3,1.20,4.00,31,61,33,75,,
2024,1808,RIVER TEESTA AFTER CONFLUENCS WITH RONGPOCHU AFTER MEETING THE INDUSTRIAL EFFLUENTS FROM THE TOWN RANGPO,Teesta,SIKKIM,"Table 5.1: Water Quality of tributray streams JALDHAKA, SILTORSA, BURHIDIHING, DHANSIRI, BHARALU, DIKRONG, GAI NADI, DIGARU, DIGBOI, DIKHOW,",36,14,24,7.6,8.3,7.1,8.0,121,170,2.0,2.4,1.20,3.40,27,68,29,85,,
2024,1809,RIVER TEESTA AT MELLI DOWNSTREAM MELLI,Teesta,SIKKIM,"Table 5.1: Water Quality of tributray streams JALDHAKA, SILTORSA, BURHIDIHING, DHANSIRI, BHARALU, DIKRONG, GAI NADI, DIGARU, DIGBOI, DIKHOW,",36,15,24,7.4,8.9,7.1,7.8,119,172,2.0,2.4,1.70,2.50,31,56,48,84,,
2024,5556,"RIVER TEESTA AT MAMRING BELOW MAMRING BRIDGE,NAMCHI, DIST , SIKKIM",Teesta,SIKKIM,"Table 5.1: Water Quality of tributray streams JALDHAKA, SILTORSA, BURHIDIHING, DHANSIRI, BHARALU, DIKRONG, GAI NADI, DIGARU, DIGBOI, DIKHOW,",36,13,25,7.4,8.2,7.0,7.5,46,166,1.8,2.4,2.00,4.30,24,56,44,80,,
2024,5557,"RIVER TEESTA AT BARDANG BELOW ATTC, PAKYONG DIST",Teesta,SIKKIM,"Table 5.1: Water Quality of tributray streams JALDHAKA, SILTORSA, BURHIDIHING, DHANSIRI, BHARALU, DIKRONG, GAI NADI, DIGARU, DIGBOI, DIKHOW,",36,13,26,7.4,8.4,6.9,7.5,43,161,2.0,2.3,1.90,4.10,24,57,28,77,,
2024,2034,RIVER RANGIT AT DAM SITE (NHPC),Rangit,SIKKIM,"Table 5.1: Water Quality of tributray streams JALDHAKA, SILTORSA, BURHIDIHING, DHANSIRI, BHARALU, DIKRONG, GAI NADI, DIGARU, DIGBOI, DIKHOW,",36,15,24,7.9,8.3,7.0,7.9,109,152,1.4,2.3,1.10,3.80,21,51,42,82,,
2024,2035,RIVER RANGIT AT LEGSHIP,Rangit,SIKKIM,"Table 5.1: Water Quality of tributray streams JALDHAKA, SILTORSA, BURHIDIHING, DHANSIRI, BHARALU, DIKRONG, GAI NADI, DIGARU, DIGBOI, DIKHOW,",36,15,26,7.4,8.5,7.0,7.9,114,161,1.6,2.3,1.40,4.00,26,61,44,84,,
2024,2036,RIVER RANGIT AT RESHI,Rangit,SIKKIM,"Table 5.1: Water Quality of tributray streams JALDHAKA, SILTORSA, BURHIDIHING, DHANSIRI, BHARALU, DIKRONG, GAI NADI, DIGARU, DIGBOI, DIKHOW,",36,15,25,7.3,8.4,6.9,7.6,121,157,1.9,2.3,1.40,3.60,27,71,51,88,,
2024,2037,RIVER RANGIT AT JORETHANG,Rangit,SIKKIM,"Table 5.1: Water Quality of tributray streams JALDHAKA, SILTORSA, BURHIDIHING, DHANSIRI, BHARALU, DIKRONG, GAI NADI, DIGARU, DIGBOI, DIKHOW,",36,13,23,7.5,8.2,7.0,7.7,124,170,1.9,2.5,1.60,3.90,26,73,32,85,,
2024,2038,RIVER RANGIT AT TRIVENI MELLI,Rangit,SIKKIM,"Table 5.1: Water Quality of tributray streams JALDHAKA, SILTORSA, BURHIDIHING, DHANSIRI, BHARALU, DIKRONG, GAI NADI, DIGARU, DIGBOI, DIKHOW,",36,15,24,7.4,8.2,7.1,7.6,124,160,1.8,2.7,1.60,3.50,27,59,49,80,,
2024,5553,"RIVER RANGIT AT UPSTREAM OF DAM , RANGIT STAGE-IV RESHI NHPC RESHI SORENG,DIST",Rangit,SIKKIM,"Table 5.1: Water Quality of tributray streams JALDHAKA, SILTORSA, BURHIDIHING, DHANSIRI, BHARALU, DIKRONG, GAI NADI, DIGARU, DIGBOI, DIKHOW,",36,15,26,7.4,8.2,6.9,7.8,46,156,1.9,2.4,1.50,4.20,25,58,48,78,,
2024,5554,"RIVER RANGIT AT JORETHANG (MAJIGOAN), NAMCHI",Rangit,SIKKIM,"Table 5.1: Water Quality of tributray streams JALDHAKA, SILTORSA, BURHIDIHING, DHANSIRI, BHARALU, DIKRONG, GAI NADI, DIGARU, DIGBOI, DIKHOW,",36,14,26,7.6,8.2,7.0,7.9,42,153,1.6,2.5,1.70,4.00,24,55,47,83,,
2024,5555,"RIVER RANGIT AT MANPUR(BELOW INDUSTRIAL AREA),NAMCHI DIST SIKKIM",Rangit,SIKKIM,"Table 5.1: Water Quality of tributray streams JALDHAKA, SILTORSA, BURHIDIHING, DHANSIRI, BHARALU, DIKRONG, GAI NADI, DIGARU, DIGBOI, DIKHOW,",36,12,26,7.2,8.3,7.0,7.7,47,148,2.0,2.4,1.80,3.50,26,65,43,75,,
2024,5281,RIVER RANGPO U/S DAM SITE,Rangpo,SIKKIM,"Table 5.1: Water Quality of tributray streams JALDHAKA, SILTORSA, BURHIDIHING, DHANSIRI, BHARALU, DIKRONG, GAI NADI, DIGARU, DIGBOI, DIKHOW,",36,12,24,7.6,8.4,7.1,7.8,118,153,1.6,2.6,1.40,3.90,26,61,48,84,,
2024,5282,RIVER RANGPO D/S DAM SITE,Rangpo,SIKKIM,"Table 5.1: Water Quality of tributray streams JALDHAKA, SILTORSA, BURHIDIHING, DHANSIRI, BHARALU, DIKRONG, GAI NADI, DIGARU, DIGBOI, DIKHOW,",36,12,24,7.5,8.4,7.1,7.6,132,158,1.9,2.5,1.70,3.90,25,69,53,85,,
2024,5283,RIVER RONGLI U/S DAM SITE,Rongli,SIKKIM,"Table 5.1: Water Quality of tributray streams JALDHAKA, SILTORSA, BURHIDIHING, DHANSIRI, BHARALU, DIKRONG, GAI NADI, DIGARU, DIGBOI, DIKHOW,",36,13,24,7.9,8.3,7.0,7.8,112,152,1.2,2.5,1.30,3.40,26,64,50,86,,
2024,5284,RIVER RONGLI D/S DAM SITE,Rongli,SIKKIM,"Table 5.1: Water Quality of tributray streams JALDHAKA, SILTORSA, BURHIDIHING, DHANSIRI, BHARALU, DIKRONG, GAI NADI, DIGARU, DIGBOI, DIKHOW,",36,12,24,7.4,8.2,7.0,7.6,35,156,1.9,2.4,1.30,3.90,24,69,48,85,,
2024,5285,RIVER RANGPO AT POWER HOUSE D/S OF GATI INFRASTRUCTURE PVT. LTD.,Rangpo,SIKKIM,"Table 5.1: Water Quality of tributray streams JALDHAKA, SILTORSA, BURHIDIHING, DHANSIRI, BHARALU, DIKRONG, GAI NADI, DIGARU, DIGBOI, DIKHOW,",36,11,24,7.4,8.4,7.0,7.7,32,152,1.5,2.3,1.60,4.20,27,64,51,84,,
2024,5286,RIVER RANGPO AT U/S OF RORATHANG BAZAR (ABOVE SWISS GARNIER),Rangpo,SIKKIM,"Table 5.1: Water Quality of tributray streams JALDHAKA, SILTORSA, BURHIDIHING, DHANSIRI, BHARALU, DIKRONG, GAI NADI, DIGARU, DIGBOI, DIKHOW,",37,12,24,7.4,8.3,7.1,7.8,29,152,1.7,2.3,1.90,4.10,26,69,51,88,,
2024,5287,RIVER RANGPO AT D/S OF RORATHANG BRIDGE,Rangpo,SIKKIM,"Table 5.1: Water Quality of tributray streams JALDHAKA, SILTORSA, BURHIDIHING, DHANSIRI, BHARALU, DIKRONG, GAI NADI, DIGARU, DIGBOI, DIKHOW,",37,12,25,7.2,8.3,7.0,7.6,28,147,1.4,2.3,2.00,4.60,27,64,49,81,,
2024,5288,RIVER RANGPO AT D/S OF PHARMA PLANT KUMREK,Rangpo,SIKKIM,"Table 5.1: Water Quality of tributray streams JALDHAKA, SILTORSA, BURHIDIHING, DHANSIRI, BHARALU, DIKRONG, GAI NADI, DIGARU, DIGBOI, DIKHOW,",37,11,24,7.5,8.2,6.8,7.5,29,164,1.4,2.6,2.10,4.30,22,64,53,86,,
2024,5289,RIVER RANGPO AT D/S OF POWER HOUSE OF MADHYA BHARAT,Rangpo,SIKKIM,"Table 5.1: Water Quality of tributray streams JALDHAKA, SILTORSA, BURHIDIHING, DHANSIRI, BHARALU, DIKRONG, GAI NADI, DIGARU, DIGBOI, DIKHOW,",37,12,22,7.2,8.3,7.0,7.8,31,170,1.7,2.3,2.00,4.40,24,63,43,87,,
2024,3099,RIVER LOHIT AT ALUBARI (D/S),Lohit,ARUNACHAL PRADESH,"Table 5.1: Water Quality of tributray streams JALDHAKA, SILTORSA, BURHIDIHING, DHANSIRI, BHARALU, DIKRONG, GAI NADI, DIGARU, DIGBOI, DIKHOW,",37,18,28,5.5,8.9,7.6,7.9,63,251,1.0,3.4,,,,,,,,
2024,3100,RIVER NAMCHIK AT KHARSANG,Namchik,ARUNACHAL PRADESH,"Table 5.1: Water Quality of tributray streams JALDHAKA, SILTORSA, BURHIDIHING, DHANSIRI, BHARALU, DIKRONG, GAI NADI, DIGARU, DIGBOI, DIKHOW,",37,19,31,6.0,8.7,7.2,8.3,65,167,1.0,3.0,,,,,,,,
2024,3101,"RIVER KAMENG AT TIPPI, BHALUKPONG (U/S)",Kameng,ARUNACHAL PRADESH,"Table 5.1: Water Quality of tributray streams JALDHAKA, SILTORSA, BURHIDIHING, DHANSIRI, BHARALU, DIKRONG, GAI NADI, DIGARU, DIGBOI, DIKHOW,",37,20,21,4.5,9.8,7.2,8.2,77,855,1.0,2.4,,,,,,,,
2024,3103,"RIVER PACHIN AT NAHARLAGUN (BELOW BARAPANI BRIDGE), (D/S OF RIVER SENKI)",Pachin,ARUNACHAL PRADESH,"Table 5.1: Water Quality of tributray streams JALDHAKA, SILTORSA, BURHIDIHING, DHANSIRI, BHARALU, DIKRONG, GAI NADI, DIGARU, DIGBOI, DIKHOW,",37,21,32,4.5,9.4,7.2,8.3,125,152,1.0,3.0,,,,,,,,
2024,3104,RIVER POMA AT POMA,Poma,ARUNACHAL PRADESH,"Table 5.1: Water Quality of tributray streams JALDHAKA, SILTORSA, BURHIDIHING, DHANSIRI, BHARALU, DIKRONG, GAI NADI, DIGARU, DIGBOI, DIKHOW,",37,15,29,7.0,9.2,7.6,8.4,49,80,1.0,2.9,,,,,,,,
2024,3106,RIVER DIBANG AT ROING (U/S),Dibang,ARUNACHAL PRADESH,"Table 5.1: Water Quality of tributray streams JALDHAKA, SILTORSA, BURHIDIHING, DHANSIRI, BHARALU, DIKRONG, GAI NADI, DIGARU, DIGBOI, DIKHOW,",37,17,29,7.0,8.8,7.3,8.3,91,165,1.0,3.9,,,,,,,,
2024,3109,"RIVER NOA DIHING AT NAMSAI, (D/S OF DIHING)",Noa Dihing,ARUNACHAL PRADESH,"Table 5.1: Water Quality of tributray streams JALDHAKA, SILTORSA, BURHIDIHING, DHANSIRI, BHARALU, DIKRONG, GAI NADI, DIGARU, DIGBOI, DIKHOW,",37,18,29,5.0,8.8,7.4,8.3,79,238,1.0,3.0,,,,,,,,
2024,3110,RIVER YOMGO AT AALO (U/S),Yomgo,ARUNACHAL PRADESH,"Table 5.1: Water Quality of tributray streams JALDHAKA, SILTORSA, BURHIDIHING, DHANSIRI, BHARALU, DIKRONG, GAI NADI, DIGARU, DIGBOI, DIKHOW,",37,20,25,7.0,9.6,7.6,8.1,98,1028,1.2,1.4,,,,,,,,
2024,3111,RIVER RANGANADI AT YAZALI (NEEPCO-RHEP),Ranganadi,ARUNACHAL PRADESH,"Table 5.1: Water Quality of tributray streams JALDHAKA, SILTORSA, BURHIDIHING, DHANSIRI, BHARALU, DIKRONG, GAI NADI, DIGARU, DIGBOI, DIKHOW,",37,16,30,4.4,10.2,7.4,8.3,36,156,1.0,1.8,,,,,,,,
2024,1299,"RIVER BRAHMAPUTRA AT JOGIGHOPA NEAR BRIDGE, ASSAM",Brahmaputra,ASSAM,"Table 5.1: Water Quality of tributray streams JALDHAKA, SILTORSA, BURHIDIHING, DHANSIRI, BHARALU, DIKRONG, GAI NADI, DIGARU, DIGBOI, DIKHOW,",37,19,29,5.7,7.2,7.0,7.6,142,158,2.0,2.7,0.60,1.60,730,1100,1100,2400,210,290
2024,1531,"RIVER MORA BHARALI AT TEZPUR, ASSAM",Mora Bharali,ASSAM,"Table 5.1: Water Quality of tributray streams JALDHAKA, SILTORSA, BURHIDIHING, DHANSIRI, BHARALU, DIKRONG, GAI NADI, DIGARU, DIGBOI, DIKHOW,",37,19,32,3.7,7.5,6.8,7.8,130,178,3.1,3.4,0.70,1.40,300,1100,720,2000,95,290
2024,2059,"RIVER KOLONG AT MARIGAON, ASSAM",Kolong,ASSAM,"Table 5.1: Water Quality of tributray streams JALDHAKA, SILTORSA, BURHIDIHING, DHANSIRI, BHARALU, DIKRONG, GAI NADI, DIGARU, DIGBOI, DIKHOW,",37,19,29,5.0,7.9,6.8,7.7,90,198,2.0,2.6,0.60,1.70,720,1100,1100,2100,210,290
2024,2060,"RIVER MANAS AT NH-31 CROSSING, BARPETA DISTRICT, ASSAM",Manas,ASSAM,"Table 5.1: Water Quality of tributray streams JALDHAKA, SILTORSA, BURHIDIHING, DHANSIRI, BHARALU, DIKRONG, GAI NADI, DIGARU, DIGBOI, DIKHOW,",37,18,32,5.1,5.5,6.8,7.6,128,160,1.9,2.4,0.70,1.20,360,730,910,1500,150,240
2024,2061,"RIVER KHARSANG B/C WITH BURIDIHING NEAR KHARSANG (ASSAM-ARUNANCHAL BORDER), ASSAM",,ASSAM,"Table 5.1: Water Quality of tributray streams JALDHAKA, SILTORSA, BURHIDIHING, DHANSIRI, BHARALU, DIKRONG, GAI NADI, DIGARU, DIGBOI, DIKHOW,",37,20,31,5.5,10.4,7.0,7.9,128,176,1.8,2.6,0.60,1.00,620,1500,1300,2100,210,290
2024,2065,"RIVER PAGLDIA NEAR NALBARI TOWN, DIST. NALBARI, ASSAM",Pagldia,ASSAM,"Table 5.1: Water Quality of tributray streams JALDHAKA, SILTORSA, BURHIDIHING, DHANSIRI, BHARALU, DIKRONG, GAI NADI, DIGARU, DIGBOI, DIKHOW,",37,17,34,6.7,9.9,6.9,8.0,128,238,2.1,2.7,0.70,2.50,720,1100,1400,2100,210,290
2024,2068,"RIVER KATHAKAL U/S AT MATIJURI, DIST. HAILAKANDI, ASSAM",Kathakal,ASSAM,"Table 5.1: Water Quality of tributray streams JALDHAKA, SILTORSA, BURHIDIHING, DHANSIRI, BHARALU, DIKRONG, GAI NADI, DIGARU, DIGBOI, DIKHOW,",37,21,24,5.0,6.6,7.2,7.4,104,140,2.1,2.5,0.70,1.00,730,1100,1500,2100,240,290
2024,2229,"RIVER KUNDLI AT KUNDLI/ SAPAKHOWA, SADIA, ASSAM",Kundli,ASSAM,"Table 5.1: Water Quality of tributray streams JALDHAKA, SILTORSA, BURHIDIHING, DHANSIRI, BHARALU, DIKRONG, GAI NADI, DIGARU, DIGBOI, DIKHOW,",37,17,30,6.0,9.7,6.9,7.7,134,200,2.0,2.6,0.60,1.10,620,1100,1100,2300,210,290
2024,2234,"RIVER RANGA NADI D/S OF HYDEL PROJECT, ASSAM",Ranga Nadi,ASSAM,"Table 5.1: Water Quality of tributray streams JALDHAKA, SILTORSA, BURHIDIHING, DHANSIRI, BHARALU, DIKRONG, GAI NADI, DIGARU, DIGBOI, DIKHOW,",37,19,32,5.0,7.6,7.0,7.9,128,174,1.8,2.4,0.60,1.10,360,730,910,1600,150,240
2024,2235,"RIVER PANCHNOI AT NH-52 CROSSING, ORANG, ASSAM",Panchnoi,ASSAM,"Table 5.1: Water Quality of tributray streams JALDHAKA, SILTORSA, BURHIDIHING, DHANSIRI, BHARALU, DIKRONG, GAI NADI, DIGARU, DIGBOI, DIKHOW,",37,16,28,5.0,7.2,7.0,7.8,92,150,1.8,2.5,0.60,1.40,360,930,910,1600,120,240
2024,2236,"RIVER KAPILI AT DHARMTUL BRIDGE, NH-31, MORIGAON, ASSAM",Kapili,ASSAM,"Table 5.1: Water Quality of tributray streams JALDHAKA, SILTORSA, BURHIDIHING, DHANSIRI, BHARALU, DIKRONG, GAI NADI, DIGARU, DIGBOI, DIKHOW,",38,19,30,5.0,8.3,7.0,7.6,92,146,1.9,2.6,0.60,1.40,360,910,910,2000,120,290
2024,2237,"RIVER KOLONG AT U/S OF ANANDARAM DEKIAL PHUKAN BRIDGE, NAGAON, ASSAM",Kolong,ASSAM,"Table 5.1: Water Quality of tributray streams JALDHAKA, SILTORSA, BURHIDIHING, DHANSIRI, BHARALU, DIKRONG, GAI NADI, DIGARU, DIGBOI, DIKHOW,",38,18,30,4.7,7.8,6.6,7.3,112,150,1.9,2.8,0.60,1.60,720,1100,1500,2100,210,290
2024,2241,"RIVER SONAI AT SONAI, ASSAM",Sonai,ASSAM,"Table 5.1: Water Quality of tributray streams JALDHAKA, SILTORSA, BURHIDIHING, DHANSIRI, BHARALU, DIKRONG, GAI NADI, DIGARU, DIGBOI, DIKHOW,",38,21,24,5.2,5.9,7.1,7.3,102,118,1.9,2.6,0.60,1.20,300,910,930,2000,95,290
2024,3760,"RIVER BAROI NEAR BRIDGE AT NH-52, BISWANATH DISTRICT",Baroi,ASSAM,"Table 5.1: Water Quality of tributray streams JALDHAKA, SILTORSA, BURHIDIHING, DHANSIRI, BHARALU, DIKRONG, GAI NADI, DIGARU, DIGBOI, DIKHOW,",38,18,30,5.6,7.3,6.8,7.9,100,146,2.0,2.4,0.70,1.60,300,910,910,1500,95,290
2024,3765,"RIVER BEGA MG ROAD, MANGALDOI",,ASSAM,"Table 5.1: Water Quality of tributray streams JALDHAKA, SILTORSA, BURHIDIHING, DHANSIRI, BHARALU, DIKRONG, GAI NADI, DIGARU, DIGBOI, DIKHOW,",38,18,32,1.8,6.5,7.0,7.5,120,176,3.1,3.4,0.80,1.20,910,1100,1900,2100,240,290
2024,3767,"RIVER NUWA NOI NEAR BRIDGE OVER BOINAOJA PARA, MANGALDOI",Nuwa Noi,ASSAM,"Table 5.1: Water Quality of tributray streams JALDHAKA, SILTORSA, BURHIDIHING, DHANSIRI, BHARALU, DIKRONG, GAI NADI, DIGARU, DIGBOI, DIKHOW,",38,19,32,5.3,9.7,7.0,7.8,88,132,2.0,2.7,0.70,1.20,600,730,1100,1600,210,240
2024,3768,RIVER KAKODONGA AT NH-37 CROSSING,Kakodonga,ASSAM,"Table 5.1: Water Quality of tributray streams JALDHAKA, SILTORSA, BURHIDIHING, DHANSIRI, BHARALU, DIKRONG, GAI NADI, DIGARU, DIGBOI, DIKHOW,",38,17,32,5.4,7.2,6.7,8.0,102,144,2.0,2.5,0.70,1.20,300,910,730,2100,110,290
2024,3773,RIVER TOWKAK AT SONARI,Towkak,ASSAM,"Table 5.1: Water Quality of tributray streams JALDHAKA, SILTORSA, BURHIDIHING, DHANSIRI, BHARALU, DIKRONG, GAI NADI, DIGARU, DIGBOI, DIKHOW,",38,16,34,6.0,7.9,6.9,7.9,96,134,1.7,2.3,0.60,1.10,360,910,730,2100,140,340
2024,3774,RIVER SUFFRY AT MAIBELLA,Suffry,ASSAM,"Table 5.1: Water Quality of tributray streams JALDHAKA, SILTORSA, BURHIDIHING, DHANSIRI, BHARALU, DIKRONG, GAI NADI, DIGARU, DIGBOI, DIKHOW,",38,16,34,5.7,7.9,6.6,6.9,98,216,1.6,2.6,0.70,1.30,300,730,730,1100,100,270
2024,3780,"RIVER SESSA NEAR SESSA TINIALI, NH BRIDGE, DIBRUGARH",Sessa,ASSAM,"Table 5.1: Water Quality of tributray streams JALDHAKA, SILTORSA, BURHIDIHING, DHANSIRI, BHARALU, DIKRONG, GAI NADI, DIGARU, DIGBOI, DIKHOW,",38,18,29,5.2,8.9,6.8,7.4,106,136,2.1,2.7,0.70,1.40,360,730,730,1600,120,240
2024,3784,"RIVER TINGRAI NEAR TINSUKIA MSW DUMPING SITE, ITAKHOLA",Tingrai,ASSAM,"Table 5.1: Water Quality of tributray streams JALDHAKA, SILTORSA, BURHIDIHING, DHANSIRI, BHARALU, DIKRONG, GAI NADI, DIGARU, DIGBOI, DIKHOW,",38,19,31,5.6,10.2,6.8,7.6,102,148,1.8,2.4,0.60,1.60,360,1100,910,2100,150,290
2024,3788,"RIVER JIADHAL KUMOTIYA RIVER NEAR JIADHAL BRIDGE, DHEMAJI",Jiadhal Kumotiya River,ASSAM,"Table 5.1: Water Quality of tributray streams JALDHAKA, SILTORSA, BURHIDIHING, DHANSIRI, BHARALU, DIKRONG, GAI NADI, DIGARU, DIGBOI, DIKHOW,",38,18,29,5.9,9.5,6.8,7.5,122,182,1.8,2.5,0.60,1.20,360,730,1100,1400,120,240
2024,3791,"RIVER KALIANI NEAR KANAIGHAT BRIDGE, KANAIGHAT",Kaliani,ASSAM,"Table 5.1: Water Quality of tributray streams JALDHAKA, SILTORSA, BURHIDIHING, DHANSIRI, BHARALU, DIKRONG, GAI NADI, DIGARU, DIGBOI, DIKHOW,",38,18,33,6.3,10.9,6.9,7.6,90,152,2.0,2.5,0.70,1.40,620,1100,1400,2000,210,290
2024,3796,RIVER KUJI (NEAR NEW BOGAGIGAON) NEAR WATER INTAKE POINT FOR NF RAILWAY,Kuji,ASSAM,"Table 5.1: Water Quality of tributray streams JALDHAKA, SILTORSA, BURHIDIHING, DHANSIRI, BHARALU, DIKRONG, GAI NADI, DIGARU, DIGBOI, DIKHOW,",38,20,30,5.2,5.5,6.7,7.5,142,178,2.0,2.7,0.60,1.20,600,730,1200,1900,210,240
2024,3797,RIVER MANAS (SANTOSHPUR) NEAR LENGTISINGA,Manas,ASSAM,"Table 5.1: Water Quality of tributray streams JALDHAKA, SILTORSA, BURHIDIHING, DHANSIRI, BHARALU, DIKRONG, GAI NADI, DIGARU, DIGBOI, DIKHOW,",38,19,33,5.0,5.6,6.8,7.5,122,162,1.9,2.6,0.80,1.20,620,730,1100,1600,210,240
2024,3799,RIVER KILLING IN MORIGAON DISTRICT,,ASSAM,"Table 5.1: Water Quality of tributray streams JALDHAKA, SILTORSA, BURHIDIHING, DHANSIRI, BHARALU, DIKRONG, GAI NADI, DIGARU, DIGBOI, DIKHOW,",38,17,29,5.1,10.0,7.0,7.8,76,96,1.8,2.6,0.60,1.20,600,730,1100,1600,120,240
2024,3803,"RIVER MADHURA AT MADHURAGHAT, CACHAR",Madhura,ASSAM,"Table 5.1: Water Quality of tributray streams JALDHAKA, SILTORSA, BURHIDIHING, DHANSIRI, BHARALU, DIKRONG, GAI NADI, DIGARU, DIGBOI, DIKHOW,",38,18,23,5.3,5.9,7.0,7.2,100,146,2.2,2.8,0.60,1.20,600,910,1100,2000,210,240
2024,3810,RIVER KULSI AT CHAYGAON NEAR NH37 CROSSING,Kulsi,ASSAM,"Table 5.1: Water Quality of tributray streams JALDHAKA, SILTORSA, BURHIDIHING, DHANSIRI, BHARALU, DIKRONG, GAI NADI, DIGARU, DIGBOI, DIKHOW,",38,17,31,7.1,10.4,6.9,7.6,80,198,2.2,2.7,0.60,1.20,720,1400,1100,2100,210,460
2024,3811,RIVER PUTHIMARI NEAR PUTHIMARI CHOWK AT NH CROSSING,Puthimari,ASSAM,"Table 5.1: Water Quality of tributray streams JALDHAKA, SILTORSA, BURHIDIHING, DHANSIRI, BHARALU, DIKRONG, GAI NADI, DIGARU, DIGBOI, DIKHOW,",38,18,32,6.8,10.5,7.1,8.1,126,274,2.0,2.4,0.60,1.20,600,1100,1300,2100,210,290
2024,4344,"RIVER TIHU (NEAR BRIDGE ALONG NH-31) TIHU, NALBARI",Tihu,ASSAM,"Table 5.1: Water Quality of tributray streams JALDHAKA, SILTORSA, BURHIDIHING, DHANSIRI, BHARALU, DIKRONG, GAI NADI, DIGARU, DIGBOI, DIKHOW,",38,17,30,5.7,9.6,7.0,8.0,112,212,2.0,2.6,0.60,1.00,730,940,1500,1900,210,290
2024,4345,"RIVER SINGRA (NEAR BRIDGE ALONG NH-37) BOKO, KAMRUP",Singra,ASSAM,"Table 5.1: Water Quality of tributray streams JALDHAKA, SILTORSA, BURHIDIHING, DHANSIRI, BHARALU, DIKRONG, GAI NADI, DIGARU, DIGBOI, DIKHOW,",38,16,31,7.1,9.3,6.8,7.6,86,136,2.0,2.6,0.60,1.20,620,1400,1200,2000,210,490
2024,5135,"RIVER AIE NEAR RAKHALDUBI DIST., BONGAIGAON, ASSAM",Aie,ASSAM,"Table 5.1: Water Quality of tributray streams JALDHAKA, SILTORSA, BURHIDIHING, DHANSIRI, BHARALU, DIKRONG, GAI NADI, DIGARU, DIGBOI, DIKHOW,",38,19,32,5.1,5.6,6.7,7.6,120,140,2.0,2.6,0.70,2.10,300,940,720,2000,95,290
2024,5138,"RIVER, TUNIA U/S BRPL, DHALIGAON, DIST. CHIRANG, ASSAM",,ASSAM,"Table 5.1: Water Quality of tributray streams JALDHAKA, SILTORSA, BURHIDIHING, DHANSIRI, BHARALU, DIKRONG, GAI NADI, DIGARU, DIGBOI, DIKHOW,",39,19,30,5.0,5.4,7.0,7.6,105,146,2.0,2.5,0.60,1.00,620,1400,1300,2600,210,460
2024,5139,"RIVER JAMUNA AT DOBOKA NEAR BRIDGE, DIST. HOJAI",Jamuna,ASSAM,"Table 5.1: Water Quality of tributray streams JALDHAKA, SILTORSA, BURHIDIHING, DHANSIRI, BHARALU, DIKRONG, GAI NADI, DIGARU, DIGBOI, DIKHOW,",39,19,33,5.0,10.0,6.9,7.6,86,132,1.9,2.5,0.60,1.20,360,1100,910,2100,120,290
2024,5140,"RIVER BONDANJAN, SLUICE GATE, BIRKUCHI NARENGI TINIALI, KHARGHULI, NO. 2",,ASSAM,"Table 5.1: Water Quality of tributray streams JALDHAKA, SILTORSA, BURHIDIHING, DHANSIRI, BHARALU, DIKRONG, GAI NADI, DIGARU, DIGBOI, DIKHOW,",39,19,32,0.3,5.9,7.0,7.6,120,242,2.1,3.4,0.80,1.40,1400,2000,2400,3500,290,460
2024,5141,"RIVER BASISTHA BASISTHA CHARIALI, NUTAN BAZAAR, GUWAHATI",,ASSAM,"Table 5.1: Water Quality of tributray streams JALDHAKA, SILTORSA, BURHIDIHING, DHANSIRI, BHARALU, DIKRONG, GAI NADI, DIGARU, DIGBOI, DIKHOW,",39,19,29,3.9,8.9,6.8,7.8,120,158,2.0,3.0,0.70,1.80,1400,1600,2400,3400,460,460
2024,5142,"RIVER PAMOHI GACHUK, PAMOHI ROAD, GUWAHATI",,ASSAM,"Table 5.1: Water Quality of tributray streams JALDHAKA, SILTORSA, BURHIDIHING, DHANSIRI, BHARALU, DIKRONG, GAI NADI, DIGARU, DIGBOI, DIKHOW,",39,19,30,2.2,5.6,6.8,7.4,168,260,2.2,3.4,0.70,1.70,1100,1500,2100,2800,290,460
2024,5599,RIVER GADADHAR AT GOLKGANJ BRIDGE,Gadadhar,ASSAM,"Table 5.1: Water Quality of tributray streams JALDHAKA, SILTORSA, BURHIDIHING, DHANSIRI, BHARALU, DIKRONG, GAI NADI, DIGARU, DIGBOI, DIKHOW,",39,16,29,5.2,6.5,7.0,7.3,116,138,1.9,2.5,0.60,2.00,620,1400,940,2100,210,460
2024,5600,RIVER NAMDANG NEAR BRIDGE AT HATI PATTY GELEKY,Namdang,ASSAM,"Table 5.1: Water Quality of tributray streams JALDHAKA, SILTORSA, BURHIDIHING, DHANSIRI, BHARALU, DIKRONG, GAI NADI, DIGARU, DIGBOI, DIKHOW,",39,19,32,5.5,7.7,6.5,6.9,110,194,1.8,2.3,0.80,1.40,260,360,700,910,110,140
2024,5601,RIVER NAMDANG AT KALUGAON,Namdang,ASSAM,"Table 5.1: Water Quality of tributray streams JALDHAKA, SILTORSA, BURHIDIHING, DHANSIRI, BHARALU, DIKRONG, GAI NADI, DIGARU, DIGBOI, DIKHOW,",39,19,32,5.0,7.8,6.5,6.9,104,167,1.8,2.4,0.70,1.30,300,360,730,910,110,140
2024,5602,"RIVER KAPILI AT KHERONI GHAT NEAR BRIDGE, WEST KARBI ANGLONG , KHERONI",Kapili,ASSAM,"Table 5.1: Water Quality of tributray streams JALDHAKA, SILTORSA, BURHIDIHING, DHANSIRI, BHARALU, DIKRONG, GAI NADI, DIGARU, DIGBOI, DIKHOW,",39,19,29,5.2,9.5,6.9,7.6,92,148,1.9,2.6,0.80,1.00,620,930,1100,2000,210,290
2024,5604,"RIVER EGO (SIMEN) NEAR SIMENCHAPORI BRIDGE,DHEMAJI",Ego,ASSAM,"Table 5.1: Water Quality of tributray streams JALDHAKA, SILTORSA, BURHIDIHING, DHANSIRI, BHARALU, DIKRONG, GAI NADI, DIGARU, DIGBOI, DIKHOW,",39,20,28,6.6,10.0,6.9,8.2,118,174,1.8,2.5,0.60,1.00,600,1100,1100,2100,210,290
2024,5605,RIVER DISANG AT NANGALMARA GHAT,Disang,ASSAM,"Table 5.1: Water Quality of tributray streams JALDHAKA, SILTORSA, BURHIDIHING, DHANSIRI, BHARALU, DIKRONG, GAI NADI, DIGARU, DIGBOI, DIKHOW,",39,18,30,5.8,7.8,7.2,7.8,108,166,1.8,2.5,0.80,1.40,360,910,730,2100,130,340
2024,5606,RIVER DIKHOW AT SIMALUGURI,Dikhow,ASSAM,"Table 5.1: Water Quality of tributray streams JALDHAKA, SILTORSA, BURHIDIHING, DHANSIRI, BHARALU, DIKRONG, GAI NADI, DIGARU, DIGBOI, DIKHOW,",39,17,33,6.0,7.7,6.8,7.6,122,188,1.8,2.4,0.80,1.10,700,1100,1100,2100,260,420
2024,5607,RIVER TIHU AT D/S OF INDUSTRIAL AREA NEAR HELOCHAPARA SHIVA TEMPLE,Tihu,ASSAM,"Table 5.1: Water Quality of tributray streams JALDHAKA, SILTORSA, BURHIDIHING, DHANSIRI, BHARALU, DIKRONG, GAI NADI, DIGARU, DIGBOI, DIKHOW,",39,18,31,6.0,10.3,7.0,7.9,120,212,2.0,2.6,0.60,1.20,910,1500,2000,2600,290,460
2024,5608,RIVER KULSI AT KUKURMARA,Kulsi,ASSAM,"Table 5.1: Water Quality of tributray streams JALDHAKA, SILTORSA, BURHIDIHING, DHANSIRI, BHARALU, DIKRONG, GAI NADI, DIGARU, DIGBOI, DIKHOW,",39,17,32,6.0,10.4,6.8,7.6,84,140,2.0,2.5,0.80,1.40,620,930,1300,2000,210,290
2024,5609,RIVER TUNIA AT NEW BONGAIGAON RAILWAY STATION,Tunia,ASSAM,"Table 5.1: Water Quality of tributray streams JALDHAKA, SILTORSA, BURHIDIHING, DHANSIRI, BHARALU, DIKRONG, GAI NADI, DIGARU, DIGBOI, DIKHOW,",39,21,32,5.1,5.3,7.0,7.6,122,160,2.3,2.7,0.60,1.20,730,1100,1500,2800,240,290
2024,5611,RIVER MORNOI AT MORNOI GHAT,Mornoi,ASSAM,"Table 5.1: Water Quality of tributray streams JALDHAKA, SILTORSA, BURHIDIHING, DHANSIRI, BHARALU, DIKRONG, GAI NADI, DIGARU, DIGBOI, DIKHOW,",39,18,32,5.2,9.4,7.0,7.8,80,138,2.0,2.5,0.60,1.20,360,730,910,1500,150,240
2024,5613,RIVER DOOMDOOMA AT D/S OF DOOMDOOMA TOWN AT HANSARA,Doomdooma,ASSAM,"Table 5.1: Water Quality of tributray streams JALDHAKA, SILTORSA, BURHIDIHING, DHANSIRI, BHARALU, DIKRONG, GAI NADI, DIGARU, DIGBOI, DIKHOW,",39,20,32,5.5,9.4,7.0,7.4,106,150,2.0,2.8,0.70,1.60,360,930,910,1900,120,290
2024,5614,RIVER BEGA AT D/S OF MANGALDOI TOWN,Bega,ASSAM,"Table 5.1: Water Quality of tributray streams JALDHAKA, SILTORSA, BURHIDIHING, DHANSIRI, BHARALU, DIKRONG, GAI NADI, DIGARU, DIGBOI, DIKHOW,",39,18,32,1.8,8.7,7.0,7.6,124,174,3.0,3.3,0.70,1.20,620,1100,1600,2400,240,290
2024,5615,"RIVER GHOGRA NEAR ITI, SRIKONA MAIN BLOCK",Ghogra,ASSAM,"Table 5.1: Water Quality of tributray streams JALDHAKA, SILTORSA, BURHIDIHING, DHANSIRI, BHARALU, DIKRONG, GAI NADI, DIGARU, DIGBOI, DIKHOW,",39,16,22,5.9,6.3,7.2,7.3,103,142,2.1,2.4,0.80,1.00,360,730,910,1600,120,240
2024,5616,RIVER TUNIA AT NH NEAR BGR,Tunia,ASSAM,"Table 5.1: Water Quality of tributray streams JALDHAKA, SILTORSA, BURHIDIHING, DHANSIRI, BHARALU, DIKRONG, GAI NADI, DIGARU, DIGBOI, DIKHOW,",39,20,32,5.0,5.3,7.0,7.8,126,160,2.1,2.8,0.70,1.20,360,1100,910,2100,120,290
2024,3417,"RIVER MANU AT MANUGHAT, CONFL POINT OF CHAWMANU CHARRA & MANU RIVER, DHALAI",Manu,TRIPURA,"Table 5.1: Water Quality of tributray streams JALDHAKA, SILTORSA, BURHIDIHING, DHANSIRI, BHARALU, DIKRONG, GAI NADI, DIGARU, DIGBOI, DIKHOW,",39,24,31,5.5,6.2,6.9,7.7,119,174,1.2,1.8,0.80,1.30,38,58,110,240,,
2024,3418,"RIVER MANU AT KAILASHAHAR D/S, NORTH TRIPURA",Manu,TRIPURA,"Table 5.1: Water Quality of tributray streams JALDHAKA, SILTORSA, BURHIDIHING, DHANSIRI, BHARALU, DIKRONG, GAI NADI, DIGARU, DIGBOI, DIKHOW,",39,24,31,5.3,5.9,7.0,7.7,124,169,1.1,1.8,0.80,1.10,38,58,110,240,,
2024,3419,"RIVER MANU AT KUMARGHAT, NORTH TRIPURA",Manu,TRIPURA,"Table 5.1: Water Quality of tributray streams JALDHAKA, SILTORSA, BURHIDIHING, DHANSIRI, BHARALU, DIKRONG, GAI NADI, DIGARU, DIGBOI, DIKHOW,",39,24,31,5.4,5.9,7.0,7.6,120,175,1.2,1.6,0.70,1.10,39,58,110,220,,
2024,1947,"RIVER TEESTA AT SEVOKE, SILIGURI, DARJEELING",Teesta,WEST BENGAL,"Table 5.1: Water Quality of tributray streams JALDHAKA, SILTORSA, BURHIDIHING, DHANSIRI, BHARALU, DIKRONG, GAI NADI, DIGARU, DIGBOI, DIKHOW,",40,13,27,7.2,8.5,6.5,7.9,51,168,1.0,3.2,0.30,1.42,800,11000,1100,30000,24,280
2024,4723,RIVER TEESTA AT JALPESH,Teesta,WEST BENGAL,"Table 5.1: Water Quality of tributray streams JALDHAKA, SILTORSA, BURHIDIHING, DHANSIRI, BHARALU, DIKRONG, GAI NADI, DIGARU, DIGBOI, DIKHOW,",40,21,30,6.4,8.3,6.5,7.9,66,143,1.0,2.4,0.30,1.08,1400,24000,5000,50000,70,240
2024,2523,"RIVER KAROLA, D/S OF JALPAIGURI, NEAR MIN BHAWAN, JALPAIGURI",,WEST BENGAL,"Table 5.1: Water Quality of tributray streams JALDHAKA, SILTORSA, BURHIDIHING, DHANSIRI, BHARALU, DIKRONG, GAI NADI, DIGARU, DIGBOI, DIKHOW,",40,22,31,3.4,8.7,6.4,7.8,86,230,1.1,2.8,0.30,1.60,2200,23000,8000,50000,46,540
2024,4728,RIVER RAIDAK AT ALIPURDUAR,Raidak,WEST BENGAL,"Table 5.1: Water Quality of tributray streams JALDHAKA, SILTORSA, BURHIDIHING, DHANSIRI, BHARALU, DIKRONG, GAI NADI, DIGARU, DIGBOI, DIKHOW,",40,16,30,6.9,8.7,7.0,7.9,117,200,1.1,2.6,0.30,1.13,1300,7000,9000,14000,23,70
2024,5603,"RIVER DALOO AT DALOO, CACHAR",Daloo,ASSAM,"Table 5.1: Water Quality of tributray streams JALDHAKA, SILTORSA, BURHIDIHING, DHANSIRI, BHARALU, DIKRONG, GAI NADI, DIGARU, DIGBOI, DIKHOW,",40,20,24,5.0,6.1,7.0,7.3,112,136,2.2,2.6,0.60,1.20,600,910,1200,2000,210,290
2024,3710,"RIVER, SERLUI STREAM, REIEK KAI, NEAR PHE WATER TREATMENT PLANT, AIZAWL",,MIZORAM,"Table 5.1: Water Quality of tributray streams JALDHAKA, SILTORSA, BURHIDIHING, DHANSIRI, BHARALU, DIKRONG, GAI NADI, DIGARU, DIGBOI, DIKHOW,",40,16,22,4.3,9.9,7.4,9.2,35,518,1.0,1.7,2.08,18.48,,,,,,
2024,3711,"VAIPUANPHO STREAM, AILAWNG, MAMIT DIST.",,MIZORAM,"Table 5.1: Water Quality of tributray streams JALDHAKA, SILTORSA, BURHIDIHING, DHANSIRI, BHARALU, DIKRONG, GAI NADI, DIGARU, DIGBOI, DIKHOW,",40,15,21,5.0,8.0,6.8,8.0,83,153,1.0,1.3,0.72,5.55,,,,,,
2024,3713,"SAKHISIH STREAM, MISSION VENGTHLANG, AIZAWL",,MIZORAM,"Table 5.1: Water Quality of tributray streams JALDHAKA, SILTORSA, BURHIDIHING, DHANSIRI, BHARALU, DIKRONG, GAI NADI, DIGARU, DIGBOI, DIKHOW,",40,15,20,5.3,8.0,6.0,7.0,310,547,1.0,1.4,17.72,38.18,,,,,,
2024,3716,"DAMDIAI STREAM, AIRFIELD, NEAR TUIRIAL WASTE MANAGEMENT CENTRE, AIZAWL DIST",,MIZORAM,"Table 5.1: Water Quality of tributray streams JALDHAKA, SILTORSA, BURHIDIHING, DHANSIRI, BHARALU, DIKRONG, GAI NADI, DIGARU, DIGBOI, DIKHOW,",40,16,22,4.0,6.6,6.8,8.8,60,288,1.0,1.5,0.80,42.77,2,2,2,2,2,2
2024,3718,"CHITE STREAM, ARMED VENG, NEAR MINI SPORTS COMPLEX, AIZAWL",,MIZORAM,"Table 5.1: Water Quality of tributray streams JALDHAKA, SILTORSA, BURHIDIHING, DHANSIRI, BHARALU, DIKRONG, GAI NADI, DIGARU, DIGBOI, DIKHOW,",40,18,22,1.8,6.5,6.7,8.6,351,1009,1.1,28.0,4.07,31.94,110,920,1600,1600,94,1600
2024,3719,"TUIRINI RIVER, SELING, SAITUAL DIST",,MIZORAM,"Table 5.1: Water Quality of tributray streams JALDHAKA, SILTORSA, BURHIDIHING, DHANSIRI, BHARALU, DIKRONG, GAI NADI, DIGARU, DIGBOI, DIKHOW,",40,14,22,7.4,8.9,6.7,8.6,72,189,1.0,1.4,0.52,5.66,,,,,,
2024,3720,"TUIVAWL RIVER, KEIFANG VILLAGE, NEAR TUIVAWL BRIDGE,SAITUAL DIST",,MIZORAM,"Table 5.1: Water Quality of tributray streams JALDHAKA, SILTORSA, BURHIDIHING, DHANSIRI, BHARALU, DIKRONG, GAI NADI, DIGARU, DIGBOI, DIKHOW,",40,14,22,7.4,8.9,6.6,8.7,73,188,1.1,1.5,0.32,5.26,,,,,,
2024,3721,"LAWIBUAL STREAM, I.T.I VENG, AIZAWL",,MIZORAM,"Table 5.1: Water Quality of tributray streams JALDHAKA, SILTORSA, BURHIDIHING, DHANSIRI, BHARALU, DIKRONG, GAI NADI, DIGARU, DIGBOI, DIKHOW,",40,16,20,3.5,6.0,6.5,8.3,217,867,1.0,17.0,3.71,30.69,24,920,1600,1600,350,1600
2024,3724,"CHALLUI STREAM, LENGPUI, AIZAWL DIST",,MIZORAM,"Table 5.1: Water Quality of tributray streams JALDHAKA, SILTORSA, BURHIDIHING, DHANSIRI, BHARALU, DIKRONG, GAI NADI, DIGARU, DIGBOI, DIKHOW,",40,15,19,5.2,8.9,6.5,8.4,71,198,1.0,1.6,0.32,7.74,,,,,,
2024,5718,"RIVER DIALDAWK (PERENNIAL STREAM) AT/NEAR LENGPUI VILLAGE,AIZAWL DISTRICT,",Dialdawk,MIZORAM,"Table 5.1: Water Quality of tributray streams JALDHAKA, SILTORSA, BURHIDIHING, DHANSIRI, BHARALU, DIKRONG, GAI NADI, DIGARU, DIGBOI, DIKHOW,",40,16,20,5.1,8.9,7.4,8.5,54,344,1.0,1.5,0.32,9.66,2,2,2,2,2,2
2024,5723,"KURUNGLUI (PERENNIAL STREAM) AT SAIRANG VILLAGE, BEFORE CONFUENCING WITH RIVER TLAWNG, AIZAWL DISTRICT, MIZORAM",Kurunglui,MIZORAM,"Table 5.1: Water Quality of tributray streams JALDHAKA, SILTORSA, BURHIDIHING, DHANSIRI, BHARALU, DIKRONG, GAI NADI, DIGARU, DIGBOI, DIKHOW,",40,16,21,5.7,9.0,7.0,8.6,75,417,1.0,1.9,1.82,14.69,,,,,,
2024,5730,"LAU LUI (PERENNIAL STREAM) AT THENZAWL VILLAGE, BEFORE CONFLUENCING WITH RIVER TLAWNG, SERCHHIP DISTRICT, MIZORAM",Lau Lui,MIZORAM,"Table 5.1: Water Quality of tributray streams JALDHAKA, SILTORSA, BURHIDIHING, DHANSIRI, BHARALU, DIKRONG, GAI NADI, DIGARU, DIGBOI, DIKHOW,",40,14,26,4.3,6.8,6.1,7.5,25,132,1.0,1.5,1.06,14.66,,,,,,
2024,5733,"RIVER TUICHAWNG AT TUICHAWNG VILLAGE AREA, BEFORE CONFLUENCING WITH RIVER KHAWTHLANGTUIPUI, LUNGLEI DISTRICT, MIZORAM",Tuichawng,MIZORAM,"Table 5.1: Water Quality of tributray streams JALDHAKA, SILTORSA, BURHIDIHING, DHANSIRI, BHARALU, DIKRONG, GAI NADI, DIGARU, DIGBOI, DIKHOW,",40,11,29,5.5,8.1,6.9,8.2,34,114,1.0,1.5,0.52,3.22,,,,,,
2024,5734,"TUIDAISTREAM(PERENNIAL STREAM) NEAR MAMIT TOWN, BEFORE CONFLUENCING WITH TLAWNG RIVER, MAMIT DISTRICT, MIZORAM",,MIZORAM,"Table 5.1: Water Quality of tributray streams JALDHAKA, SILTORSA, BURHIDIHING, DHANSIRI, BHARALU, DIKRONG, GAI NADI, DIGARU, DIGBOI, DIKHOW,",40,16,21,7.3,8.4,6.7,8.4,32,227,1.0,1.5,0.32,4.48,,,,,,
2024,5735,"RIVER DAMPUI (PERENNIAL STREAM) AT DAMPUI VILLAGE, BEFORE CONFUENCING WITH RIVER TLAWNG, MAMIT DISTRICT, MIZORAM",Dampui,MIZORAM,"Table 5.1: Water Quality of tributray streams JALDHAKA, SILTORSA, BURHIDIHING, DHANSIRI, BHARALU, DIKRONG, GAI NADI, DIGARU, DIGBOI, DIKHOW,",41,13,21,6.8,8.1,6.9,8.4,53,210,1.0,1.4,0.44,23.06,,,,,,
2024,5738,"BAWRAISTREAM(PERENNIAL STREAM) AT BAWRAI VILLAGE, BEFORE CONFLUENCE WITH RIVER TLAWNG, MAMIT DISTRICT, MIZORAM",,MIZORAM,"Table 5.1: Water Quality of tributray streams JALDHAKA, SILTORSA, BURHIDIHING, DHANSIRI, BHARALU, DIKRONG, GAI NADI, DIGARU, DIGBOI, DIKHOW,",41,18,23,7.6,8.4,5.9,7.7,39,214,1.0,1.3,1.05,7.18,,,,,,
2024,5745,"CHEMLUI (PERENNIAL STREAM) AT CHEMPHAI, NEAR PHE PUMP HOUSE, BILKHAWTHLIR VILLAGE, BEFORE CONFLUENCE WITH RIVER SERLUI,KOLASIB DISTRICT, MIZORAM",Chemlui,MIZORAM,"Table 5.1: Water Quality of tributray streams JALDHAKA, SILTORSA, BURHIDIHING, DHANSIRI, BHARALU, DIKRONG, GAI NADI, DIGARU, DIGBOI, DIKHOW,",41,13,20,6.3,10.0,6.3,7.6,43,456,1.0,1.3,2.61,11.96,,,,,,
2024,5746,"CHITELUI (PERENNIAL STREAM) AT VAIRENGTE VILLAGE, B/C WITH RIVER SERLUI,KOLASIB DISTRICT, MIZORAM",Chitelui,MIZORAM,"Table 5.1: Water Quality of tributray streams JALDHAKA, SILTORSA, BURHIDIHING, DHANSIRI, BHARALU, DIKRONG, GAI NADI, DIGARU, DIGBOI, DIKHOW,",41,18,30,6.0,8.8,6.5,8.3,68,162,1.0,1.5,0.32,6.01,,,,,,
2024,5747,"CHHIMLUANG (PERENNIAL STREAM) AT MEIDUM VILLAGE BEFORE CONFLUENCING WITH RIVER TLAWNG, KOLASIB DISTRICT, MIZORAM",Chhimluang,MIZORAM,"Table 5.1: Water Quality of tributray streams JALDHAKA, SILTORSA, BURHIDIHING, DHANSIRI, BHARALU, DIKRONG, GAI NADI, DIGARU, DIGBOI, DIKHOW,",41,17,33,6.9,8.6,6.9,8.0,96,201,1.0,1.3,0.57,6.68,,,,,,
2024,5749,"PHAIPUILUI (PERENNIAL STREAM) AT SAITUAL TOWN, BEFORE CONFLUENCING WITH RIVERTUIVAWL, SAITUAL DISTRICT, MIZORAM",Phaipuilui,MIZORAM,"Table 5.1: Water Quality of tributray streams JALDHAKA, SILTORSA, BURHIDIHING, DHANSIRI, BHARALU, DIKRONG, GAI NADI, DIGARU, DIGBOI, DIKHOW,",41,12,29,7.9,10.6,6.8,8.2,54,84,1.0,1.5,0.82,9.33,,,,,,
2024,3735,"MAT RIVER, DAWN VILLAGE, NEAR MAT BRIDGE,LUNGLEI DIST.",,MIZORAM,"Table 5.1: Water Quality of tributray streams JALDHAKA, SILTORSA, BURHIDIHING, DHANSIRI, BHARALU, DIKRONG, GAI NADI, DIGARU, DIGBOI, DIKHOW,",41,13,23,6.3,7.7,6.0,7.5,60,225,1.0,1.4,0.81,26.67,,,,,,
2024,3740,"SAIKAH STREAM, LAWNGTLAI",,MIZORAM,"Table 5.1: Water Quality of tributray streams JALDHAKA, SILTORSA, BURHIDIHING, DHANSIRI, BHARALU, DIKRONG, GAI NADI, DIGARU, DIGBOI, DIKHOW,",41,16,23,5.0,8.7,6.0,7.5,35,346,1.0,1.5,0.50,28.27,,,,,,
2024,3744,"CHHIMTUIPUI RIVER, KAWLCHAW, NEAR CHHIMTUPUI BRIDGE, SAIHA DIST.",,MIZORAM,"Table 5.1: Water Quality of tributray streams JALDHAKA, SILTORSA, BURHIDIHING, DHANSIRI, BHARALU, DIKRONG, GAI NADI, DIGARU, DIGBOI, DIKHOW,",41,17,25,6.0,8.5,6.6,8.3,47,197,1.0,1.5,0.63,9.44,,,,,,
2024,3746,"TUIKUM RIVER, NEAR PHE WATER TREATMENT PLANT, SERCHHIP",,MIZORAM,"Table 5.1: Water Quality of tributray streams JALDHAKA, SILTORSA, BURHIDIHING, DHANSIRI, BHARALU, DIKRONG, GAI NADI, DIGARU, DIGBOI, DIKHOW,",41,14,20,5.7,8.5,6.6,7.4,55,267,1.0,1.5,0.32,14.72,,,,,,
2024,3747,"SESAH STREAM, DINTHAR, SERCHHIP",,MIZORAM,"Table 5.1: Water Quality of tributray streams JALDHAKA, SILTORSA, BURHIDIHING, DHANSIRI, BHARALU, DIKRONG, GAI NADI, DIGARU, DIGBOI, DIKHOW,",41,12,20,6.4,8.5,6.5,7.3,56,270,1.0,1.5,0.32,3.72,,,,,,
2024,3749,"RIVER PHE RESERVIOR (LAHMUN RIVER), MIZO VENG, MAMIT",Phe Reservior,MIZORAM,"Table 5.1: Water Quality of tributray streams JALDHAKA, SILTORSA, BURHIDIHING, DHANSIRI, BHARALU, DIKRONG, GAI NADI, DIGARU, DIGBOI, DIKHOW,",41,18,22,6.9,8.1,6.5,8.3,48,269,1.0,1.4,0.83,5.42,,,,,,
2024,3750,"RIVER TEIREI BAWNGVA, MAMIT DIST.",,MIZORAM,"Table 5.1: Water Quality of tributray streams JALDHAKA, SILTORSA, BURHIDIHING, DHANSIRI, BHARALU, DIKRONG, GAI NADI, DIGARU, DIGBOI, DIKHOW,",41,19,23,7.8,8.8,6.8,8.5,46,272,1.0,1.4,0.32,14.54,,,,,,
2024,3751,"RIVER TUT DAPCHHUAH, MAMIT DIST.",,MIZORAM,"Table 5.1: Water Quality of tributray streams JALDHAKA, SILTORSA, BURHIDIHING, DHANSIRI, BHARALU, DIKRONG, GAI NADI, DIGARU, DIGBOI, DIKHOW,",41,17,22,7.9,9.0,7.0,8.2,121,218,1.0,1.3,0.42,6.95,,,,,,
2024,3752,"RIVER TUICHHUAHEN STREAM, NEAR PHE WATER TREATMENT PLANT, KOLASIB",,MIZORAM,"Table 5.1: Water Quality of tributray streams JALDHAKA, SILTORSA, BURHIDIHING, DHANSIRI, BHARALU, DIKRONG, GAI NADI, DIGARU, DIGBOI, DIKHOW,",41,13,21,6.5,8.3,6.3,7.6,30,476,1.0,1.4,1.76,11.75,,,,,,
2024,3756,"RIVER TIAU, ZOKHAWTHAR, NEAR TIAU BRIDGE,CHAMPHAI DIST.",,MIZORAM,"Table 5.1: Water Quality of tributray streams JALDHAKA, SILTORSA, BURHIDIHING, DHANSIRI, BHARALU, DIKRONG, GAI NADI, DIGARU, DIGBOI, DIKHOW,",41,17,19,5.0,10.8,6.7,8.4,120,232,1.0,1.0,0.38,16.99,,,,,,
2024,5727,"HMAWNGAWN LUI (PERENNIAL STREAM), BEFORE CONFUENCING WITH RIVER MAT, HMARVENG, SERCHHIP TOWN, SERCHHIP DISTRICT, MIZORAM",Hmawngawn Lui,MIZORAM,"Table 5.1: Water Quality of tributray streams JALDHAKA, SILTORSA, BURHIDIHING, DHANSIRI, BHARALU, DIKRONG, GAI NADI, DIGARU, DIGBOI, DIKHOW,",42,13,20,6.2,8.5,6.7,7.8,58,304,1.0,1.3,0.32,37.55,,,,,,
2024,5752,"DAMDIAICHHUAHLUI (PERRENIAL STREAM)AT DAMDIAI CHHUAH, BEFORE CONFUENCING WITHRIVER TUICHANG, KHAWZAWL DISTRICT, MIZORAM",Damdiaichhuahlui,MIZORAM,"Table 5.1: Water Quality of tributray streams JALDHAKA, SILTORSA, BURHIDIHING, DHANSIRI, BHARALU, DIKRONG, GAI NADI, DIGARU, DIGBOI, DIKHOW,",42,14,25,5.9,9.0,7.0,8.2,54,164,1.0,1.4,0.90,4.42,,,,,,
2024,5753,"CHANGELLUI (PERENNIAL STREAM) AT CHAWNGTLAI RAM, BEFORE CONFLUENCING WITH RIVERTUICHANG, KHAWZAWL DISTRICT, MIZORAM",Changellui,MIZORAM,"Table 5.1: Water Quality of tributray streams JALDHAKA, SILTORSA, BURHIDIHING, DHANSIRI, BHARALU, DIKRONG, GAI NADI, DIGARU, DIGBOI, DIKHOW,",42,15,22,7.0,8.4,6.6,8.7,23,91,1.0,1.4,0.32,64.02,,,,,,
2024,5754,"TUIMUKRIVER(PERENNIAL STREAM) AT/ NEAR KHAWZAWL TOWN, BEFORE CONFLUENCING WITH RIVER TUIPUI, KHAWZAWL DISTRICT, MIZORAM",,MIZORAM,"Table 5.1: Water Quality of tributray streams JALDHAKA, SILTORSA, BURHIDIHING, DHANSIRI, BHARALU, DIKRONG, GAI NADI, DIGARU, DIGBOI, DIKHOW,",42,14,24,6.3,9.0,6.6,8.0,42,128,1.0,1.4,0.32,2.06,,,,,,
2024,5755,"PHAISENLUI(PERENNIAL STREAM ) AT/ NEAR KHAWZAWL TOWN, BEFORE CONFLUENCING WITH RIVERTUICHANG, KHAWZAWL DISTRICT, MIZORAM KHAWZAWL",,MIZORAM,"Table 5.1: Water Quality of tributray streams JALDHAKA, SILTORSA, BURHIDIHING, DHANSIRI, BHARALU, DIKRONG, GAI NADI, DIGARU, DIGBOI, DIKHOW,",42,15,26,6.3,9.2,6.8,7.9,44,173,1.1,1.4,0.65,4.24,,,,,,
2024,5758,"TUICHANG RIVER AT PANG DARCHHUAH RAM, HNAHTHIAL TOWN AREA, BEFORE CONFLUENCING WITH RIVER KOLODYNE, HNAHTHIAL DISTRICT, MIZORAM",Tuichang River,MIZORAM,"Table 5.1: Water Quality of tributray streams JALDHAKA, SILTORSA, BURHIDIHING, DHANSIRI, BHARALU, DIKRONG, GAI NADI, DIGARU, DIGBOI, DIKHOW,",42,14,27,7.2,9.9,7.2,8.3,57,138,1.0,1.5,0.51,2.40,,,,,,
2024,5759,"RIVER TUICHANG NEAR HNAHTHIAL TOWN, BEFORE CONFLUENCING WITH RIVER KOLODYNE,HNAHTHIAL DISTRICT, MIZROAM",Tuichang,MIZORAM,"Table 5.1: Water Quality of tributray streams JALDHAKA, SILTORSA, BURHIDIHING, DHANSIRI, BHARALU, DIKRONG, GAI NADI, DIGARU, DIGBOI, DIKHOW,",42,17,28,7.3,9.3,7.2,8.1,55,151,1.0,1.5,0.32,10.50,,,,,,
2024,5760,"DILLUITUI (PERENNIAL STREAM) AT DARZO VILLAGE, BEFORE CONFLUENCINGWITH RIVER MAT, HNAHTHIAL DISTRICT, MIZORAM",Dilluitui,MIZORAM,"Table 5.1: Water Quality of tributray streams JALDHAKA, SILTORSA, BURHIDIHING, DHANSIRI, BHARALU, DIKRONG, GAI NADI, DIGARU, DIGBOI, DIKHOW,",42,16,24,6.8,9.6,6.8,8.2,47,134,1.0,1.4,0.32,9.30,,,,,,
2024,5761,"TUITLAWK RIVER(PERENNIAL STREAM) NEAR SAIHATOWN, BEFORE CONFLUENCING WITH RIVER KOLODYNE, SIAHA DISTRICT, MIZORAM",,MIZORAM,"Table 5.1: Water Quality of tributray streams JALDHAKA, SILTORSA, BURHIDIHING, DHANSIRI, BHARALU, DIKRONG, GAI NADI, DIGARU, DIGBOI, DIKHOW,",42,12,25,5.0,8.9,6.3,8.0,47,195,1.0,1.3,0.32,2.19,,,,,,
2024,5739,"FALLUI (PERENNIAL STREAM) AT BOUNDARY BETWEEN CHAMPHAI TOWN AND NEIHDAWN VILLAGE, BEFORE CONFLUENING WITH RIVER TUIPUI,CHAMPHAI DISTRICT, MIZORAM",Fallui,MIZORAM,"Table 5.1: Water Quality of tributray streams JALDHAKA, SILTORSA, BURHIDIHING, DHANSIRI, BHARALU, DIKRONG, GAI NADI, DIGARU, DIGBOI, DIKHOW,",42,15,19,4.7,10.9,6.2,8.0,76,140,1.0,1.5,0.32,7.71,,,,,,
2024,5500,RIVER LEIMAKHONG NEAR KANTO AWANG LEIKAI,Leimakhong,MANIPUR,"Table 5.1: Water Quality of tributray streams JALDHAKA, SILTORSA, BURHIDIHING, DHANSIRI, BHARALU, DIKRONG, GAI NADI, DIGARU, DIGBOI, DIKHOW,",42,18,30,7.2,7.3,7.1,7.2,200,280,3.3,3.4,,,35,65,70,110,,
2024,5502,RIVER KONGBA AT IRONG,Kongba,MANIPUR,"Table 5.1: Water Quality of tributray streams JALDHAKA, SILTORSA, BURHIDIHING, DHANSIRI, BHARALU, DIKRONG, GAI NADI, DIGARU, DIGBOI, DIKHOW,",42,20,31,7.1,7.3,7.1,7.2,180,250,3.3,3.6,,,90,145,225,290,,
2024,5503,RIVER KONGBA AT IRANPHAM,Kongba,MANIPUR,"Table 5.1: Water Quality of tributray streams JALDHAKA, SILTORSA, BURHIDIHING, DHANSIRI, BHARALU, DIKRONG, GAI NADI, DIGARU, DIGBOI, DIKHOW,",42,21,31,7.0,7.2,6.9,7.3,188,320,3.4,3.6,,,100,285,350,440,,
2024,4112,RIVER GANOL AT GAROBADHA,Ganol,MEGHALAYA,"Table 5.1: Water Quality of tributray streams JALDHAKA, SILTORSA, BURHIDIHING, DHANSIRI, BHARALU, DIKRONG, GAI NADI, DIGARU, DIGBOI, DIKHOW,",42,16,24,6.7,8.3,6.8,7.4,70,97,1.3,2.1,0.32,0.58,6,210,280,1200,2,49
2024,4114,"RIVER CHITE STREAM, NEAR SIPMIU'S STP, BETHLEHEM VENGTHLANG, AIZAWL",,MIZORAM,"Table 5.1: Water Quality of tributray streams JALDHAKA, SILTORSA, BURHIDIHING, DHANSIRI, BHARALU, DIKRONG, GAI NADI, DIGARU, DIGBOI, DIKHOW,",42,18,27,2.0,5.5,6.8,8.6,374,983,1.0,26.0,1.33,30.72,2,1600,1600,1600,170,1600
2024,4115,"RIVER TUIKUAL STREAM, U/S, MIZORAM NEW CAPITAL COMPLEX , DINTHAR, AIZAWL",,MIZORAM,"Table 5.1: Water Quality of tributray streams JALDHAKA, SILTORSA, BURHIDIHING, DHANSIRI, BHARALU, DIKRONG, GAI NADI, DIGARU, DIGBOI, DIKHOW,",42,16,21,0.3,7.0,6.7,8.5,340,1061,1.0,30.0,0.32,25.32,41,1600,1600,1600,170,1600
2024,4119,"RIVER SERLUI D/S, SERLUI 'B' HEPP DAM, BILKHAWTHLIR, KOLASIB DIST.",Serlui,MIZORAM,"Table 5.1: Water Quality of tributray streams JALDHAKA, SILTORSA, BURHIDIHING, DHANSIRI, BHARALU, DIKRONG, GAI NADI, DIGARU, DIGBOI, DIKHOW,",43,16,21,6.4,7.5,6.8,8.0,70,127,1.0,1.3,0.32,13.48,,,,,,
2024,4120,"RIVER TEIREI D/S NR CONFLUENCE PT WITH TLAWNG RIVER, SAPMARA, BAIRABI,KOLASIB DIST.",Teirei,MIZORAM,"Table 5.1: Water Quality of tributray streams JALDHAKA, SILTORSA, BURHIDIHING, DHANSIRI, BHARALU, DIKRONG, GAI NADI, DIGARU, DIGBOI, DIKHOW,",43,15,29,5.4,8.9,6.8,8.0,77,205,1.0,1.6,0.45,12.82,,,,,,
2024,4122,"RIVER KHAWTHLANGTUIPUI ,TLABUNG, LUNGLEI DIST.",Khawthlangtuipui,MIZORAM,"Table 5.1: Water Quality of tributray streams JALDHAKA, SILTORSA, BURHIDIHING, DHANSIRI, BHARALU, DIKRONG, GAI NADI, DIGARU, DIGBOI, DIKHOW,",43,19,22,7.9,9.0,7.0,7.4,98,167,1.0,1.4,0.57,2.27,,,,,,
2024,4123,"RIVER, TUIPUI D DARZOKAI, HNAHTHIAL DIST.",,MIZORAM,"Table 5.1: Water Quality of tributray streams JALDHAKA, SILTORSA, BURHIDIHING, DHANSIRI, BHARALU, DIKRONG, GAI NADI, DIGARU, DIGBOI, DIKHOW,",43,14,27,7.0,9.4,6.7,8.1,69,236,1.0,1.5,0.32,11.44,,,,,,
2024,4125,"RIVER TUIPUI U/S, NR CONFLUENCE PT KEILUNGLIAH STREAM, VENGTHAR, CHAMPHAI",Tuipui,MIZORAM,"Table 5.1: Water Quality of tributray streams JALDHAKA, SILTORSA, BURHIDIHING, DHANSIRI, BHARALU, DIKRONG, GAI NADI, DIGARU, DIGBOI, DIKHOW,",43,17,19,5.0,10.7,6.3,7.5,25,217,1.0,1.0,1.79,9.70,,,,,,
2024,4130,"RIVER NGENGPUI STREAM, NR KALADAN MULTI MODAL RD, LAWNGTLAI DIST.",,MIZORAM,"Table 5.1: Water Quality of tributray streams JALDHAKA, SILTORSA, BURHIDIHING, DHANSIRI, BHARALU, DIKRONG, GAI NADI, DIGARU, DIGBOI, DIKHOW,",43,17,22,5.1,7.5,6.1,8.0,56,215,1.0,1.3,0.32,7.26,,,,,,
2024,4132,"RIVER VANTAWNG WATER FALL, THENZAWL, SERCHHIP DIST.",,MIZORAM,"Table 5.1: Water Quality of tributray streams JALDHAKA, SILTORSA, BURHIDIHING, DHANSIRI, BHARALU, DIKRONG, GAI NADI, DIGARU, DIGBOI, DIKHOW,",43,12,24,5.1,6.7,6.3,7.8,23,102,1.0,1.4,0.32,5.69,,,,,,
2024,3372,"RIVER RILANG AT MAWKYRWAT,",Rilang,MEGHALAYA,"Table 5.1: Water Quality of tributray streams JALDHAKA, SILTORSA, BURHIDIHING, DHANSIRI, BHARALU, DIKRONG, GAI NADI, DIGARU, DIGBOI, DIKHOW,",43,14,21,7.0,8.7,6.7,7.1,38,54,1.0,1.7,0.32,0.42,2,21,21,120,2,4
2024,4110,RIVER NONGAL AT NANGALBIBRA,Nongal,MEGHALAYA,"Table 5.1: Water Quality of tributray streams JALDHAKA, SILTORSA, BURHIDIHING, DHANSIRI, BHARALU, DIKRONG, GAI NADI, DIGARU, DIGBOI, DIKHOW,",43,14,24,7.1,7.9,4.1,4.6,112,154,1.0,1.8,0.32,0.32,2,5,2,330,2,4
2024,4111,RIVER SIMSANG AT NANGALBIBRA BRIDGE,Simsang,MEGHALAYA,"Table 5.1: Water Quality of tributray streams JALDHAKA, SILTORSA, BURHIDIHING, DHANSIRI, BHARALU, DIKRONG, GAI NADI, DIGARU, DIGBOI, DIKHOW,",43,17,24,7.0,8.0,6.8,7.2,54,63,1.0,2.0,0.32,0.42,4,45,170,630,2,44
2024,4304,RIVER SDERKARIAH AT SOHRA (CHERRAPUNJEE),Sderkariah,MEGHALAYA,"Table 5.1: Water Quality of tributray streams JALDHAKA, SILTORSA, BURHIDIHING, DHANSIRI, BHARALU, DIKRONG, GAI NADI, DIGARU, DIGBOI, DIKHOW,",43,14,20,6.4,8.6,4.3,5.0,70,110,1.0,1.6,0.32,0.36,2,2,10,49,2,2
2024,4305,RIVER LAITRYNGEW AT LAITRYNGEW,Laitryngew,MEGHALAYA,"Table 5.1: Water Quality of tributray streams JALDHAKA, SILTORSA, BURHIDIHING, DHANSIRI, BHARALU, DIKRONG, GAI NADI, DIGARU, DIGBOI, DIKHOW,",43,14,20,6.6,8.4,4.1,5.0,46,115,1.0,1.7,0.32,0.56,2,2,17,70,2,2
2024,4306,RIVER WAHKHLEK KHLEK AT SAITSOHPEN,Wahkhlek Khlek,MEGHALAYA,"Table 5.1: Water Quality of tributray streams JALDHAKA, SILTORSA, BURHIDIHING, DHANSIRI, BHARALU, DIKRONG, GAI NADI, DIGARU, DIGBOI, DIKHOW,",43,14,20,6.9,8.6,4.9,7.3,79,115,1.0,1.8,0.32,1.12,2,12,27,110,2,4
2024,4307,RIVER WAHREW AT MAJAI,Wahrew,MEGHALAYA,"Table 5.1: Water Quality of tributray streams JALDHAKA, SILTORSA, BURHIDIHING, DHANSIRI, BHARALU, DIKRONG, GAI NADI, DIGARU, DIGBOI, DIKHOW,",43,15,20,7.4,8.7,6.8,7.4,40,60,1.0,1.3,0.32,5.35,2,4,5,84,2,2
2024,4308,RIVER UMNGI AT JAKREM,Umngi,MEGHALAYA,"Table 5.1: Water Quality of tributray streams JALDHAKA, SILTORSA, BURHIDIHING, DHANSIRI, BHARALU, DIKRONG, GAI NADI, DIGARU, DIGBOI, DIKHOW,",43,14,18,6.9,8.6,6.8,7.2,43,52,1.0,1.4,0.32,0.48,2,6,10,79,2,4
2024,4309,RIVER UMNGI AT UMPUNG,Umngi,MEGHALAYA,"Table 5.1: Water Quality of tributray streams JALDHAKA, SILTORSA, BURHIDIHING, DHANSIRI, BHARALU, DIKRONG, GAI NADI, DIGARU, DIGBOI, DIKHOW,",43,15,20,7.2,8.4,6.9,7.4,36,59,1.0,1.6,0.32,0.44,2,21,21,170,2,8
2024,4310,RIVER RWIANG AT RWIANG,Rwiang,MEGHALAYA,"Table 5.1: Water Quality of tributray streams JALDHAKA, SILTORSA, BURHIDIHING, DHANSIRI, BHARALU, DIKRONG, GAI NADI, DIGARU, DIGBOI, DIKHOW,",43,15,20,7.0,8.6,6.7,7.3,34,55,1.3,1.8,0.32,0.36,2,21,2,140,2,6
2024,4311,RIVER KALIPAI AT RYMBAI,Kalipai,MEGHALAYA,"Table 5.1: Water Quality of tributray streams JALDHAKA, SILTORSA, BURHIDIHING, DHANSIRI, BHARALU, DIKRONG, GAI NADI, DIGARU, DIGBOI, DIKHOW,",43,16,20,6.8,8.0,2.7,3.0,474,824,1.0,1.5,0.32,0.32,2,2,2,2,2,2
2024,4312,RIVER KMAI UM AT RYMBAI,Kmai Um,MEGHALAYA,"Table 5.1: Water Quality of tributray streams JALDHAKA, SILTORSA, BURHIDIHING, DHANSIRI, BHARALU, DIKRONG, GAI NADI, DIGARU, DIGBOI, DIKHOW,",43,15,20,6.6,7.8,2.5,3.0,800,1427,1.0,2.1,0.32,0.32,2,2,2,2,2,2
2024,4315,RIVER LUKHA AT KHADDUM,Lukha,MEGHALAYA,"Table 5.1: Water Quality of tributray streams JALDHAKA, SILTORSA, BURHIDIHING, DHANSIRI, BHARALU, DIKRONG, GAI NADI, DIGARU, DIGBOI, DIKHOW,",43,14,22,7.0,8.7,6.4,7.5,264,396,1.1,1.8,0.32,5.32,2,6,43,140,2,2
2024,4317,RIVER LAMU AT LESHKA,Lamu,MEGHALAYA,"Table 5.1: Water Quality of tributray streams JALDHAKA, SILTORSA, BURHIDIHING, DHANSIRI, BHARALU, DIKRONG, GAI NADI, DIGARU, DIGBOI, DIKHOW,",43,14,20,6.7,7.8,6.7,7.3,45,66,1.0,1.4,0.32,0.43,4,36,79,150,2,4
2024,4318,RIVER LYNRIANG AT LESHKA POWER HOUSE,Lynriang,MEGHALAYA,"Table 5.1: Water Quality of tributray streams JALDHAKA, SILTORSA, BURHIDIHING, DHANSIRI, BHARALU, DIKRONG, GAI NADI, DIGARU, DIGBOI, DIKHOW,",43,14,20,6.8,8.7,2.8,3.9,500,1036,1.0,1.6,0.32,0.46,2,12,2,120,2,2
2024,3367,RIVER NONBAH AT NANGSTOIN MARKET,Nonbah,MEGHALAYA,Table 6: Water Quality of river Mahi - 2024,44,16,19,6.3,7.6,6.7,7.1,27,81,1.7,7.4,0.32,0.55,2,1200,460,4900,210,3300
2024,3368,RIVER NONBAH AT PHOTSOHSAT,Nonbah,MEGHALAYA,Table 6: Water Quality of river Mahi - 2024,44,17,19,6.7,8.3,6.7,7.3,23,73,1.2,2.1,0.32,0.59,20,38,280,840,4,12
2024,3369,RIVER KYNSHI AT SOHIONG,Kynshi,MEGHALAYA,Table 6: Water Quality of river Mahi - 2024,44,14,18,6.9,8.6,6.7,7.1,21,46,1.0,1.6,0.32,0.54,4,21,110,350,2,6
2024,3370,RIVER KYNSHI AT NANGKHNUM,Kynshi,MEGHALAYA,Table 6: Water Quality of river Mahi - 2024,44,16,19,7.1,8.8,6.8,7.3,27,50,1.0,1.2,0.32,0.54,2,4,23,70,2,2
2024,3371,RIVER KYNSHI AT RANIKOR,Kynshi,MEGHALAYA,Table 6: Water Quality of river Mahi - 2024,44,15,22,6.9,8.2,6.4,6.6,42,78,1.0,1.3,0.34,0.56,2,6,21,140,2,2
2024,3373,"RIVER WAH BLEI AT RIANGDO,",Wah Blei,MEGHALAYA,Table 6: Water Quality of river Mahi - 2024,44,15,19,6.9,8.5,6.8,7.2,25,50,1.0,1.7,0.32,0.43,2,23,150,230,2,6
2024,3374,"RIVER WAH BLEI AT SDAD DKHAR,",Wah Blei,MEGHALAYA,Table 6: Water Quality of river Mahi - 2024,44,14,20,7.2,8.0,6.5,6.7,86,116,1.3,1.8,0.32,0.32,11,27,120,220,2,6
2024,3375,RIVER LUNAR AT MYNDIHATI (TRIBUTARY OF LUKHA),Lunar,MEGHALAYA,Table 6: Water Quality of river Mahi - 2024,44,13,20,6.2,7.7,2.8,3.4,866,1302,1.6,2.6,0.32,0.42,2,2,2,2,2,2
2024,3376,RIVER LUKHA AT SONAPUR,Lukha,MEGHALAYA,Table 6: Water Quality of river Mahi - 2024,44,15,20,7.0,8.2,6.9,7.4,220,798,1.2,1.9,0.32,0.70,2,8,21,170,2,4
2024,1428,RIVER KYRHUHKHLA KHLIEHRIAT,,MEGHALAYA,Table 6: Water Quality of river Mahi - 2024,44,14,20,5.8,7.4,3.0,3.7,168,416,1.4,2.6,0.32,0.49,2,2,2,2,2,2
2024,1633,RIVER SIMSANG WILLIAMNAGAR,,MEGHALAYA,Table 6: Water Quality of river Mahi - 2024,44,15,24,6.9,7.6,6.8,7.5,54,77,1.2,2.3,0.32,0.44,18,70,54,630,2,27
2024,3357,"RIVER UMNGOT AT SMIT,",Umngot,MEGHALAYA,Table 6: Water Quality of river Mahi - 2024,44,10,19,6.8,8.0,6.8,7.1,23,59,1.0,1.8,0.32,0.95,13,33,43,540,4,12
2024,3358,RIVER UMNGOT AT DAWKI,Umngot,MEGHALAYA,Table 6: Water Quality of river Mahi - 2024,44,15,21,7.4,8.6,6.8,7.2,38,60,1.0,1.0,0.32,0.54,2,11,12,43,2,2
2024,4322,RIVER THLU UMWI AT THLU UMWI,Thlu Umwi,MEGHALAYA,Table 6: Water Quality of river Mahi - 2024,44,15,25,6.8,8.5,4.0,4.9,50,74,1.0,1.6,0.32,0.36,2,2,2,11,2,2
2024,4326,RIVER SIMSANG AT BAGHMARA,Simsang,MEGHALAYA,Table 6: Water Quality of river Mahi - 2024,44,16,24,7.1,7.9,6.8,7.4,60,74,1.2,4.5,0.32,0.50,14,33,350,630,4,17
2024,1232,"RIVER MAHI (D/S) CONF WITH R. CHAP (UNDER SAGWARA-SARHI RD. BDG.), RAJASTHAN",Mahi,RAJASTHAN,Table 6: Water Quality of river Mahi - 2024,44,23,29,5.3,6.9,7.3,8.0,511,811,2.2,2.9,2.06,4.01,58,150,120,210,17,25
2024,5476,"RIVER MAHI AT MAHI DAM,VILLAGE-BHOR KHERA ,BANSWARA",Mahi,RAJASTHAN,"Table 6.1: Water Quality of tributary streams - Anas, Panam, Shivna, Jammer, Malei, Chillar, Ajab",45,22,24,5.1,6.5,7.2,7.3,528,662,2.8,2.9,3.46,3.66,63,90,120,220,9,12
2024,30061,"RIVER MAHI AT GAMMON BRIDGE NEAR PADLA CHOWKI, BANSWARA (MP & RJASTHAN)",Mahi,RAJASTHAN,"Table 6.1: Water Quality of tributary streams - Anas, Panam, Shivna, Jammer, Malei, Chillar, Ajab",45,26,31,6.8,8.6,7.3,8.2,298,320,2.0,2.6,0.32,0.53,2,8,2,1600,2,2
2024,1229,"RIVER MAHI NEAR RAJASTHAN BORDER AT KADANA DAM,",Mahi,GUJARAT,"Table 6.1: Water Quality of tributary streams - Anas, Panam, Shivna, Jammer, Malei, Chillar, Ajab",45,24,28,7.2,7.7,7.6,8.4,232,412,1.0,1.0,0.32,0.64,2,9,17,33,,
2024,1230,"RIVER MAHI AFTER CONF. WITH ANAS AT PARDI (BANASWADA),",Mahi,GUJARAT,"Table 6.1: Water Quality of tributary streams - Anas, Panam, Shivna, Jammer, Malei, Chillar, Ajab",45,24,28,7.0,7.6,7.5,8.3,232,424,1.0,1.0,0.32,0.68,2,7,14,23,2,2
2024,1231,"RIVER MAHI AT VIRPUR,",Mahi,GUJARAT,"Table 6.1: Water Quality of tributary streams - Anas, Panam, Shivna, Jammer, Malei, Chillar, Ajab",45,24,28,7.0,8.1,7.8,8.4,232,430,1.0,1.0,0.54,0.98,2,7,13,30,,
2024,1863,RIVER MAHI AT UMETA BRIDGE,Mahi,GUJARAT,"Table 6.1: Water Quality of tributary streams - Anas, Panam, Shivna, Jammer, Malei, Chillar, Ajab",45,24,33,6.8,7.8,7.6,8.5,246,467,1.0,1.0,0.32,0.64,4,9,22,30,,
2024,1864,RIVER MAHI AT MUJPUR,Mahi,GUJARAT,"Table 6.1: Water Quality of tributary streams - Anas, Panam, Shivna, Jammer, Malei, Chillar, Ajab",45,26,32,6.8,7.8,7.9,8.5,338,9950,1.0,1.6,0.58,1.40,11,33,110,280,,
2024,3206,RIVER MAHI AT SHERKHI BRIDGESINDHROT BRIDGE- VADODARA,Mahi,GUJARAT,"Table 6.1: Water Quality of tributary streams - Anas, Panam, Shivna, Jammer, Malei, Chillar, Ajab",45,26,31,7.3,7.9,8.0,8.6,322,580,1.0,1.0,0.34,1.30,4,11,23,33,,
2024,4415,RIVER MAHI AT DODKAVILLAGE : PRATHAMPURA,Mahi,GUJARAT,"Table 6.1: Water Quality of tributary streams - Anas, Panam, Shivna, Jammer, Malei, Chillar, Ajab",45,26,28,7.3,7.8,7.5,8.5,255,530,1.0,1.0,0.32,1.36,11,30,70,170,,
2024,30050,"RIVER MAHI ABOUT 500 METERS D/S OF KADANA DAM NEAR BRIDGE, PANCHMAHAL, GUJARAT (RAJASTHAN AND GUJARAT)",,GUJARAT,"Table 6.1: Water Quality of tributary streams - Anas, Panam, Shivna, Jammer, Malei, Chillar, Ajab",45,26,26,8.1,8.1,8.1,8.1,350,350,1.4,1.4,1.14,1.14,49,49,79,79,,
2024,1233,"RIVER MAHI AT BADNAWAR, M.P.",Mahi,MADHYA PRADESH,"Table 6.1: Water Quality of tributary streams - Anas, Panam, Shivna, Jammer, Malei, Chillar, Ajab",45,20,23,7.3,7.7,7.4,8.2,280,422,1.0,1.3,0.65,1.11,2,2,32,63,,
2024,3318,"RIVER MAHI AT RANISINGH VILLAGE, RATLAM, UJJAIN",Mahi,MADHYA PRADESH,"Table 6.1: Water Quality of tributary streams - Anas, Panam, Shivna, Jammer, Malei, Chillar, Ajab",45,23,29,7.1,7.5,7.6,7.9,297,910,1.8,2.0,0.32,1.00,2,2,46,49,2,2
2024,4608,RIVER MAHI FOREST GUEST HOUSE RAJAPUR MATAJI SHIVGARH RATLAM.,,MADHYA PRADESH,"Table 6.1: Water Quality of tributary streams - Anas, Panam, Shivna, Jammer, Malei, Chillar, Ajab",45,22,26,7.2,8.1,7.2,7.9,242,380,1.4,2.0,0.32,0.86,2,2,46,49,2,2
2024,30058,RIVER MAHI AT VILLAGE BAJNA (MP & RJASTHAN),Mahi,MADHYA PRADESH,"Table 6.1: Water Quality of tributary streams - Anas, Panam, Shivna, Jammer, Malei, Chillar, Ajab",45,28,30,6.5,8.5,7.3,8.1,392,413,1.3,3.0,0.32,0.50,2,79,2,1600,2,2
2024,3848,RIVER ANAS RIVER NEAR ROAD BRIDGE JHABUA,Anas River,MADHYA PRADESH,Table 7: Water Quality of river Sabarmati - 2024,46,19,22,6.0,7.8,7.5,8.3,341,510,1.0,1.4,0.55,1.20,2,2,33,63,,
2024,1228,"RIVER ANAS AT DAHOD, (KUSHALGARH), DIST. PANCHMAHAL",Anas,GUJARAT,Table 7: Water Quality of river Sabarmati - 2024,46,24,28,6.9,7.4,7.9,8.5,253,575,1.0,1.0,0.32,0.42,4,13,27,70,2,2
2024,1227,"RIVER PANAM AT LUNAWADA,",Panam,GUJARAT,Table 7: Water Quality of river Sabarmati - 2024,46,24,28,6.8,7.6,7.9,8.3,182,479,1.0,1.0,0.32,0.42,2,7,11,33,7,7
2024,2102,"RIVER SHIVNA AT RAMGHAT, MANDSAUR",Shivna,MADHYA PRADESH,Table 7: Water Quality of river Sabarmati - 2024,46,23,28,5.1,7.6,7.4,7.9,189,872,1.8,2.0,0.53,0.83,2,2,48,49,2,2
2024,2103,"RIVER JAMMER AT DHOLABAD, RATLAM",Jammer,MADHYA PRADESH,Table 7: Water Quality of river Sabarmati - 2024,46,23,27,6.8,7.8,7.4,7.8,280,313,1.4,1.8,0.32,0.96,2,2,40,48,2,2
2024,2104,RIVER MALEI AT JAORA,Malei,MADHYA PRADESH,Table 7: Water Quality of river Sabarmati - 2024,46,22,27,6.8,8.4,7.2,8.0,287,826,1.4,2.0,0.61,0.91,2,2,43,49,2,2
2024,2105,RIVER CHILLAR AT SHAJAPUR,Chillar,MADHYA PRADESH,Table 7: Water Quality of river Sabarmati - 2024,46,20,24,6.8,7.5,7.1,7.9,237,450,1.7,2.0,0.49,0.74,2,2,40,49,2,2
2024,4620,"RIVER AJAB BOURALI AT PETLAWAD DAM PETLAVAD, JHABUA",Ajab Bourali,MADHYA PRADESH,Table 7: Water Quality of river Sabarmati - 2024,46,20,21,6.9,7.5,7.4,8.3,263,347,1.0,1.2,0.62,1.06,2,2,38,58,,
2024,1221,"RIVER SABARMATI AT KHEROJ BRIDGE,",Sabarmati,GUJARAT,Table 7: Water Quality of river Sabarmati - 2024,46,24,26,6.4,7.8,7.1,7.7,369,969,1.0,1.0,0.39,1.46,2,7,4,46,,
2024,1223,"RIVER SABARMATI AFTER CONF. WITH MESHWA AT VAUTHA (NEAR DHOKLA),",Sabarmati,GUJARAT,Table 7: Water Quality of river Sabarmati - 2024,46,26,32,0.3,6.1,7.2,8.1,968,3101,1.2,23.0,0.32,1.12,350,1600,920,1600,,
2024,1409,"RIVER SABARMATI AT RAILWAY BRIDGE AHMEDABAD,",Sabarmati,GUJARAT,Table 7: Water Quality of river Sabarmati - 2024,46,26,32,3.4,8.0,7.2,8.5,306,501,1.0,1.8,0.37,1.10,4,120,70,350,,
2024,1866,"RIVER SABARMATI AT HANSAOL BRIDGE,",Sabarmati,GUJARAT,Table 7: Water Quality of river Sabarmati - 2024,46,26,30,5.4,8.0,7.3,8.5,284,436,1.0,1.2,0.34,1.13,4,14,21,110,,
2024,1407,"RIVER SABARMATI AT GANDHI NAGAR CHILODA BRIDGE, LEKAWADA,",Sabarmati,GUJARAT,Table 7: Water Quality of river Sabarmati - 2024,46,27,29,5.0,6.9,7.0,7.6,395,412,1.0,1.0,0.57,0.77,6,6,47,63,,
2024,1408,"RIVER SABARMATI AT VILL. MIROLI TALUKA DASCROI, AHMEDABAD,",Sabarmati,GUJARAT,"Table 7.1: Water Quality of tributary streams - Shedi, Meshwa and Khari - 2024",47,28,32,0.3,5.3,7.0,7.7,736,8042,3.6,29.0,0.30,1.19,1600,1600,1600,1600,1600,1600
2024,2075,"RIVER SABARMATI AT DHAROI DAM, DIST. MEHSANA.RIVER SABARMATI TA DHAROI DAM, TAL : SATALASANA, DIST : MEHSANA",Sabarmati,GUJARAT,"Table 7.1: Water Quality of tributary streams - Shedi, Meshwa and Khari - 2024",47,25,35,5.0,7.7,7.1,8.7,413,536,1.0,1.0,0.32,1.39,2,2,2,2,2,2
2024,10014,"RIVER SABARMATI AT AHMEDABAD U/SHANSOL, AHMEDABAD",Sabarmati,GUJARAT,"Table 7.1: Water Quality of tributary streams - Shedi, Meshwa and Khari - 2024",47,26,30,5.4,8.0,7.3,8.5,284,436,1.0,1.2,0.34,1.13,4,14,21,110,,
2024,10015,"RIVER SABARMATI AT AHMEDABAD D/SVILL: MIROLI,TALUKA DASCROI, AHMEDABAD,",Sabarmati,GUJARAT,"Table 7.1: Water Quality of tributary streams - Shedi, Meshwa and Khari - 2024",47,29,32,0.3,5.3,7.0,7.7,736,2542,3.6,29.0,0.44,1.18,1600,1600,1600,1600,1600,1600
2024,30042,"RIVER SABARMATI AT KHEROJ BRIDGE, SABARKANTHA, AMBAJI HIGHWAY, KHEROJ, GUJARAT (RAJASTHAN AND GUJARAT)",Sabarmati,GUJARAT,"Table 7.1: Water Quality of tributary streams - Shedi, Meshwa and Khari - 2024",47,19,19,9.5,9.5,8.2,8.2,380,380,1.7,1.7,0.33,0.33,790,790,1300,1300,,
2024,1482,"RIVER SABARMATI AT MAHUDI JAIN TEMPLE, 150 KM. FORM ORIGIN,",Sabarmati,GUJARAT,"Table 7.1: Water Quality of tributary streams - Shedi, Meshwa and Khari - 2024",47,27,28,5.8,8.0,7.3,8.5,426,497,1.0,1.0,0.41,0.88,2,2,11,21,,
2024,1222,"RIVER SHEDHI AT KHEDA,",Shedhi,GUJARAT,"Table 7.1: Water Quality of tributary streams - Shedi, Meshwa and Khari - 2024",47,26,32,5.0,5.9,7.5,8.4,370,2424,1.2,2.6,0.98,1.93,540,1600,900,1600,140,540
2024,1224,"RIVER MESHWA NEAR RAJASTHAN BORDER D/S AT SAMLAJI,Dist: Arvali",Meshwa,GUJARAT,"Table 7.1: Water Quality of tributary streams - Shedi, Meshwa and Khari - 2024",47,24,28,5.1,8.0,7.0,8.1,308,588,1.0,1.0,0.50,1.06,2,2,4,21,,
2024,1437,"RIVER KHARI AT LALI VILLAGE NEAR AHMEDABAD,",Khari,GUJARAT,"Table 7.1: Water Quality of tributary streams - Shedi, Meshwa and Khari - 2024",47,28,32,0.3,2.0,6.8,7.6,1043,2350,7.0,46.0,0.38,1.48,1600,1600,1600,1600,,
2024,3321,"RIVER NARMADA AT AMARKANTAK FROM ORIGIN POINT,",Narmada,MADHYA PRADESH,"Table 7.1: Water Quality of tributary streams - Shedi, Meshwa and Khari - 2024",48,20,30,6.8,8.1,7.4,8.2,196,611,1.2,1.9,0.32,0.70,2,2,4,110,,
2024,1242,RIVER NARMADA NEAR ORIGIN POINT AT AMARKANTAK M.P.,Narmada,MADHYA PRADESH,"Table 7.1: Water Quality of tributary streams - Shedi, Meshwa and Khari - 2024",48,20,31,6.6,7.0,6.6,8.1,231,2452,1.5,2.0,0.32,0.36,2,2,4,43,2,2
2024,4578,RIVER NARMADA AT PUSKAR DAM AMARKANTAK,Narmada,MADHYA PRADESH,"Table 7.1: Water Quality of tributary streams - Shedi, Meshwa and Khari - 2024",48,20,30,1.7,7.9,7.0,8.2,223,471,1.5,2.4,0.33,4.06,2,2,47,120,2,2
2024,1241,RIVER NARMADA AT MANDLA NEAR ROAD BRIDGE. M.P.,Narmada,MADHYA PRADESH,"Table 7.1: Water Quality of tributary streams - Shedi, Meshwa and Khari - 2024",48,20,33,7.4,7.8,7.2,8.0,281,412,1.3,1.9,0.32,1.36,2,17,17,70,,
2024,1240,"RIVER NARMADA AT BARMANGHAT, NARSINGHPUR M.P.",Narmada,MADHYA PRADESH,"Table 7.1: Water Quality of tributary streams - Shedi, Meshwa and Khari - 2024",48,19,31,6.8,8.0,6.9,8.1,275,761,1.0,1.8,0.32,3.68,2,14,24,150,,
2024,2106,RIVER NARMADA AT NEMAWAR,Narmada,MADHYA PRADESH,"Table 7.1: Water Quality of tributary streams - Shedi, Meshwa and Khari - 2024",48,20,21,6.4,7.2,7.2,8.0,192,360,1.4,2.0,0.41,1.00,2,4,40,48,2,2
2024,4595,RIVER NARMADA 500 M.D/S NEAR JAIN MANDER VILLAGE NEMAWAR,,MADHYA PRADESH,"Table 7.1: Water Quality of tributary streams - Shedi, Meshwa and Khari - 2024",48,20,21,6.4,7.0,7.4,7.8,211,380,1.7,2.0,0.37,0.88,2,4,48,49,2,2
2024,1239,"RIVER NARMADA AT BADWANI, M.P.",Narmada,MADHYA PRADESH,"Table 7.1: Water Quality of tributary streams - Shedi, Meshwa and Khari - 2024",48,19,22,7.2,8.0,7.4,8.4,250,446,1.0,1.2,0.65,1.05,2,2,39,49,2,2
2024,1431,"RIVER NARMADA AT MAHESHWAR, M. P.",Narmada,MADHYA PRADESH,"Table 7.1: Water Quality of tributary streams - Shedi, Meshwa and Khari - 2024",48,19,22,7.4,8.2,7.5,8.4,278,339,1.0,1.3,0.02,62.02,2,2,32,49,,
2024,1234,RIVER NARMADA NEAR SHAHGANJ GUEST HOUSE DISTRICT SEHORE (M.P.),Narmada,MADHYA PRADESH,"Table 7.1: Water Quality of tributary streams - Shedi, Meshwa and Khari - 2024",48,18,26,6.0,9.8,7.3,8.5,206,416,1.0,2.9,1.67,7.42,12,32,120,280,2,2
2024,2112,"RIVER NARMADA NEAR MORTAKKA BRIDGE, BADWAH",Narmada,MADHYA PRADESH,"Table 7.1: Water Quality of tributary streams - Shedi, Meshwa and Khari - 2024",48,19,21,7.4,8.4,7.6,8.4,269,322,1.0,1.2,0.62,1.03,2,2,38,49,,
2024,1235,RIVER NARMADA AT HOSHANGABAD 100 METER D/ S AFTER CONFLUENCE OF SPM NALLA M.P.,Narmada,MADHYA PRADESH,"Table 7.1: Water Quality of tributary streams - Shedi, Meshwa and Khari - 2024",48,19,29,7.4,8.7,7.1,8.1,173,316,1.3,2.3,0.88,2.72,17,27,84,240,2,2
2024,2113,"RIVER NARMADA NEAR PUNASA DAM, PUNASA",Narmada,MADHYA PRADESH,"Table 7.1: Water Quality of tributary streams - Shedi, Meshwa and Khari - 2024",48,19,21,7.0,8.0,7.2,8.4,247,281,1.0,1.0,0.66,0.92,2,2,33,48,,
2024,1430,RIVER NARMADA AT D/S OF OMKARESHWAR M.P.,Narmada,MADHYA PRADESH,"Table 7.1: Water Quality of tributary streams - Shedi, Meshwa and Khari - 2024",48,19,21,7.4,8.0,7.6,8.6,264,320,1.0,1.3,0.02,1.21,2,2,38,49,,
2024,3322,"RIVER NARMADA AT MANDLA, NEAR SHAMSHANGHAT, JABALPUR",Narmada,MADHYA PRADESH,"Table 7.1: Water Quality of tributary streams - Shedi, Meshwa and Khari - 2024",48,20,33,7.2,7.9,7.1,8.1,268,418,1.2,1.9,0.30,1.36,2,34,17,130,,
2024,2099,"RIVER NARMADA AT LALPUR, JABALPUR",Narmada,MADHYA PRADESH,"Table 7.1: Water Quality of tributary streams - Shedi, Meshwa and Khari - 2024",48,22,28,6.7,8.0,7.0,7.9,248,314,1.1,1.5,0.32,2.89,2,8,24,41,,
2024,3323,"RIVER NARMADA AT TILWARAGHAT, JABALPUR",Narmada,MADHYA PRADESH,"Table 7.1: Water Quality of tributary streams - Shedi, Meshwa and Khari - 2024",48,20,29,6.2,7.9,7.0,7.9,278,346,1.0,1.7,0.30,0.82,2,17,24,1600,,
2024,3324,"RIVER NARMADA AT PANCHWATIGHAT, BEFORE MIXING WITH BAWANGANGA RIVER, JABALPUR",Narmada,MADHYA PRADESH,"Table 7.1: Water Quality of tributary streams - Shedi, Meshwa and Khari - 2024",48,20,32,6.8,7.8,7.0,7.8,281,368,1.0,2.2,0.32,1.06,2,12,24,430,,
2024,3325,"RIVER NARMADA AT SARSWATIGHAT, AFTER MIXING WITH BAWANGANGA RIVER, JABALPUR",Narmada,MADHYA PRADESH,"Table 7.1: Water Quality of tributary streams - Shedi, Meshwa and Khari - 2024",48,19,32,6.2,8.0,7.0,7.8,294,336,1.0,2.0,0.32,1.34,2,12,26,540,,
2024,2118,RIVER NARMADA RIVER AT D/S OF KAPILDHARA,Narmada River,MADHYA PRADESH,"Table 7.1: Water Quality of tributary streams - Shedi, Meshwa and Khari - 2024",49,20,30,6.7,7.1,7.2,8.1,202,4873,1.4,2.6,0.34,0.68,2,2,41,110,,
2024,2123,RIVER NARMADA AT KORIGHAT HOSHANGABAD,Narmada,MADHYA PRADESH,"Table 7.1: Water Quality of tributary streams - Shedi, Meshwa and Khari - 2024",49,19,29,7.6,8.5,7.3,8.2,194,281,1.3,2.2,0.97,1.92,10,22,63,280,2,2
2024,3847,RIVER NARMADA AT DHARAMPURI,Narmada,MADHYA PRADESH,"Table 7.1: Water Quality of tributary streams - Shedi, Meshwa and Khari - 2024",49,19,22,7.5,8.2,7.4,8.5,284,327,1.0,1.2,0.67,0.96,2,2,31,46,,
2024,4577,"RIVER NARMADA AT CHANDANGHAT NEAR ROAD BRIDGE, DINDORI",Narmada,MADHYA PRADESH,"Table 7.1: Water Quality of tributary streams - Shedi, Meshwa and Khari - 2024",49,20,31,6.8,8.1,7.5,8.5,210,425,1.3,1.8,0.34,0.60,2,2,31,50,2,2
2024,4579,RIVER NARMADA AT DINDORI D/S AFTER MIXING TO CITY DOMESTIC NEAR JOGOTIKARIA GHAT,Narmada,MADHYA PRADESH,"Table 7.1: Water Quality of tributary streams - Shedi, Meshwa and Khari - 2024",49,20,30,7.2,8.3,7.5,8.4,219,625,1.8,2.0,0.34,1.32,2,4,15,120,2,2
2024,4580,RIVER NARMADA NEAR BHAIRAV TAMPLE AT SHHASTRADHARA MANDLA,Narmada,MADHYA PRADESH,"Table 7.1: Water Quality of tributary streams - Shedi, Meshwa and Khari - 2024",49,19,33,0.4,7.9,7.1,8.1,286,428,1.0,1.9,0.32,1.36,2,21,6,90,,
2024,4581,RIVER NARMADA NEAR ROAD BRIDGE (D/S BARGI DAM) JABALPUR,Narmada,MADHYA PRADESH,"Table 7.1: Water Quality of tributary streams - Shedi, Meshwa and Khari - 2024",49,20,27,7.4,8.0,7.2,7.9,282,612,1.0,1.9,0.32,1.12,2,10,24,210,,
2024,4582,"RIVER NARMADA AT JAMTARA, NEAR RAILWAY BRIDGE",Narmada,MADHYA PRADESH,"Table 7.1: Water Quality of tributary streams - Shedi, Meshwa and Khari - 2024",49,20,29,2.6,8.2,7.0,7.8,264,348,1.0,1.9,0.32,1.36,2,10,17,390,,
2024,4583,RIVER NARMADA NEAR ROAD BRIDGE JHANSINGHAT JABALPUR,Narmada,MADHYA PRADESH,"Table 7.1: Water Quality of tributary streams - Shedi, Meshwa and Khari - 2024",49,20,31,7.0,7.9,7.1,8.3,268,799,1.0,1.8,0.30,2.82,2,10,15,94,,
2024,4584,RIVER NARMADA N.H. 44 NEAR ROAD BRIDGE AT BARMAN. JABALPUR,,MADHYA PRADESH,"Table 7.1: Water Quality of tributary streams - Shedi, Meshwa and Khari - 2024",49,20,31,6.5,8.0,7.1,8.1,274,799,1.0,1.8,0.30,3.14,2,12,15,110,2,2
2024,4585,"RIVER NARMADA, BARMANGHAT, 100 MDS OF MAINGHAT",,MADHYA PRADESH,"Table 7.1: Water Quality of tributary streams - Shedi, Meshwa and Khari - 2024",49,20,31,6.8,7.8,6.9,7.8,277,719,1.0,2.0,0.30,2.86,2,14,15,170,,
2024,4586,RIVER NARMADA S.N. 44 NEAR ROAD BRIDGE NEAR JHILKOLI NARSINGPUR,,MADHYA PRADESH,"Table 7.1: Water Quality of tributary streams - Shedi, Meshwa and Khari - 2024",49,19,31,6.2,8.0,7.1,8.1,285,816,1.0,2.0,0.30,2.66,2,10,15,94,,
2024,4587,"RIVER NARMADA AT NEAR ROAD BRIDGE, SANDIA",Narmada,MADHYA PRADESH,"Table 7.1: Water Quality of tributary streams - Shedi, Meshwa and Khari - 2024",49,6,28,7.8,8.5,7.2,8.1,164,262,1.1,1.6,0.57,6.06,10,17,58,130,2,2
2024,4588,RIVER NARMADA AT UP- STREAM OF VILLAGE JAIT NEAR NARYANAPURA DISTRICT SEHORE (M.P.),Narmada,MADHYA PRADESH,"Table 7.1: Water Quality of tributary streams - Shedi, Meshwa and Khari - 2024",49,18,26,6.2,9.5,7.4,8.5,205,323,1.0,2.4,1.26,10.70,9,47,94,240,2,2
2024,4589,RIVER NARMADA AT D/S OF VILL. JAIT,Narmada,MADHYA PRADESH,"Table 7.1: Water Quality of tributary streams - Shedi, Meshwa and Khari - 2024",49,18,27,6.1,9.6,7.4,8.5,190,397,1.0,2.5,1.64,12.34,6,48,120,240,2,2
2024,4590,RIVER NARMADA AT UP-STREAM BEFORE CONFLUENCE OF RIVER TAWA NEAR BANDRABHAN DISTRICT SEHORE M.P.,Narmada,MADHYA PRADESH,"Table 7.1: Water Quality of tributary streams - Shedi, Meshwa and Khari - 2024",49,19,26,6.5,9.4,7.4,8.4,209,385,1.0,2.8,0.55,9.18,8,43,110,220,2,2
2024,4591,"RIVER NARMADA AT DOWN-STREAM AFTER CONFLUENCE OF RIVER TAWA NEAR RAMNAGAR,DISTRICT SEHORE (M.P.)",Narmada,MADHYA PRADESH,"Table 7.1: Water Quality of tributary streams - Shedi, Meshwa and Khari - 2024",49,18,27,6.3,9.7,7.3,8.5,203,3125,1.0,2.5,0.84,6.90,10,46,140,280,2,2
2024,4592,"RIVER NARMADA AT BUDHNIGHAT, BUDHNI DISTRICT SEHORE( M.P.)",Narmada,MADHYA PRADESH,"Table 7.1: Water Quality of tributary streams - Shedi, Meshwa and Khari - 2024",49,19,27,6.2,9.0,7.3,8.5,200,438,1.0,2.1,1.36,11.93,4,47,110,280,2,2
2024,4593,RIVER NARMADA AT DOWN-STREAM OF TEXTILE UNIT VILLAGE. HOLIPURA BUDNI DISTRICT SEHORE (M.P.),Narmada,MADHYA PRADESH,"Table 7.1: Water Quality of tributary streams - Shedi, Meshwa and Khari - 2024",49,18,27,6.3,9.2,7.2,8.5,193,436,1.0,2.7,0.93,6.19,11,43,120,350,2,2
2024,4594,RIVER NARMADA AT BEFOR CONFLU. OF RIVER JAMNER VILL. NEMAWAR,Narmada,MADHYA PRADESH,"Table 7.1: Water Quality of tributary streams - Shedi, Meshwa and Khari - 2024",49,20,21,6.4,7.1,7.4,7.8,201,368,1.8,2.0,0.39,0.80,2,4,47,49,2,2
2024,4596,RIVER NARMADA AT HANUWANTIA DIST. KHANDWA,Narmada,MADHYA PRADESH,"Table 8.1: Water Quality of tributray streams - Chota Tawa, Gour, Kunda, Banjar, Kanhan, Hiran,",50,19,21,7.3,8.2,7.5,8.5,238,289,1.0,1.0,0.71,0.95,2,2,33,49,,
2024,4597,RIVER NARMADA AT U/S OMKAREWHWAR DAM KHANDWA,Narmada,MADHYA PRADESH,"Table 8.1: Water Quality of tributray streams - Chota Tawa, Gour, Kunda, Banjar, Kanhan, Hiran,",50,19,21,7.5,8.2,7.6,8.5,250,318,1.0,1.2,0.02,1.03,2,2,31,49,,
2024,4598,RIVER NARMADA RIVER AT DHARESHWAR,Narmada River,MADHYA PRADESH,"Table 8.1: Water Quality of tributray streams - Chota Tawa, Gour, Kunda, Banjar, Kanhan, Hiran,",50,19,21,7.4,8.0,7.4,8.1,272,360,1.0,1.2,0.73,0.94,2,2,36,46,2,2
2024,4599,RIVER NARMADA NEAR W/S INTAKE JALLOD,Narmada,MADHYA PRADESH,"Table 8.1: Water Quality of tributray streams - Chota Tawa, Gour, Kunda, Banjar, Kanhan, Hiran,",50,19,22,7.3,8.2,6.8,8.2,267,351,1.0,1.0,0.49,0.98,2,2,31,46,,
2024,4600,RIVER NARMADA RIVER AT SHAHASTRADHARA (JALKOTI),Narmada River,MADHYA PRADESH,"Table 8.1: Water Quality of tributray streams - Chota Tawa, Gour, Kunda, Banjar, Kanhan, Hiran,",50,19,21,7.5,7.9,7.2,8.1,288,360,1.0,1.0,0.80,1.01,2,2,32,46,,
2024,4601,RIVER NARMADA AT KHALGHAT,Narmada,MADHYA PRADESH,"Table 8.1: Water Quality of tributray streams - Chota Tawa, Gour, Kunda, Banjar, Kanhan, Hiran,",50,19,22,6.9,7.8,7.7,8.4,269,351,1.0,1.2,0.32,2.10,2,2,31,43,,
2024,4602,RIVER NARMADA RIVER AT SEMALDA U/S OF BARWANI,Narmada River,MADHYA PRADESH,"Table 8.1: Water Quality of tributray streams - Chota Tawa, Gour, Kunda, Banjar, Kanhan, Hiran,",50,20,21,7.1,8.2,7.5,8.1,277,350,1.0,1.2,0.73,1.18,2,2,38,49,,
2024,4603,RIVER NARMADA AT KOTESHWAR,Narmada,MADHYA PRADESH,"Table 8.1: Water Quality of tributray streams - Chota Tawa, Gour, Kunda, Banjar, Kanhan, Hiran,",50,20,22,7.5,8.1,7.6,8.4,281,324,1.0,1.1,0.57,1.26,2,2,38,43,,
2024,4605,"RIVER NARMADA AT KAKRANA, INTERSTATE BOUNDRY, ALIRAJPUR",Narmada,MADHYA PRADESH,"Table 8.1: Water Quality of tributray streams - Chota Tawa, Gour, Kunda, Banjar, Kanhan, Hiran,",50,20,22,7.2,8.0,7.5,8.1,280,369,1.0,1.4,0.77,1.03,2,2,33,49,2,2
2024,30048,"RIVER NARMADA AT NAVAGAM, NEAR GORA COLONY, KEVADIA, GUJARAT (GUJARAT AND MADHYA PRADESH)",Narmada,GUJARAT,"Table 8.1: Water Quality of tributray streams - Chota Tawa, Gour, Kunda, Banjar, Kanhan, Hiran,",50,32,32,6.5,6.5,7.9,7.9,285,285,1.0,1.0,0.53,0.53,110,110,220,220,,
2024,1244,"RIVER NARMADA AT PANETHA,",Narmada,GUJARAT,"Table 8.1: Water Quality of tributray streams - Chota Tawa, Gour, Kunda, Banjar, Kanhan, Hiran,",50,27,34,6.6,8.5,7.9,8.4,270,411,1.0,1.0,0.32,2.20,2,40,20,93,,
2024,1245,"RIVER NARMADA AT CHANDOD,",Narmada,GUJARAT,"Table 8.1: Water Quality of tributray streams - Chota Tawa, Gour, Kunda, Banjar, Kanhan, Hiran,",50,26,30,7.3,8.0,7.6,8.5,279,346,1.0,1.0,0.96,1.22,4,17,27,130,,
2024,1243,"RIVER NARMADA AT BHARUCH, ZADESHVAR,",Narmada,GUJARAT,"Table 8.1: Water Quality of tributray streams - Chota Tawa, Gour, Kunda, Banjar, Kanhan, Hiran,",50,27,30,6.7,8.6,7.8,8.5,292,1480,1.0,1.1,0.30,0.32,40,120,93,260,7,45
2024,1981,"RIVER NARMADA AT ZANOR (NTPC), BHARUCHRIVER NARMADA AT ZANOR (NTPC), BHARUCH",Narmada,GUJARAT,"Table 8.1: Water Quality of tributray streams - Chota Tawa, Gour, Kunda, Banjar, Kanhan, Hiran,",50,26,29,6.9,8.5,7.6,8.4,303,726,1.0,1.0,0.30,0.30,20,45,61,110,2,20
2024,1236,"RIVER CHOTA TAWA BEFORE CONFL. WITH RIVER NARMADA, M.P.",Chota Tawa,MADHYA PRADESH,Table 9: Water Quality of river Tapi - 2024,51,20,20,6.9,7.2,7.8,7.9,318,485,1.1,1.2,0.82,1.95,2,2,40,63,2,2
2024,2100,"RIVER GOUR NEAR BHOGDWAR WSS INTAKE POINT, JABALPUR",Gour,MADHYA PRADESH,Table 9: Water Quality of river Tapi - 2024,51,22,28,6.6,7.7,7.0,7.8,290,390,1.2,1.9,0.32,1.92,2,7,23,49,,
2024,2114,RIVER KUNDA AT KHARGONE,Kunda,MADHYA PRADESH,Table 9: Water Quality of river Tapi - 2024,51,19,22,3.0,7.8,7.6,8.2,359,1467,1.1,3.4,0.82,275.2,2,32,26,587,2,4
2024,3305,"RIVER BANJAR AT MALANJKHAND NEAR W/S INTAKE POINT, JABALPUR",Banjar,MADHYA PRADESH,Table 9: Water Quality of river Tapi - 2024,51,19,30,6.8,7.8,6.8,7.9,238,568,1.0,1.9,0.28,1.36,2,26,4,140,,
2024,3312,"RIVER KANHAN AT CHINDWARA BEFORE MIXING BOREGAON GROWTH CENTRE NALLA, JABALPUR",Kanhan,MADHYA PRADESH,Table 9: Water Quality of river Tapi - 2024,51,22,24,7.1,7.2,7.4,7.6,619,716,1.8,2.0,2.64,3.24,3,3,39,39,,
2024,3828,"RIVER HIRAN, NH 7 ROAD BRIDGE, SIHORA, DIST JABALPUR",,MADHYA PRADESH,Table 9: Water Quality of river Tapi - 2024,51,19,29,6.2,7.7,7.2,7.9,280,370,1.0,2.8,0.30,2.02,2,13,31,120,,
2024,3829,"RIVER HIRAN, NH -12 ROAD BRIDGE VIL VIKRAMPUR ,DIST NARSINGPUR",,MADHYA PRADESH,Table 9: Water Quality of river Tapi - 2024,51,20,31,6.8,7.7,7.2,8.2,291,799,1.0,2.0,0.30,2.88,2,7,22,150,,
2024,4613,"RIVER HIRAN AFTER MIXING PARIYAT RIVER NEAR ROAD BRIDGE AT VILL GANIYARI, JABALPUR",Hiran,MADHYA PRADESH,Table 9: Water Quality of river Tapi - 2024,51,19,29,5.0,7.7,6.2,7.7,119,984,1.3,12.0,0.30,1.89,2,39,21,350,,
2024,4616,"RIVER BANJAR RIVER NEAR ROAD BRIDGE, VILL. KHARRADHAR MALANJKHAND.",Banjar River,MADHYA PRADESH,Table 9: Water Quality of river Tapi - 2024,51,19,30,6.8,7.8,6.9,7.8,250,468,1.0,1.9,0.32,32.74,2,12,24,140,,
2024,4617,"RIVER WAINGANGA RIVER NEAR VILL. BUDUNDA MALANJKHAND, DISTT BALAGHAT",Wainganga River,MADHYA PRADESH,Table 9: Water Quality of river Tapi - 2024,51,19,30,7.0,7.9,7.0,7.8,242,412,1.2,1.9,0.30,1.60,2,11,17,170,,
2024,1250,RIVER TAPI AT HATNUR M.P.,Tapi,MADHYA PRADESH,Table 9: Water Quality of river Tapi - 2024,51,20,23,6.7,7.7,7.4,8.6,274,1096,1.2,2.4,0.74,2.11,2,4,48,280,2,2
2024,1466,"RIVER TAPI AT VILLAGE KHEDI, NEAR AMARAWATI ROAD BRIDGE , BETUL",Tapi,MADHYA PRADESH,Table 9: Water Quality of river Tapi - 2024,51,22,23,7.1,7.2,7.1,7.7,693,823,1.8,2.0,2.32,2.72,3,3,15,40,,
2024,2115,RIVER TAPTI AT NEPA NAGAR 100 METRE D/S AFTER MIXING PANDHAR NALLA,Tapti,MADHYA PRADESH,Table 9: Water Quality of river Tapi - 2024,51,19,22,6.5,7.6,7.1,8.6,284,445,1.2,1.4,0.02,1.74,2,2,47,63,,
2024,1247,"RIVER TAPI AT MANDAVI,",Tapi,GUJARAT,"Table 9.1: Water Quality of Tributary streams Bhukhi Khadi, Kim, Girna, Rangavali, Purna(Tapi),",52,27,30,6.2,8.0,7.4,8.5,345,536,1.0,2.5,0.30,0.34,2,17,6,46,2,2
2024,1983,"RIVER TAPI NEAR BARDOLI (KAPP BRIDGE) BARDOLIKAKRAPAR,SURAT",Tapi,GUJARAT,"Table 9.1: Water Quality of Tributary streams Bhukhi Khadi, Kim, Girna, Rangavali, Purna(Tapi),",52,28,31,6.9,7.8,7.5,8.5,361,545,1.0,1.3,0.30,10.00,2,2,4,14,2,2
2024,1248,"RIVER TAPI AT SURAT U/S KATHORE,RIVER TAPI NEAR LIMDESHWAR MAHDEV AT KATHOR",Tapi,GUJARAT,"Table 9.1: Water Quality of Tributary streams Bhukhi Khadi, Kim, Girna, Rangavali, Purna(Tapi),",52,24,29,6.8,7.4,7.2,8.5,377,669,1.0,2.0,0.30,0.34,2,33,14,63,2,2
2024,1982,"RIVER TAPI AT RANDER BRIDGE, SURATRANDER,SURAT",Tapi,GUJARAT,"Table 9.1: Water Quality of Tributary streams Bhukhi Khadi, Kim, Girna, Rangavali, Purna(Tapi),",52,24,32,6.5,7.4,7.1,8.5,398,933,1.1,2.0,0.30,0.34,2,17,27,63,2,2
2024,2071,"RIVER TAPI AT ONGC BRIDGE AT SURAT, DIST. SURATHAZIRA,SURAT",Tapi,GUJARAT,"Table 9.1: Water Quality of Tributary streams Bhukhi Khadi, Kim, Girna, Rangavali, Purna(Tapi),",52,24,32,6.2,7.3,6.7,8.5,419,46770,1.3,2.8,0.30,0.39,10,17,31,47,2,6
2024,30045,"RIVER TAPI AT KUKURMUNDA BRIDGE, NIZHAR ROAD, NEAR VILLAGE KUKURMUNDA, GUJARAT (MAHARASHTRA AND GUJARAT)",Tapi,GUJARAT,"Table 9.1: Water Quality of Tributary streams Bhukhi Khadi, Kim, Girna, Rangavali, Purna(Tapi),",52,24,24,7.6,7.6,8.5,8.5,480,480,1.9,1.9,2.60,2.60,170,170,1100,1100,,
2024,1251,"RIVER TAPI AT U/S, BHUSAWAL,VILLAGE. BHUSAWAL RAILWAY COLONY, TALUKA. BHUSAWAL, DISTRICT. JALGAON.",Tapi,MAHARASHTRA,"Table 9.1: Water Quality of Tributary streams Bhukhi Khadi, Kim, Girna, Rangavali, Purna(Tapi),",52,22,22,4.0,5.8,8.2,9.2,327,811,3.0,8.0,0.30,2.19,6,39,58,220,2,2
2024,1313,"RIVER TAPI AT AJNAD VILLAGE, VILLAGE.AJNAD , TALUKA. RAVER, DISTRICT.JALGAON.",Tapi,MAHARASHTRA,"Table 9.1: Water Quality of Tributary streams Bhukhi Khadi, Kim, Girna, Rangavali, Purna(Tapi),",52,22,23,3.9,6.0,7.4,9.1,354,5125,2.8,12.0,0.30,2.21,2,12,38,140,2,2
2024,1314,"RIVER TAPI AT UBAD VILLAGE NEAR GUJRATBORDER, VILLAGE. UBAD, TALUKA. SHAHADA, DISTRICT. NANDURBAR.",Tapi,MAHARASHTRA,"Table 9.1: Water Quality of Tributary streams Bhukhi Khadi, Kim, Girna, Rangavali, Purna(Tapi),",52,17,24,5.0,7.5,7.1,9.1,347,855,3.0,7.5,0.37,2.34,4,22,33,220,2,2
2024,3203,"RIVER AMRAVATI AT VILLAGE DADHAL , TA ANKLESHWAR, BHARUCHNR RAILWAY BRIDGE, AT VILLAGE DHADHAL , TA: ANKLESHWAR, DIST BHARUCH",Amravati,GUJARAT,"Table 9.1: Water Quality of Tributary streams Bhukhi Khadi, Kim, Girna, Rangavali, Purna(Tapi),",52,28,31,5.2,8.4,7.6,8.5,403,1600,1.0,2.8,0.35,2.73,40,110,120,230,,
2024,4417,"RIVER BHUKHI KHADI, U/S OF GIDC VILAYAT, TA; VAGRA, DIST BHARUCH.RIVER BHUKHI KHADI, U/S OF GIDC VILAYAT, TA; VAGRA, DIST BHARUCH.",,GUJARAT,"Table 9.1: Water Quality of Tributary streams Bhukhi Khadi, Kim, Girna, Rangavali, Purna(Tapi),",53,27,34,5.4,7.8,6.8,8.4,217,4739,1.0,2.3,0.30,0.38,40,140,120,260,,
2024,4418,"RIVER BHUKHI KHADI, D/S OF GIDC VILAYAT, TA; VAGRA, DIST BHARUCHRIVER BHUKHI KHADI, D/S OF GIDC VILAYAT, TA; VAGRA, DIST BHARUCH",,GUJARAT,"Table 9.1: Water Quality of Tributary streams Bhukhi Khadi, Kim, Girna, Rangavali, Purna(Tapi),",53,27,36,5.1,8.2,7.3,8.2,230,3091,1.0,2.4,0.30,0.30,40,110,140,400,,
2024,4419,"RIVER BHUKHI KHADI D/S OF GIDC SAYKHA, VILL: KOTHIYA TA: VAGRA, DIST BHARUCHRIVER BHUKHI KHADI D/S OF GIDC SAYKHA, VILL: KOTHIYA TA: VAGRA, DIST BHARUCH",Bhukhi Khadi,GUJARAT,"Table 9.1: Water Quality of Tributary streams Bhukhi Khadi, Kim, Girna, Rangavali, Purna(Tapi),",53,27,34,5.5,7.8,7.0,8.4,153,2511,1.0,2.2,0.30,0.30,20,170,140,470,,
2024,2070,"RIVER KIM AT SAHOL BRIDGE, OLPAD HANSOT ROAD, DIST. SURATSAHOL, OLPAD HANSOT ROAD, SAHOL BRIDGE,SURAT",Kim,GUJARAT,"Table 9.1: Water Quality of Tributary streams Bhukhi Khadi, Kim, Girna, Rangavali, Purna(Tapi),",53,24,31,5.3,7.3,6.7,8.5,462,7290,1.0,2.9,0.30,0.34,2,17,20,63,2,6
2024,1252,"RIVER GIRNA AT JALGAON AT INTAKE OF GIRNA PUMP HUOSE, VILLAGE- GIRNA PUMP HOUSE AREA, TALUKA- JALGAON, DISTRICT- JALGAON.",Girna,MAHARASHTRA,"Table 9.1: Water Quality of Tributary streams Bhukhi Khadi, Kim, Girna, Rangavali, Purna(Tapi),",53,22,24,5.1,5.4,8.1,8.7,486,895,3.2,4.0,0.30,1.92,6,10,47,84,2,2
2024,1253,"RIVER GIRNA AT MALEGAON ROAD BRIDGE, VILLAGE. MALEGAON, TALUKA. MALEGAON, DISTRICT. NASHIK.",Girna,MAHARASHTRA,"Table 9.1: Water Quality of Tributary streams Bhukhi Khadi, Kim, Girna, Rangavali, Purna(Tapi),",53,20,23,4.2,5.6,7.8,8.8,353,769,3.0,7.6,0.30,1.67,4,21,70,170,2,2
2024,1907,"RIVER RANGAVALI AT D/S OF NAVAPUR NEAR RANGAVALI BRIDGE, VILLAGE- NAVAPUR, TALUKA- NAVAPUR, DISTRICT- NANDURBAR.",Rangavali,MAHARASHTRA,"Table 9.1: Water Quality of Tributary streams Bhukhi Khadi, Kim, Girna, Rangavali, Purna(Tapi),",53,17,20,3.8,6.2,7.6,8.5,328,602,2.6,8.5,0.30,2.43,6,31,45,350,2,2
2024,1913,"RIVER PURNA AT DHUPESHWAR AT U/S OF MALKAPUR WATER WORKS, MALKAPUR, DIST.AKOLA",Purna,MAHARASHTRA,"Table 9.1: Water Quality of Tributary streams Bhukhi Khadi, Kim, Girna, Rangavali, Purna(Tapi),",53,21,26,5.6,6.9,7.9,8.5,832,10720,3.0,20.0,0.32,2.96,21,41,110,220,2,2
2024,2155,"RIVER PURNA AT D/S OF CONFLUENCE OF MORNA & PURNA RIVER AT ANDURA VILLAGE, VILLAGE- ANDURA, TALUKA- BALAPUR, DISTRICT - AKOLA.",Purna,MAHARASHTRA,"Table 9.1: Water Quality of Tributary streams Bhukhi Khadi, Kim, Girna, Rangavali, Purna(Tapi),",53,20,26,4.8,6.4,8.1,8.8,652,10750,3.4,9.5,0.32,4.42,22,48,150,280,2,2
2024,2700,"RIVER PURNA NEAR ACHALPUR- AMRAVATI ROAD BRIDGE, VILLAGE- ASEGAON,TALUKA- CHANDUR BAZAR, DISTRICT- AMRAVATI.",Purna,MAHARASHTRA,"Table 9.1: Water Quality of Tributary streams Bhukhi Khadi, Kim, Girna, Rangavali, Purna(Tapi),",53,20,25,5.6,8.9,8.2,8.6,601,794,3.2,3.8,0.48,6.77,23,40,120,350,2,2
2024,2652,"RIVER AMRAVATI AT D/S. OF DONDAICHA, VILLAGE. DONDAICHA, TALUKA. DHULE, DISTRICT. DHULE.",Amravati,MAHARASHTRA,"Table 9.1: Water Quality of Tributary streams Bhukhi Khadi, Kim, Girna, Rangavali, Purna(Tapi),",53,16,16,5.3,5.7,8.4,8.5,517,704,3.2,5.2,1.88,1.92,13,26,130,150,2,2
2024,2658,"RIVER BORI D/S OF AMALNER, VILLAGE- AMALNER, TALUKA- JALGAON, DISTRICT- JALGAON.",Bori,MAHARASHTRA,"Table 9.1: Water Quality of Tributary streams Bhukhi Khadi, Kim, Girna, Rangavali, Purna(Tapi),",53,22,24,5.1,5.5,8.0,8.7,521,1012,3.2,3.2,0.30,1.99,6,6,48,94,2,2
2024,2659,"RIVER BURAI BEFORE CONFLUENCE TO TAPI RIVER, VILLAGE- MUKUDAS, TALUKA- DHULE, DISTRICT- DHULE.",Burai,MAHARASHTRA,"Table 9.1: Water Quality of Tributary streams Bhukhi Khadi, Kim, Girna, Rangavali, Purna(Tapi),",53,14,18,2.3,5.9,8.1,9.1,395,689,3.2,18.0,0.30,2.16,20,26,110,220,2,2
2024,2666,"RIVER GOMAI D/S. OF SHAHADA, VILLAGE- SHAHADA,TALUKA- DHULE,DISTRICT- DHULE.",Gomai,MAHARASHTRA,"Table 9.1: Water Quality of Tributary streams Bhukhi Khadi, Kim, Girna, Rangavali, Purna(Tapi),",53,16,18,4.4,6.0,7.6,9.1,509,1014,3.0,11.0,0.30,4.59,4,27,45,130,2,2
2024,2667,"RIVER HIWARA AT D/S OF PACHORA, VILLAGE- PACHORA,TALUKA- JALGAON,DISTRICT- JALGAON.",Hiwara,MAHARASHTRA,"Table 9.1: Water Quality of Tributary streams Bhukhi Khadi, Kim, Girna, Rangavali, Purna(Tapi),",53,21,22,4.9,5.6,8.2,8.7,484,523,3.0,3.0,0.30,2.45,11,17,140,150,2,2
2024,2674,"RIVER MOR NEAR PADALASHE, VILLAGE- PADALASHE,TALUKA- JALGAON, DISTRICT- JALGAON.",Mor,MAHARASHTRA,"Table 9.1: Water Quality of Tributary streams Bhukhi Khadi, Kim, Girna, Rangavali, Purna(Tapi),",53,20,22,3.4,5.2,8.3,9.1,262,512,3.8,12.0,0.30,2.36,11,14,84,120,2,2
2024,2684,"RIVER PANZARA NEAR PANZARAKAN SSK LTD, VILLAGE- PANZARA,TALUKA- DHULE, DISTRICT- DHULE.",Panzara,MAHARASHTRA,Table 10: Water Quality of river Mahanadi - 2024,54,16,18,3.8,5.7,8.3,8.5,382,1028,3.2,4.4,0.30,4.35,4,40,47,280,2,2
2024,2695,"RIVER PEDHI NEAR ROAD BRIDGE AT DADHI- PEDHI VILLAGE, VILLAGE- DADHI- PEDHI, TALUKA- BHATKULI, DISTRICT- AMRAVATI.",Pedhi,MAHARASHTRA,Table 10: Water Quality of river Mahanadi - 2024,54,20,25,5.0,7.1,7.9,8.5,934,7670,3.5,6.5,0.46,6.02,17,34,84,280,2,2
2024,2710,"RIVER TITUR AT D/S OF CHALISGAON, VILLAGE. CHALISGAON ,TALUKA. JALGAON, DISTRICT. JALGAON.",Titur,MAHARASHTRA,Table 10: Water Quality of river Mahanadi - 2024,54,22,22,4.9,4.9,8.3,8.7,523,565,3.0,3.8,0.30,2.15,11,21,120,150,2,2
2024,2718,"RIVER WAGHUR AT- SAKEGAON BEFORE CONFLUENCE WITH TAPI RIVER, VILLAGE- SAKEGAON, TALUKA- JALGAON, DISTRICT- JALGAON.",Waghur,MAHARASHTRA,Table 10: Water Quality of river Mahanadi - 2024,54,22,22,4.9,5.3,8.2,9.1,522,850,3.2,4.8,0.30,1.92,4,14,49,120,2,2
2024,1851,"RIVER MAHANADI AT SIHAWA, ORIGIN POINT OF RIVER MAHANADI",Mahanadi,CHHATTISGARH,Table 10: Water Quality of river Mahanadi - 2024,54,20,29,5.3,7.2,7.1,7.8,115,396,1.2,2.8,,,,,26,64,,
2024,1264,"RIVER MAHANADI AT RUDRI RESERVOIR U/S AT RUDRI,DHAMTARI",Mahanadi,CHHATTISGARH,Table 10: Water Quality of river Mahanadi - 2024,54,23,29,6.4,7.7,6.6,7.9,106,410,1.8,2.7,,,,,27,70,,
2024,1099,"RIVER MAHANADI AT RAJIM,NEAR ROAD BRIDGE CHHATISGARH.",Mahanadi,CHHATTISGARH,Table 10: Water Quality of river Mahanadi - 2024,54,23,30,5.5,8.0,6.9,7.7,192,741,1.0,2.9,0.79,0.79,4,4,46,100,,
2024,1852,"RIVER MAHANADI AT ARRANG, NEAR GANDHI BRIDGE",Mahanadi,CHHATTISGARH,Table 10: Water Quality of river Mahanadi - 2024,54,24,29,6.2,7.2,7.0,8.0,198,706,1.6,2.9,,,,,40,70,,
2024,1100,RIVER MAHANADI AT KHAROD,Mahanadi,CHHATTISGARH,Table 10: Water Quality of river Mahanadi - 2024,54,20,33,6.5,7.5,7.3,8.0,280,402,1.9,2.5,1.50,3.04,6,93,34,390,,
2024,1282,RIVER MAHANADI AT SHEORINARAYAN VILLAGE D/S NEAR ROAD BRIDGE,Mahanadi,CHHATTISGARH,Table 10: Water Quality of river Mahanadi - 2024,54,20,33,6.0,7.0,7.1,8.5,320,451,1.9,4.2,2.00,3.94,8,350,110,790,,
2024,1467,"RIVER MAHANADI AFTER CONFL. OF RIVER MAND,NEAR BALPUR VILLAGE.",Mahanadi,CHHATTISGARH,Table 10: Water Quality of river Mahanadi - 2024,54,21,34,6.4,7.5,7.3,8.0,320,416,1.9,3.6,2.00,4.29,6,280,60,540,,
2024,1101,"RIVER MAHANADI AT INTERSTATE BOUNDRY, NEAR SURJGARH VILLAGE",Mahanadi,CHHATTISGARH,Table 10: Water Quality of river Mahanadi - 2024,54,20,29,6.8,7.3,7.1,7.9,191,329,1.3,2.7,0.80,1.16,,,64,460,,
2024,1281,RIVER MAHANADI AT HIRAKUD RESERVOIR,Mahanadi,ODISHA,Table 10: Water Quality of river Mahanadi - 2024,54,25,28,5.3,8.4,6.8,8.3,178,240,1.1,1.4,0.37,0.96,130,1300,330,3500,,
2024,30063,RIVER MAHANADI AT HIRAKUND (ODISHA),Mahanadi,ODISHA,Table 10: Water Quality of river Mahanadi - 2024,54,24,29,7.5,8.7,7.3,8.3,191,207,1.0,1.0,0.32,0.43,450,2800,11000,22000,13,110
2024,1270,RIVER MAHANADI AT SAMBALPUR U/S,Mahanadi,ODISHA,"Table 10.1: Water Quality of tributary streams Seonath, Hasdeo, Kharoon, Arpa, Kelo, IB, Serua, Daya, Kuakhai, Kathajodi, Gangua, Birupa,",55,24,28,6.2,7.4,7.1,7.9,168,255,1.3,1.7,0.37,0.99,130,790,330,3500,,
2024,1271,RIVER MAHANADI AT SAMBALPUR D/S,Mahanadi,ODISHA,"Table 10.1: Water Quality of tributary streams Seonath, Hasdeo, Kharoon, Arpa, Kelo, IB, Serua, Daya, Kuakhai, Kathajodi, Gangua, Birupa,",55,24,29,5.4,8.0,7.2,8.4,184,299,1.8,2.4,0.35,1.18,170,1300,490,3500,2,23
2024,2405,RIVER MAHANADI AT SAMBALPUR FD/S AT HUMA,Mahanadi,ODISHA,"Table 10.1: Water Quality of tributary streams Seonath, Hasdeo, Kharoon, Arpa, Kelo, IB, Serua, Daya, Kuakhai, Kathajodi, Gangua, Birupa,",55,24,29,5.7,7.8,7.2,8.0,188,265,1.2,1.7,0.40,1.36,170,1700,460,4900,2,33
2024,1272,RIVER MAHANADI (AFTER CONFL. WITH R. ONG ) AT SONEPUR U/S,Mahanadi,ODISHA,"Table 10.1: Water Quality of tributary streams Seonath, Hasdeo, Kharoon, Arpa, Kelo, IB, Serua, Daya, Kuakhai, Kathajodi, Gangua, Birupa,",55,21,30,5.6,8.2,7.1,8.5,34,304,1.1,1.8,0.32,1.13,22,790,79,3500,2,79
2024,1274,RIVER MAHANADI (AFTER CONFL. WITH R. TEL) AT SONEPUR D/S,Mahanadi,ODISHA,"Table 10.1: Water Quality of tributary streams Seonath, Hasdeo, Kharoon, Arpa, Kelo, IB, Serua, Daya, Kuakhai, Kathajodi, Gangua, Birupa,",55,21,30,6.3,8.5,6.9,8.5,223,302,1.4,2.0,0.32,1.39,33,1700,110,4900,2,49
2024,2404,RIVER MAHANADI AT POWER CHANNEL D/S NEAR BURLA,Mahanadi,ODISHA,"Table 10.1: Water Quality of tributary streams Seonath, Hasdeo, Kharoon, Arpa, Kelo, IB, Serua, Daya, Kuakhai, Kathajodi, Gangua, Birupa,",55,24,29,5.8,7.9,6.9,7.7,196,250,1.5,2.4,0.35,1.15,110,1700,490,3500,,
2024,2406,RIVER MAHANADI AT MUNDALI (WATER INTAKE POINT OF BHUBANESWAR CITY),Mahanadi,ODISHA,"Table 10.1: Water Quality of tributary streams Seonath, Hasdeo, Kharoon, Arpa, Kelo, IB, Serua, Daya, Kuakhai, Kathajodi, Gangua, Birupa,",55,20,32,7.0,8.1,6.6,8.5,208,266,1.4,1.7,0.32,1.80,140,2300,790,4900,11,79
2024,3887,RIVER MAHANADI AT SAMBALPUR FD/S AT SHANKARMATH,Mahanadi,ODISHA,"Table 10.1: Water Quality of tributary streams Seonath, Hasdeo, Kharoon, Arpa, Kelo, IB, Serua, Daya, Kuakhai, Kathajodi, Gangua, Birupa,",55,24,29,5.6,10.2,7.3,7.8,195,395,1.7,2.2,0.35,3.37,270,1100,1100,2800,2,89
2024,1275,RIVER MAHANADI AT TIKARPADA,Mahanadi,ODISHA,"Table 10.1: Water Quality of tributary streams Seonath, Hasdeo, Kharoon, Arpa, Kelo, IB, Serua, Daya, Kuakhai, Kathajodi, Gangua, Birupa,",55,23,29,6.1,9.4,7.1,8.5,183,410,1.2,1.4,0.32,1.08,11,1700,33,3500,2,8
2024,1276,RIVER MAHANADI AT NARSINGHPUR,Mahanadi,ODISHA,"Table 10.1: Water Quality of tributary streams Seonath, Hasdeo, Kharoon, Arpa, Kelo, IB, Serua, Daya, Kuakhai, Kathajodi, Gangua, Birupa,",55,18,34,6.1,8.2,6.7,8.4,194,268,1.1,1.5,0.32,1.73,110,1700,330,2800,11,33
2024,1277,RIVER MAHANADI AT CUTTACK U/S,Mahanadi,ODISHA,"Table 10.1: Water Quality of tributary streams Seonath, Hasdeo, Kharoon, Arpa, Kelo, IB, Serua, Daya, Kuakhai, Kathajodi, Gangua, Birupa,",55,22,31,7.5,8.3,6.8,8.5,207,245,1.7,1.9,0.32,2.15,490,1700,1400,3500,11,33
2024,1278,RIVER MAHANADI AT CUTTACK D/S,Mahanadi,ODISHA,"Table 10.1: Water Quality of tributary streams Seonath, Hasdeo, Kharoon, Arpa, Kelo, IB, Serua, Daya, Kuakhai, Kathajodi, Gangua, Birupa,",55,20,30,6.1,8.2,6.8,8.2,204,320,2.0,2.3,0.32,1.97,1300,4900,4700,22000,17,79
2024,3890,RIVER MAHANADI AT CUTTACK FD/S AT GATIRAUTAPATNA,Mahanadi,ODISHA,"Table 10.1: Water Quality of tributary streams Seonath, Hasdeo, Kharoon, Arpa, Kelo, IB, Serua, Daya, Kuakhai, Kathajodi, Gangua, Birupa,",55,20,31,7.2,8.1,6.9,8.3,199,234,1.5,2.4,0.32,1.80,330,2200,1100,4900,5,79
2024,2407,RIVER MAHANADI AT PARADEEP U/S (BEFORE INDUSTRIAL ACTIVITY AT PARADEEP),Mahanadi,ODISHA,"Table 10.1: Water Quality of tributary streams Seonath, Hasdeo, Kharoon, Arpa, Kelo, IB, Serua, Daya, Kuakhai, Kathajodi, Gangua, Birupa,",55,24,31,5.5,8.5,7.3,8.4,275,25400,1.2,1.3,0.36,1.13,2,330,2,1300,2,23
2024,1639,RIVER MAHANADI AT PARADEEP D/S,Mahanadi,ODISHA,"Table 10.1: Water Quality of tributary streams Seonath, Hasdeo, Kharoon, Arpa, Kelo, IB, Serua, Daya, Kuakhai, Kathajodi, Gangua, Birupa,",55,23,31,5.8,7.9,7.5,8.2,6856,38810,1.5,1.8,0.33,1.41,2,790,2,2400,2,33
2024,4990,MAHANADI MUHANA NORTH (5 KM FROM SHORE),Mahanadi Muhana North,ODISHA,"Table 10.1: Water Quality of tributary streams Seonath, Hasdeo, Kharoon, Arpa, Kelo, IB, Serua, Daya, Kuakhai, Kathajodi, Gangua, Birupa,",55,25,32,5.7,6.7,8.2,8.3,,,1.0,1.8,,,8,27,,,,
2024,4991,MAHANADI MUHANA SOUTH (5 KM FROM SHORE),Mahanadi Muhana South,ODISHA,"Table 10.1: Water Quality of tributary streams Seonath, Hasdeo, Kharoon, Arpa, Kelo, IB, Serua, Daya, Kuakhai, Kathajodi, Gangua, Birupa,",55,27,31,6.1,6.4,7.1,7.4,,,1.0,1.0,,,8,33,,,,
2024,4992,MAHANADI MUHANA / ESTUARY,,ODISHA,"Table 10.1: Water Quality of tributary streams Seonath, Hasdeo, Kharoon, Arpa, Kelo, IB, Serua, Daya, Kuakhai, Kathajodi, Gangua, Birupa,",55,25,30,6.1,6.6,7.9,7.9,,,1.0,1.0,,,110,220,,,,
2024,4994,MAHANADI MUHANA (5 KM FROM SHORE),Mahanadi Muhana,ODISHA,"Table 10.1: Water Quality of tributary streams Seonath, Hasdeo, Kharoon, Arpa, Kelo, IB, Serua, Daya, Kuakhai, Kathajodi, Gangua, Birupa,",55,26,31,5.0,6.0,7.5,7.9,,,1.0,1.0,,,250,540,,,,
2024,1107,"RIVER SEONATH AT U/S RAJNANDGAON, CHHATISGARH.",Seonath,CHHATTISGARH,"Table 10.1: Water Quality of tributary streams Seonath, Hasdeo, Kharoon, Arpa, Kelo, IB, Serua, Daya, Kuakhai, Kathajodi, Gangua, Birupa,",56,24,29,6.8,7.6,7.1,7.6,416,592,1.2,2.4,0.50,1.50,,,110,460,,
2024,1266,RIVER SEONATH AT SHIMGA NEAR ROAD BRIDGE,Seonath,CHHATTISGARH,"Table 10.1: Water Quality of tributary streams Seonath, Hasdeo, Kharoon, Arpa, Kelo, IB, Serua, Daya, Kuakhai, Kathajodi, Gangua, Birupa,",56,24,29,6.2,7.4,7.1,8.0,324,668,2.0,2.4,,,,,46,100,,
2024,1845,"RIVER SEONATH WATER SUPPLY WELL, DURG, CHHATISGARH.",,CHHATTISGARH,"Table 10.1: Water Quality of tributary streams Seonath, Hasdeo, Kharoon, Arpa, Kelo, IB, Serua, Daya, Kuakhai, Kathajodi, Gangua, Birupa,",56,24,31,6.7,7.6,7.3,7.9,366,582,1.2,3.2,0.32,2.16,,,21,1100,,
2024,3166,"RIVER SEONATH AT JHINGHRI VILLAGE, A/C OF SAMODA NALLA, CHHATISGARH.",Seonath,CHHATTISGARH,"Table 10.1: Water Quality of tributary streams Seonath, Hasdeo, Kharoon, Arpa, Kelo, IB, Serua, Daya, Kuakhai, Kathajodi, Gangua, Birupa,",56,24,29,2.4,7.6,7.1,7.9,335,648,2.1,8.0,0.71,1.80,,,460,1600,,
2024,3167,"RIVER SEONATH AT MOHAD, RAJNANDGAON",Seonath,CHHATTISGARH,"Table 10.1: Water Quality of tributary streams Seonath, Hasdeo, Kharoon, Arpa, Kelo, IB, Serua, Daya, Kuakhai, Kathajodi, Gangua, Birupa,",56,3,30,6.7,7.6,7.0,7.6,396,5240,1.4,2.8,0.33,0.95,,,30,1100,,
2024,1105,RIVER HASDEO UP STREAM OF HASDEO BANGO HYDEL POWER STATION STATION MACHADOLI KORBA,Hasdeo,CHHATTISGARH,"Table 10.1: Water Quality of tributary streams Seonath, Hasdeo, Kharoon, Arpa, Kelo, IB, Serua, Daya, Kuakhai, Kathajodi, Gangua, Birupa,",56,24,26,6.8,8.2,7.3,7.5,160,294,1.0,2.2,0.32,1.09,7,40,22,280,,
2024,3165,"RIVER HASDEO 100 METER DOWNSTREAM AFTER CONFLUENCE OF DENGUR NALLAH NERA C.S.E.B. EAST GUEST HOUSE, KORBA, CHHATISGARH.",,CHHATTISGARH,"Table 10.1: Water Quality of tributary streams Seonath, Hasdeo, Kharoon, Arpa, Kelo, IB, Serua, Daya, Kuakhai, Kathajodi, Gangua, Birupa,",56,26,27,6.8,7.4,7.1,7.4,201,496,2.0,2.8,0.48,1.07,26,80,90,300,,
2024,3168,RIVER HASDEO DOWN STREAM OF HASDEO RIVER NEAR VILLAGE URGA KORBA,Hasdeo,CHHATTISGARH,"Table 10.1: Water Quality of tributary streams Seonath, Hasdeo, Kharoon, Arpa, Kelo, IB, Serua, Daya, Kuakhai, Kathajodi, Gangua, Birupa,",56,25,27,6.0,7.2,7.2,7.5,218,493,2.0,3.0,0.43,1.10,30,90,110,280,,
2024,3169,"RIVER HASDEO AT DRINKING WATER INTANK WELL OF MUNICIPAL CO. KORBA (BEFORE TREATMENT ) AT LOHADIA VILLAGE,",Hasdeo,CHHATTISGARH,"Table 10.1: Water Quality of tributary streams Seonath, Hasdeo, Kharoon, Arpa, Kelo, IB, Serua, Daya, Kuakhai, Kathajodi, Gangua, Birupa,",56,26,27,7.0,7.8,7.2,7.4,214,496,1.0,2.4,0.38,1.09,7,80,21,210,,
2024,3170,RIVER HASDEO DRINKING WATER INTAKE WELL OF MUNICIPAL CO. KORBA AFTER TREATMENT PLANT AT VILLAGE KOHADIA KORBA,Hasdeo Drinking Water Intake Well Of Municipal Co. Korba,CHHATTISGARH,"Table 10.1: Water Quality of tributary streams Seonath, Hasdeo, Kharoon, Arpa, Kelo, IB, Serua, Daya, Kuakhai, Kathajodi, Gangua, Birupa,",56,25,27,7.6,8.4,7.3,7.5,112,314,1.0,1.0,0.32,1.08,2,9,2,50,,
2024,1106,RIVER HASDEO AT U/S OF CHAMPA CHHATTISGARH,Hasdeo,CHHATTISGARH,"Table 10.1: Water Quality of tributary streams Seonath, Hasdeo, Kharoon, Arpa, Kelo, IB, Serua, Daya, Kuakhai, Kathajodi, Gangua, Birupa,",56,20,34,6.3,7.2,7.0,8.0,270,336,1.9,2.8,1.90,3.80,8,170,52,410,,
2024,1265,RIVER KHAROON AT BHATAGAON NEAR WATER SUPPLY INTAKEWELL RAIPUR,Kharoon,CHHATTISGARH,"Table 10.1: Water Quality of tributary streams Seonath, Hasdeo, Kharoon, Arpa, Kelo, IB, Serua, Daya, Kuakhai, Kathajodi, Gangua, Birupa,",56,20,29,6.4,7.2,7.3,8.1,155,428,2.0,2.7,,,,,40,64,,
2024,1846,"RIVER KHAROON B/C KHAPRI NAHLA RAIPUR ROAD,CHHATTISGARH",,CHHATTISGARH,"Table 10.1: Water Quality of tributary streams Seonath, Hasdeo, Kharoon, Arpa, Kelo, IB, Serua, Daya, Kuakhai, Kathajodi, Gangua, Birupa,",56,24,31,2.4,7.4,7.4,8.5,201,648,2.3,8.0,0.66,5.70,80,80,170,1100,,
2024,1847,"RIVER KHAROON A/C KHAPRI NAHLA,CHHATTISGARH",,CHHATTISGARH,"Table 10.1: Water Quality of tributary streams Seonath, Hasdeo, Kharoon, Arpa, Kelo, IB, Serua, Daya, Kuakhai, Kathajodi, Gangua, Birupa,",56,3,30,2.2,7.3,7.0,7.9,256,694,2.3,8.0,0.57,1.60,,,460,1100,,
2024,1853,"RIVER KHAROON AT VILLAGE BENDRI, NEAR WATER SUPPLY INTAKEWELL",Kharoon,CHHATTISGARH,"Table 10.1: Water Quality of tributary streams Seonath, Hasdeo, Kharoon, Arpa, Kelo, IB, Serua, Daya, Kuakhai, Kathajodi, Gangua, Birupa,",56,23,28,6.0,7.8,7.1,7.8,362,580,1.6,2.9,,,,,40,100,,
2024,1848,"RIVER ARPA D/S OF BILASPUR CITY AT CHECK DAM OUTLET NEAR DEORI KHURD, BILASPUR",Arpa,CHHATTISGARH,"Table 10.1: Water Quality of tributary streams Seonath, Hasdeo, Kharoon, Arpa, Kelo, IB, Serua, Daya, Kuakhai, Kathajodi, Gangua, Birupa,",56,21,34,5.0,7.0,6.5,8.5,320,1014,1.6,18.0,3.62,5.50,48,310,160,900,,
2024,1849,RIVER KELO U/S URDANA VILLAGE,Kelo,CHHATTISGARH,"Table 10.1: Water Quality of tributary streams Seonath, Hasdeo, Kharoon, Arpa, Kelo, IB, Serua, Daya, Kuakhai, Kathajodi, Gangua, Birupa,",56,20,29,6.7,7.4,7.1,8.1,180,212,1.8,2.8,0.86,2.08,,,75,468,,
2024,1850,RIVER KELO D/S LAHANGAPALI BRIDGE MIDMIDA VILLAGE,Kelo,CHHATTISGARH,"Table 10.1: Water Quality of tributary streams Seonath, Hasdeo, Kharoon, Arpa, Kelo, IB, Serua, Daya, Kuakhai, Kathajodi, Gangua, Birupa,",56,20,29,6.6,7.2,7.4,8.3,191,305,2.0,2.9,0.32,1.40,,,120,488,,
2024,1267,RIVER IB AT SUNDARGARH,Ib,ODISHA,"Table 10.1: Water Quality of tributary streams Seonath, Hasdeo, Kharoon, Arpa, Kelo, IB, Serua, Daya, Kuakhai, Kathajodi, Gangua, Birupa,",57,23,33,5.5,7.9,7.0,8.0,151,268,1.3,1.6,0.39,0.64,110,2200,700,4900,,
2024,1268,RIVER IB AT JHARSUGUDA (INTAKE),Ib,ODISHA,"Table 10.1: Water Quality of tributary streams Seonath, Hasdeo, Kharoon, Arpa, Kelo, IB, Serua, Daya, Kuakhai, Kathajodi, Gangua, Birupa,",57,21,30,6.5,8.4,6.7,8.1,184,340,1.1,1.5,0.44,0.88,130,1300,330,3500,,
2024,1269,RIVER IB AT BRAJARAJNAGAR (INTAKE) D/S,Ib,ODISHA,"Table 10.1: Water Quality of tributary streams Seonath, Hasdeo, Kharoon, Arpa, Kelo, IB, Serua, Daya, Kuakhai, Kathajodi, Gangua, Birupa,",57,21,31,6.9,8.0,7.1,7.9,158,695,1.5,2.0,0.32,0.71,230,1300,790,3500,,
2024,1300,RIVER IB AT BRAJARAJNAGAR U/S,Ib,ODISHA,"Table 10.1: Water Quality of tributary streams Seonath, Hasdeo, Kharoon, Arpa, Kelo, IB, Serua, Daya, Kuakhai, Kathajodi, Gangua, Birupa,",57,21,31,6.8,8.4,6.9,8.0,184,290,1.3,1.6,0.38,0.65,130,700,490,3500,,
2024,2409,RIVER SERUA AT CUTTACK FD/S (SERUA) AT SANKHATRASA,Serua,ODISHA,"Table 10.1: Water Quality of tributary streams Seonath, Hasdeo, Kharoon, Arpa, Kelo, IB, Serua, Daya, Kuakhai, Kathajodi, Gangua, Birupa,",57,20,33,5.6,7.9,7.3,8.4,190,267,3.3,3.7,0.36,1.89,4900,92000,11000,160000,33,280
2024,1280,RIVER DAYA AT BHUBANESWAR D/S,Daya,ODISHA,"Table 10.1: Water Quality of tributary streams Seonath, Hasdeo, Kharoon, Arpa, Kelo, IB, Serua, Daya, Kuakhai, Kathajodi, Gangua, Birupa,",57,24,32,4.0,7.5,6.9,7.6,220,472,2.2,4.4,0.57,9.91,4900,160000,11000,160000,23,920
2024,2411,RIVER DAYA AT BHUBANESWAR FD/S ( 2 KM AFTER CONFLUENCE OF GANGUA NALLAH WITH DAYA),Daya,ODISHA,"Table 10.1: Water Quality of tributary streams Seonath, Hasdeo, Kharoon, Arpa, Kelo, IB, Serua, Daya, Kuakhai, Kathajodi, Gangua, Birupa,",57,24,32,3.6,8.3,6.8,7.7,220,470,1.9,4.0,0.47,6.48,3300,160000,7900,160000,23,540
2024,3894,RIVER DAYA AT GELAPUR,Daya,ODISHA,"Table 10.1: Water Quality of tributary streams Seonath, Hasdeo, Kharoon, Arpa, Kelo, IB, Serua, Daya, Kuakhai, Kathajodi, Gangua, Birupa,",57,25,32,5.6,7.9,7.0,8.3,212,265,1.6,1.9,0.35,2.00,330,2300,940,4900,8,79
2024,3895,RIVER DAYA AT KANAS,Daya,ODISHA,"Table 10.1: Water Quality of tributary streams Seonath, Hasdeo, Kharoon, Arpa, Kelo, IB, Serua, Daya, Kuakhai, Kathajodi, Gangua, Birupa,",57,20,32,5.2,8.3,6.5,7.8,207,460,1.9,2.8,0.63,7.58,130,13000,490,28000,7,140
2024,1279,RIVER KUAKHAI AT BHUBANESWAR U/S,Kuakhai,ODISHA,"Table 10.1: Water Quality of tributary streams Seonath, Hasdeo, Kharoon, Arpa, Kelo, IB, Serua, Daya, Kuakhai, Kathajodi, Gangua, Birupa,",57,24,31,5.4,8.1,7.0,7.7,216,261,1.3,2.0,0.36,0.74,490,2300,1700,4900,13,240
2024,2410,RIVER KUAKHAI AT BHUBANESWAR FU/S,Kuakhai,ODISHA,"Table 10.1: Water Quality of tributary streams Seonath, Hasdeo, Kharoon, Arpa, Kelo, IB, Serua, Daya, Kuakhai, Kathajodi, Gangua, Birupa,",57,24,31,5.6,8.4,6.8,7.7,205,269,1.2,1.7,0.36,0.65,330,1100,1300,3500,8,49
2024,3892,RIVER KATHAJODI AT CUTTACK FD/S AT MATTAGAJPUR,Kathajodi,ODISHA,"Table 10.1: Water Quality of tributary streams Seonath, Hasdeo, Kharoon, Arpa, Kelo, IB, Serua, Daya, Kuakhai, Kathajodi, Gangua, Birupa,",57,21,34,5.4,9.0,7.1,8.3,240,425,3.2,3.5,0.32,2.17,2200,35000,4900,54000,17,170
2024,3893,RIVER KATHAJODI AT CUTTACK FD/S AT KAMASASAN,Kathajodi,ODISHA,"Table 10.1: Water Quality of tributary streams Seonath, Hasdeo, Kharoon, Arpa, Kelo, IB, Serua, Daya, Kuakhai, Kathajodi, Gangua, Birupa,",57,20,35,6.8,8.1,7.2,8.2,201,269,1.4,2.0,0.36,2.28,170,2300,490,4900,,
2024,1301,RIVER KATHAJODI AT CUTTACK D/S,Kathajodi,ODISHA,"Table 10.1: Water Quality of tributary streams Seonath, Hasdeo, Kharoon, Arpa, Kelo, IB, Serua, Daya, Kuakhai, Kathajodi, Gangua, Birupa,",57,20,34,5.6,9.4,7.1,8.5,200,276,3.4,3.9,0.32,2.07,3300,160000,7000,160000,23,540
2024,3896,RIVER GANGUA NEAR RAJDHANI ENGINEERING COLLEGE,Gangua,ODISHA,"Table 10.1: Water Quality of tributary streams Seonath, Hasdeo, Kharoon, Arpa, Kelo, IB, Serua, Daya, Kuakhai, Kathajodi, Gangua, Birupa,",57,20,30,0.3,3.7,6.8,7.6,240,420,4.3,6.3,0.65,9.80,13000,160000,16000,160000,70,540
2024,3897,RIVER GANGUA AT PALASUNI,Gangua,ODISHA,"Table 10.1: Water Quality of tributary streams Seonath, Hasdeo, Kharoon, Arpa, Kelo, IB, Serua, Daya, Kuakhai, Kathajodi, Gangua, Birupa,",57,23,32,0.3,3.2,6.7,7.7,362,543,7.0,16.0,0.43,10.07,16000,160000,16000,160000,79,540
2024,3898,RIVER GANGUA AT SAMANTARAPUR,Gangua,ODISHA,"Table 10.1: Water Quality of tributary streams Seonath, Hasdeo, Kharoon, Arpa, Kelo, IB, Serua, Daya, Kuakhai, Kathajodi, Gangua, Birupa,",57,24,32,0.3,2.6,6.5,7.5,336,810,10.0,16.0,0.44,9.32,13000,160000,35000,160000,170,350
2024,3899,RIVER GANGUA AT VADIMULA,Gangua,ODISHA,"Table 10.1: Water Quality of tributary streams Seonath, Hasdeo, Kharoon, Arpa, Kelo, IB, Serua, Daya, Kuakhai, Kathajodi, Gangua, Birupa,",57,24,32,0.4,7.5,6.5,8.0,264,544,4.5,7.0,0.54,13.45,17000,160000,35000,160000,94,280
2024,1640,RIVER BIRUPA AT CHOUDWAR D/S,Birupa,ODISHA,"Table 10.1: Water Quality of tributary streams Seonath, Hasdeo, Kharoon, Arpa, Kelo, IB, Serua, Daya, Kuakhai, Kathajodi, Gangua, Birupa,",57,20,31,6.8,8.0,7.3,8.0,200,264,1.6,2.1,0.32,1.13,170,1700,490,3500,,
2024,2403,RIVER BHEDEN BEFORE CONFLUENCE WITH IB RIVER,Bheden,ODISHA,"Table 10.1: Water Quality of tributary streams Seonath, Hasdeo, Kharoon, Arpa, Kelo, IB, Serua, Daya, Kuakhai, Kathajodi, Gangua, Birupa,",57,22,32,7.3,8.4,7.1,8.1,152,890,1.1,1.3,0.38,0.74,23,490,79,1700,2,11
2024,3900,RIVER GOBARI AT KENDRAPARA U/S,Gobari,ODISHA,"Table 10.1: Water Quality of tributary streams Seonath, Hasdeo, Kharoon, Arpa, Kelo, IB, Serua, Daya, Kuakhai, Kathajodi, Gangua, Birupa,",57,24,31,5.0,7.1,7.2,8.4,260,1276,1.1,1.4,0.33,0.90,330,1300,790,3500,,
2024,3901,RIVER GOBARI AT KENDRAPARA D/S,Gobari,ODISHA,"Table 10.1: Water Quality of tributary streams Seonath, Hasdeo, Kharoon, Arpa, Kelo, IB, Serua, Daya, Kuakhai, Kathajodi, Gangua, Birupa,",57,24,32,5.1,8.2,7.3,8.2,212,1368,1.9,2.3,0.39,3.42,490,2300,1100,4900,,
2024,3902,RIVER DEVI AT MACCHGAON,Devi,ODISHA,"Table 11: Water Quality of river Baitarni and tributary streams Salandi, Dhamra and",58,25,31,5.6,7.3,7.3,8.3,283,28700,1.2,1.7,0.35,1.42,130,1300,490,2800,,
2024,3903,RIVER KUSHABHADRA AT BHINGARPUR,Kushabhadra,ODISHA,"Table 11: Water Quality of river Baitarni and tributary streams Salandi, Dhamra and",58,20,30,5.2,8.7,6.6,7.7,204,335,1.6,1.8,0.32,8.07,330,17000,400,35000,,
2024,3904,RIVER KUSHABHADRA AT NIMAPARA,Kushabhadra,ODISHA,"Table 11: Water Quality of river Baitarni and tributary streams Salandi, Dhamra and",58,21,31,5.4,8.9,6.7,7.9,222,290,1.2,1.3,0.32,1.36,170,1700,790,3500,,
2024,3905,RIVER KUSHABHADRA AT GOP,Kushabhadra,ODISHA,"Table 11: Water Quality of river Baitarni and tributary streams Salandi, Dhamra and",58,20,30,5.6,8.6,6.5,7.9,218,294,1.5,1.6,0.32,1.60,390,2300,1700,7900,,
2024,3906,RIVER MANGALA AT PURI U/S MALATIPATPUR,Mangala,ODISHA,"Table 11: Water Quality of river Baitarni and tributary streams Salandi, Dhamra and",58,19,33,5.1,10.8,6.6,7.8,204,853,1.1,1.4,0.32,0.98,110,1300,330,3500,,
2024,3907,RIVER MANGALA AT PURI D/S GOLASAHI,Mangala,ODISHA,"Table 11: Water Quality of river Baitarni and tributary streams Salandi, Dhamra and",58,23,34,5.9,9.6,6.8,7.7,210,4300,2.3,2.8,0.69,9.55,330,1700,790,4900,5,33
2024,3908,RIVER BHARGAVI AT CHANDANPUR,Bhargavi,ODISHA,"Table 11: Water Quality of river Baitarni and tributary streams Salandi, Dhamra and",58,19,33,6.2,9.7,7.0,8.2,187,325,1.7,2.2,0.37,1.15,130,2300,490,4900,,
2024,3909,RIVER KANSARI AT BANAPUR ROAD NEAR PURUSHOTTAMPUR,Kansari,ODISHA,"Table 11: Water Quality of river Baitarni and tributary streams Salandi, Dhamra and",58,20,40,5.1,9.1,6.8,8.2,203,396,1.2,1.6,0.32,1.78,110,2200,700,4900,,
2024,3910,RIVER BADASANKHA NADI NEAR LANGALESWAR,Badasankha Nadi,ODISHA,"Table 11: Water Quality of river Baitarni and tributary streams Salandi, Dhamra and",58,19,35,5.4,8.3,7.2,8.4,360,20500,1.7,1.9,0.32,6.51,170,2200,790,4900,,
2024,3911,RIVER RATNACHIRA NAADI AT KUMARADIHI,Ratnachira Naadi,ODISHA,"Table 11: Water Quality of river Baitarni and tributary streams Salandi, Dhamra and",58,19,31,5.5,9.1,6.7,7.8,207,440,1.1,1.4,0.35,1.42,130,1300,490,3500,2,49
2024,3912,RIVER NUNA NADI AT BIJIPUR,Nuna Nadi,ODISHA,"Table 11: Water Quality of river Baitarni and tributary streams Salandi, Dhamra and",58,19,31,5.2,8.4,6.8,8.0,229,1200,1.7,1.9,0.32,1.68,170,2300,700,4900,14,79
2024,3913,RIVER KUSUMI NADI NEAR TANGI (LAXMIDHARA PUR),Kusumi Nadi,ODISHA,"Table 11: Water Quality of river Baitarni and tributary streams Salandi, Dhamra and",58,18,34,5.6,8.2,7.1,8.2,177,306,1.3,1.8,0.32,2.44,170,2300,460,4900,13,79
2024,3914,RIVER SABULIA NADI NEAR RAMBHA (AT JAGANNATHPATNA),Sabulia Nadi,ODISHA,"Table 11: Water Quality of river Baitarni and tributary streams Salandi, Dhamra and",58,20,32,5.1,7.6,7.1,8.1,502,1187,1.5,2.2,0.32,2.52,330,2300,1100,4900,11,79
2024,4993,HUKITOLA,,ODISHA,"Table 11: Water Quality of river Baitarni and tributary streams Salandi, Dhamra and",58,26,33,6.0,6.6,8.1,8.2,,,1.0,1.4,,,7,17,,,,
2024,5532,RIVER GOBARI AT JAMBO,Gobari,ODISHA,"Table 11: Water Quality of river Baitarni and tributary streams Salandi, Dhamra and",58,21,30,5.2,7.6,7.1,7.8,742,42400,1.4,1.9,0.38,1.37,110,490,330,2400,,
2024,5534,RIVER PATSALA AT GUPTI,Patsala,ODISHA,"Table 11: Water Quality of river Baitarni and tributary streams Salandi, Dhamra and",58,23,32,6.1,8.0,7.3,8.3,2191,50300,1.7,2.3,0.37,0.69,130,790,490,3500,,
2024,5536,River Bhitarakanika at Dangamala,Bhitarakanika,ODISHA,"Table 11: Water Quality of river Baitarni and tributary streams Salandi, Dhamra and",58,24,31,5.3,9.2,7.6,8.1,1076,40320,2.1,2.5,0.33,4.08,79,2200,240,4000,,
2024,2408,"RIVER TEL (OVER ROAD BRIDGE STATE HIGHWAY -41, MANAMUNDA)",Tel,ODISHA,"Table 11: Water Quality of river Baitarni and tributary streams Salandi, Dhamra and",58,20,30,6.2,8.0,7.1,8.5,152,250,1.2,1.6,0.32,1.15,17,1300,70,4900,,
2024,3889,RIVER ONG AT DHARUAKHAMMA,Ong,ODISHA,"Table 11: Water Quality of river Baitarni and tributary streams Salandi, Dhamra and",58,20,30,0.4,7.8,6.9,8.5,179,610,1.1,6.0,0.32,3.26,17,160000,49,160000,240,240
2024,1081,RIVER BAITARNI AT JODA,Baitarni,ODISHA,Table 12: Water Quality of river Brahmani - 2024,59,19,30,5.4,8.0,6.8,7.8,120,171,1.2,2.0,0.33,0.74,33,1300,110,3500,,
2024,1082,RIVER BAITARNI AT ANANDPUR,Baitarni,ODISHA,Table 12: Water Quality of river Brahmani - 2024,59,19,30,6.3,8.9,7.1,7.9,140,188,1.1,2.4,0.36,0.91,230,2300,1100,11000,,
2024,1083,RIVER BAITARNI AT JAJPUR,Baitarni,ODISHA,Table 12: Water Quality of river Brahmani - 2024,59,22,30,5.0,8.9,7.1,8.2,160,610,1.7,2.6,0.38,17.25,220,2200,790,4900,,
2024,3935,RIVER BAITARNI AT NAIGARH,Baitarni,ODISHA,Table 12: Water Quality of river Brahmani - 2024,59,18,29,6.4,8.1,6.8,8.5,91,145,1.1,1.4,0.32,0.73,110,1700,240,2800,,
2024,3936,RIVER BAITARNI AT UNCHABALI,Baitarni,ODISHA,Table 12: Water Quality of river Brahmani - 2024,59,18,29,5.4,8.2,6.9,8.3,83,790,1.4,4.3,0.32,1.24,70,2200,280,4800,,
2024,3938,RIVER BAITARNI AT TRIBINDHA,Baitarni,ODISHA,Table 12: Water Quality of river Brahmani - 2024,59,20,30,5.3,8.4,7.2,8.0,125,190,1.2,2.2,0.32,0.96,23,1300,79,3500,,
2024,3937,RIVER BAITARNI AT CHAMPUA,Baitarni,ODISHA,Table 12: Water Quality of river Brahmani - 2024,59,20,31,6.0,8.0,6.9,8.0,135,181,1.8,2.0,0.34,0.78,33,1700,79,4900,,
2024,1084,RIVER BAITARNI AT CHANDBALI U/S,Baitarni,ODISHA,Table 12: Water Quality of river Brahmani - 2024,59,23,32,6.4,8.0,6.9,8.0,155,19200,1.6,1.8,0.32,1.18,170,2200,330,4000,,
2024,10018,RIVER BAITARNI AT CHANDBALI D/S,Baitarni,ODISHA,Table 12: Water Quality of river Brahmani - 2024,59,23,32,5.6,7.6,6.9,7.9,170,20430,1.9,2.3,0.43,6.84,170,2300,490,4900,,
2024,3940,RIVER SALANDI AT BHADRAK U/S,Salandi,ODISHA,Table 12: Water Quality of river Brahmani - 2024,59,22,32,5.6,7.6,7.4,8.4,140,290,1.1,1.7,0.37,0.81,130,1700,490,3500,,
2024,3941,RIVER SALANDI AT BHADRAK D/S,Salandi,ODISHA,Table 12: Water Quality of river Brahmani - 2024,59,22,32,4.8,8.4,6.7,8.0,140,194,1.4,1.9,0.32,0.91,330,2300,700,4900,,
2024,1085,RIVER DHAMRA AT DHAMRA,Dhamra,ODISHA,Table 12: Water Quality of river Brahmani - 2024,59,22,33,5.2,8.3,6.9,8.3,3100,40760,1.6,2.2,0.32,0.93,130,1300,330,3500,,
2024,2421,"RIVER KUSEI BEFORE JOINING WITH BAITARANI AT ANANDPUR, DEOGAON",Kusei,ODISHA,Table 12: Water Quality of river Brahmani - 2024,59,19,31,6.1,9.4,7.1,8.2,155,405,1.2,1.9,0.33,0.66,490,1700,1300,4900,,
2024,1037,RIVER BRAHMANI AT U/S PANPOSH,Brahmani,ODISHA,Table 12: Water Quality of river Brahmani - 2024,59,21,32,5.9,8.1,6.7,7.8,158,219,1.4,1.9,0.37,1.58,230,1700,790,4900,,
2024,1038,RIVER BRAHMANI AT D/S PANPOSH AT DEOGAN,Brahmani,ODISHA,Table 12: Water Quality of river Brahmani - 2024,59,23,34,4.1,7.9,6.8,8.4,231,420,3.6,4.3,0.63,6.60,7900,92000,24000,160000,47,170
2024,1302,RIVER BRAHMANI AT ROURKELA D/S AT JALDA,Brahmani,ODISHA,Table 12: Water Quality of river Brahmani - 2024,59,23,34,4.8,7.4,6.7,8.0,186,410,3.4,4.3,0.55,7.08,3300,54000,13000,92000,32,110
2024,2414,RIVER BRAHMANI AT ROURKELA FD/S AT BIRITOLA,Brahmani,ODISHA,Table 12: Water Quality of river Brahmani - 2024,59,20,34,5.9,7.8,6.8,8.1,148,289,2.0,2.5,0.44,2.92,130,1700,330,4900,2,17
2024,1039,RIVER BRAHMANI AT BONAIGARH,Brahmani,ODISHA,"Table 12.1: Water Quality of tributary streams Koel, North Koel, Singda Jhor, Banguru Nallah, Bangurusingada Jhor, Ramiala, Damsala,",60,18,35,5.9,9.0,7.2,8.2,143,340,1.6,1.9,0.34,2.92,110,940,330,3500,,
2024,1040,RIVER BRAHMANI AT RENGALI,Brahmani,ODISHA,"Table 12.1: Water Quality of tributary streams Koel, North Koel, Singda Jhor, Banguru Nallah, Bangurusingada Jhor, Ramiala, Damsala,",60,21,27,6.0,12.0,6.8,8.4,130,222,1.4,1.8,0.34,1.35,110,790,330,2400,,
2024,1041,RIVER BRAHMANI AT SAMAL,Brahmani,ODISHA,"Table 12.1: Water Quality of tributary streams Koel, North Koel, Singda Jhor, Banguru Nallah, Bangurusingada Jhor, Ramiala, Damsala,",60,21,29,5.3,11.2,6.8,8.4,140,200,1.1,1.7,0.35,2.48,130,2300,330,4900,,
2024,2415,"RIVER BRAHMANI AT TALCHER FU/S (INTAKE WELL OF MCL, TALCHER)",Brahmani,ODISHA,"Table 12.1: Water Quality of tributary streams Koel, North Koel, Singda Jhor, Banguru Nallah, Bangurusingada Jhor, Ramiala, Damsala,",60,20,28,5.1,9.8,6.8,8.3,143,230,1.2,1.9,0.32,4.02,130,330,330,1300,,
2024,2416,RIVER BRAHMANI AT TALCHER FD/S,Brahmani,ODISHA,"Table 12.1: Water Quality of tributary streams Koel, North Koel, Singda Jhor, Banguru Nallah, Bangurusingada Jhor, Ramiala, Damsala,",60,22,25,6.0,9.2,6.7,7.7,137,392,1.5,1.7,0.36,1.24,110,490,330,1300,,
2024,1042,RIVER BRAHMANI AT KAMALANGA (TALCHER D/S),Brahmani,ODISHA,"Table 12.1: Water Quality of tributary streams Koel, North Koel, Singda Jhor, Banguru Nallah, Bangurusingada Jhor, Ramiala, Damsala,",60,22,25,6.1,9.2,6.8,8.1,160,275,1.7,2.3,0.35,1.36,390,1700,1700,4900,,
2024,2417,"RIVER BRAHAMNI AT DHENKANAL D/S, DHENKANAL TOWN",Brahamni,ODISHA,"Table 12.1: Water Quality of tributary streams Koel, North Koel, Singda Jhor, Banguru Nallah, Bangurusingada Jhor, Ramiala, Damsala,",60,22,27,6.5,11.6,6.8,7.7,134,246,1.5,2.1,0.32,0.98,220,1700,1300,3300,,
2024,1303,RIVER BRAHMANI AT TALCHER U/S,Brahmani,ODISHA,"Table 12.1: Water Quality of tributary streams Koel, North Koel, Singda Jhor, Banguru Nallah, Bangurusingada Jhor, Ramiala, Damsala,",60,21,27,5.6,10.4,6.7,8.2,137,240,1.1,2.0,0.35,1.38,170,1700,490,2400,,
2024,1043,RIVER BRAHMANI AT BHUBAN,Brahmani,ODISHA,"Table 12.1: Water Quality of tributary streams Koel, North Koel, Singda Jhor, Banguru Nallah, Bangurusingada Jhor, Ramiala, Damsala,",60,21,25,7.3,9.2,6.6,7.6,148,269,1.2,1.4,0.33,1.02,170,790,490,2400,,
2024,2418,RIVER BRAHMANI AT KABATABANDHA (BEFORE IMPACT OF INDUSTRIAL ACTIVITY IN KALINGANAGAR AREA),Brahmani,ODISHA,"Table 12.1: Water Quality of tributary streams Koel, North Koel, Singda Jhor, Banguru Nallah, Bangurusingada Jhor, Ramiala, Damsala,",60,21,29,6.0,7.9,7.3,8.5,138,204,1.1,1.5,0.36,0.81,170,1300,490,3500,,
2024,10019,RIVER BRAHMANI AT DHARAMSHALA U/S,Brahmani,ODISHA,"Table 12.1: Water Quality of tributary streams Koel, North Koel, Singda Jhor, Banguru Nallah, Bangurusingada Jhor, Ramiala, Damsala,",60,22,25,6.2,8.6,7.2,8.4,148,204,1.2,2.2,0.38,0.97,330,2300,1300,4900,,
2024,1044,RIVER BRAHMANI AT DHARMASHALA U/S,Brahmani,ODISHA,"Table 12.1: Water Quality of tributary streams Koel, North Koel, Singda Jhor, Banguru Nallah, Bangurusingada Jhor, Ramiala, Damsala,",60,22,24,6.8,8.9,7.2,8.5,140,220,1.8,2.4,0.38,0.85,130,1700,790,4000,,
2024,1045,RIVER BRAHMANI AT PATTAMUNDAI,Brahmani,ODISHA,"Table 12.1: Water Quality of tributary streams Koel, North Koel, Singda Jhor, Banguru Nallah, Bangurusingada Jhor, Ramiala, Damsala,",60,23,32,5.8,7.6,6.9,8.4,214,290,1.3,2.2,0.32,1.08,170,1700,790,3500,,
2024,3916,RIVER BRAHMANI AT ROURKELA FD/S AT ATTAGHAT,Brahmani,ODISHA,"Table 12.1: Water Quality of tributary streams Koel, North Koel, Singda Jhor, Banguru Nallah, Bangurusingada Jhor, Ramiala, Damsala,",60,22,34,6.1,7.5,6.8,8.2,156,415,2.5,2.8,0.37,2.24,110,2300,330,4900,2,26
2024,3917,RIVER BRAHMANI AT MANDAPAL,Brahmani,ODISHA,"Table 12.1: Water Quality of tributary streams Koel, North Koel, Singda Jhor, Banguru Nallah, Bangurusingada Jhor, Ramiala, Damsala,",60,21,28,6.4,9.4,6.7,7.7,130,240,1.1,1.6,0.33,1.14,330,2300,1100,11000,13,79
2024,3918,RIVER BRAHMANI AT DHENKANAL U/S,Brahmani,ODISHA,"Table 12.1: Water Quality of tributary streams Koel, North Koel, Singda Jhor, Banguru Nallah, Bangurusingada Jhor, Ramiala, Damsala,",60,22,26,6.9,9.8,6.6,7.6,136,270,1.3,1.8,0.40,1.04,170,490,790,2400,,
2024,1033,"RIVER KOEL AT BASIA, DAM U/S, JHARKHAND",Koel,JHARKHAND,"Table 12.1: Water Quality of tributary streams Koel, North Koel, Singda Jhor, Banguru Nallah, Bangurusingada Jhor, Ramiala, Damsala,",61,13,32,7.5,8.0,6.5,7.4,,,1.6,2.6,,,,,,,,
2024,1036,"RIVER KOEL AT MANOHARPUR AFTER MEETING KOINA RIVER D/S, JHARKAND",Koel,JHARKHAND,"Table 12.1: Water Quality of tributary streams Koel, North Koel, Singda Jhor, Banguru Nallah, Bangurusingada Jhor, Ramiala, Damsala,",61,18,35,7.2,7.9,7.3,7.8,184,236,1.0,12.2,,,,,,,,
2024,2376,RIVER NORTH KOEL U/S DALTANGANJ,North Koel,JHARKHAND,"Table 12.1: Water Quality of tributary streams Koel, North Koel, Singda Jhor, Banguru Nallah, Bangurusingada Jhor, Ramiala, Damsala,",61,8,35,7.2,7.8,6.5,7.6,,,2.0,2.6,,,,,,,,
2024,2377,"RIVER NORTH KOEL D/S BCCL, REHLA",North Koel,JHARKHAND,"Table 12.1: Water Quality of tributary streams Koel, North Koel, Singda Jhor, Banguru Nallah, Bangurusingada Jhor, Ramiala, Damsala,",61,9,32,7.6,7.9,7.2,7.5,,,2.3,3.0,,,,,,,,
2024,2413,RIVER KOEL U/S (AFTER CONFLUENCE OF KARO),Koel,ODISHA,"Table 12.1: Water Quality of tributary streams Koel, North Koel, Singda Jhor, Banguru Nallah, Bangurusingada Jhor, Ramiala, Damsala,",61,21,33,5.9,8.0,6.9,8.1,178,460,1.2,1.4,0.38,6.77,270,2300,1100,4900,,
2024,3929,"RIVER SINGDA JHOR (TALCHER KANIHA ROAD BRIDGE, BALANGI)",Singda Jhor,ODISHA,"Table 12.1: Water Quality of tributary streams Koel, North Koel, Singda Jhor, Banguru Nallah, Bangurusingada Jhor, Ramiala, Damsala,",61,21,29,5.6,11.8,7.1,8.1,128,490,1.5,1.8,0.44,0.90,130,2200,490,4900,,
2024,3930,"BANGURU NALLAH (OVER BRIDGE TALCHER RENGALI DAM ROAD, SARKISOREPAL)",Banguru Nallah,ODISHA,"Table 12.1: Water Quality of tributary streams Koel, North Koel, Singda Jhor, Banguru Nallah, Bangurusingada Jhor, Ramiala, Damsala,",61,20,27,5.3,8.8,6.8,7.6,456,1315,1.8,2.1,0.41,6.03,220,1100,790,3500,11,33
2024,3931,RIVER BANGURUSINGADA JHOR,,ODISHA,"Table 12.1: Water Quality of tributary streams Koel, North Koel, Singda Jhor, Banguru Nallah, Bangurusingada Jhor, Ramiala, Damsala,",61,22,25,5.1,9.2,7.1,7.7,190,608,1.2,1.5,0.32,5.40,170,790,490,2800,,
2024,3932,RIVER RAMIALA NEAR KAMAKHYANAGAR,Ramiala,ODISHA,"Table 12.1: Water Quality of tributary streams Koel, North Koel, Singda Jhor, Banguru Nallah, Bangurusingada Jhor, Ramiala, Damsala,",61,22,26,6.6,8.6,6.9,8.0,125,185,1.2,2.0,0.32,2.43,130,1700,330,2400,,
2024,3933,RIVER DAMASALA AT DAYANABIL,Damasala,ODISHA,"Table 12.1: Water Quality of tributary streams Koel, North Koel, Singda Jhor, Banguru Nallah, Bangurusingada Jhor, Ramiala, Damsala,",61,21,25,5.8,9.5,7.1,8.3,154,215,1.1,1.6,0.37,0.84,49,2400,130,3500,,
2024,2419,RIVER KHARASROTA AT KHANDITARA (D/S OF INDUSTRIAL ACTIVITIES AT KALINGA NAGAR),Kharasrota,ODISHA,"Table 12.1: Water Quality of tributary streams Koel, North Koel, Singda Jhor, Banguru Nallah, Bangurusingada Jhor, Ramiala, Damsala,",61,21,28,5.9,8.6,7.1,8.3,150,192,1.6,2.0,0.46,1.72,49,2300,170,4900,,
2024,2420,RIVER KHARASROTA AT AUL,Kharasrota,ODISHA,"Table 12.1: Water Quality of tributary streams Koel, North Koel, Singda Jhor, Banguru Nallah, Bangurusingada Jhor, Ramiala, Damsala,",61,23,33,5.6,8.8,7.1,8.5,155,378,1.1,1.7,0.33,0.88,130,1700,330,3500,,
2024,2412,RIVER SANKHA U/S ( D/S OF MANDIRA DAM),Sankha,ODISHA,"Table 12.1: Water Quality of tributary streams Koel, North Koel, Singda Jhor, Banguru Nallah, Bangurusingada Jhor, Ramiala, Damsala,",61,23,32,5.3,7.9,6.8,8.2,144,228,1.1,1.5,0.34,0.81,110,1700,490,3500,,
2024,1034,"RIVER SANKH AT BOLBA, JHARKAND",Sankh,JHARKHAND,"Table 12.1: Water Quality of tributary streams Koel, North Koel, Singda Jhor, Banguru Nallah, Bangurusingada Jhor, Ramiala, Damsala,",61,10,25,7.8,8.2,6.5,7.5,,,2.2,3.0,,,,,,,,
2024,3919,RIVER NANDIRA U/S AT KUKUDANGA,Nandira,ODISHA,"Table 12.1: Water Quality of tributary streams Koel, North Koel, Singda Jhor, Banguru Nallah, Bangurusingada Jhor, Ramiala, Damsala,",61,21,28,5.8,9.8,6.9,7.8,450,690,1.1,1.5,0.39,5.25,130,790,490,3500,,
2024,3920,RIVER NANDIRA D/S AT DASNALI,Nandira,ODISHA,"Table 12.1: Water Quality of tributary streams Koel, North Koel, Singda Jhor, Banguru Nallah, Bangurusingada Jhor, Ramiala, Damsala,",61,21,28,5.0,11.4,6.9,7.9,460,829,1.9,2.7,0.47,3.34,220,1100,790,3500,2,49
2024,3921,RIVER KISINDAJHOR AT KHARAGPRASAD,Kisindajhor,ODISHA,"Table 12.1: Water Quality of tributary streams Koel, North Koel, Singda Jhor, Banguru Nallah, Bangurusingada Jhor, Ramiala, Damsala,",61,22,25,5.4,9.0,6.9,7.8,440,1143,1.4,1.7,0.36,2.58,33,790,110,2800,,
2024,3922,RIVER KHARASROTA AT BINJHARPUR,Kharasrota,ODISHA,"Table 12.1: Water Quality of tributary streams Koel, North Koel, Singda Jhor, Banguru Nallah, Bangurusingada Jhor, Ramiala, Damsala,",61,20,26,5.2,9.1,7.1,8.3,151,320,1.1,1.6,0.51,0.95,33,2300,130,35000,,
2024,3925,RIVER LINGIRA U/S OF ANGUL,Lingira,ODISHA,"Table 12.1: Water Quality of tributary streams Koel, North Koel, Singda Jhor, Banguru Nallah, Bangurusingada Jhor, Ramiala, Damsala,",61,22,27,6.0,11.2,7.3,8.1,360,561,1.5,2.0,0.32,0.91,33,1700,170,4000,,
2024,3926,RIVER LINGIRA D/S OF ANGUL,Lingira,ODISHA,"Table 12.1: Water Quality of tributary streams Koel, North Koel, Singda Jhor, Banguru Nallah, Bangurusingada Jhor, Ramiala, Damsala,",61,23,28,6.1,10.6,7.3,8.3,358,560,1.7,2.3,0.32,0.99,79,2300,220,4900,,
2024,3927,RIVER TIKIRA AT KANIHA U/S,Tikira,ODISHA,"Table 12.1: Water Quality of tributary streams Koel, North Koel, Singda Jhor, Banguru Nallah, Bangurusingada Jhor, Ramiala, Damsala,",61,21,28,5.8,9.2,7.3,8.2,184,335,1.2,1.5,0.32,0.63,49,1300,490,3500,,
2024,3928,RIVER TIKIRA AT KANIHA D/S,Tikira,ODISHA,"Table 12.1: Water Quality of tributary streams Koel, North Koel, Singda Jhor, Banguru Nallah, Bangurusingada Jhor, Ramiala, Damsala,",61,21,29,5.2,10.8,7.4,8.1,160,321,1.1,1.8,0.32,0.81,330,2300,1100,4900,,
2024,3924,RIVER BADAJHOR (AT DHENKANAL),Badajhor,ODISHA,"Table 12.1: Water Quality of tributary streams Koel, North Koel, Singda Jhor, Banguru Nallah, Bangurusingada Jhor, Ramiala, Damsala,",61,21,25,6.6,11.2,7.1,8.5,230,420,1.2,1.6,0.34,1.12,170,2300,700,4900,,
2024,1035,"RIVER KARO AT LOHOJIMI U/S, JHARKAND",Karo,JHARKHAND,Table 13: Water Quality of river Godavari - 2024,62,12,28,7.4,7.9,6.5,7.3,,,2.0,3.6,,,,,,,,
2024,3915,RIVER KARO AT BADBIL,Karo,ODISHA,Table 13: Water Quality of river Godavari - 2024,62,19,31,6.1,7.8,7.1,8.2,168,266,1.3,1.6,0.35,0.62,130,2300,490,4900,,
2024,1095,"RIVER GODAVARI AT U/S OF GANGAPUR DAM, VILLAGE- GANGAPUR,TALUKA- NASHIK, DISTRICT- NASHIK.",Godavari,MAHARASHTRA,Table 13: Water Quality of river Godavari - 2024,62,19,25,5.2,6.3,7.3,8.8,198,496,2.8,4.0,0.30,1.92,4,17,38,140,2,2
2024,2177,"RIVER GODAVARI NEAR SOMESHWAR TEMPLE, VILLAGE- SOMESHWAR, TALUKA- NASHIK, DISTRICT- NASHIK.",Godavari,MAHARASHTRA,Table 13: Water Quality of river Godavari - 2024,62,19,25,4.8,6.1,7.3,8.9,209,841,2.8,20.0,0.30,4.70,4,20,33,150,2,2
2024,2179,"RIVER GODAVARI AT HANUMAN GHAT, VILLAGE- NASHIK CITY, TALUKA- NASHIK, DISTRICT- NASHIK.",Godavari,MAHARASHTRA,Table 13: Water Quality of river Godavari - 2024,62,19,25,3.0,6.1,7.3,8.9,226,799,3.0,12.0,0.30,3.21,4,32,47,184,2,2
2024,1096,"RIVER GODAVARI AT RAMKUND, VILLAGE- PANCHAVATI, TALUKA- NASHIK, DISTRICT- NASHIK.",Godavari,MAHARASHTRA,Table 13: Water Quality of river Godavari - 2024,62,19,24,3.0,6.7,7.2,8.9,233,759,3.4,9.5,0.30,3.73,4,33,38,210,2,2
2024,1211,"RIVER GODAVARI AT D/S OF NASHIK NEAR AMARDHAM, VILLAGE- GADGEBABAMAHARAJ NAGAR, TALUKA - NASHIK, DISTRICT- NASHIK.",Godavari,MAHARASHTRA,Table 13: Water Quality of river Godavari - 2024,62,18,25,0.3,5.9,7.4,9.0,233,861,3.4,15.0,0.30,3.55,4,21,43,180,2,2
2024,2180,"RIVER GODAVARI AT TAPOVAN,VILLAGE- TAPOVAN, TALUKA- NASHIK, DISTRICT- NASHIK.",Godavari,MAHARASHTRA,Table 13: Water Quality of river Godavari - 2024,62,10,24,0.3,5.8,7.4,9.0,238,1001,3.0,18.0,0.30,3.83,4,120,31,550,2,2
2024,2181,"RIVER GODAVARI AT KAPILA- GODAVARI CONFLUENCE POINT, VILLAGE- TAPOVAN, TALUKA- NASHIK, DISTRICT- NASHIK.",Godavari,MAHARASHTRA,Table 13: Water Quality of river Godavari - 2024,62,20,25,2.0,6.5,7.4,8.9,237,982,3.5,12.0,0.30,3.44,4,49,31,350,2,2
2024,2182,"RIVER GODAVARI AT SAIKHEDA VILLAGE, VILLAGE- SAIKHEDA, TALUKA- NIPHAD, DISTRICT- NASHIK.",Godavari,MAHARASHTRA,Table 13: Water Quality of river Godavari - 2024,62,19,24,2.2,6.8,7.3,8.7,203,1019,3.0,9.0,0.30,4.81,4,40,38,280,2,2
2024,2183,"RIVER GODAVARI AT NANDUR-MADHMESHWAR DAM, VILLAGE- NANDUR, TALUKA- NIPHAD, DISTRICT- NASHIK.",Godavari,MAHARASHTRA,Table 13: Water Quality of river Godavari - 2024,62,19,23,4.7,6.6,7.4,8.6,147,3840,2.6,6.2,0.30,2.06,4,20,40,120,2,2
2024,2160,"RIVER GODAVARI AT U/S OF AURANGABAD RESERVOIR,KAIGAON TOKKA NEAR KAIGAON BRIDGE,VILLAGE- KAIGAON,TALUKA- GANGAPUR, DISTRICT- AURANGABAD.",Godavari,MAHARASHTRA,Table 13: Water Quality of river Godavari - 2024,62,28,32,5.2,7.5,8.2,8.7,505,1644,3.0,4.6,0.39,6.20,2,30,2,225,2,18
2024,2158,"RIVER GODAVARI AT U/S OF PAITHAN AT PAITHAN INTAKE PUMP HOUSE, VILLAGE- JAYAKWADI, TALUKA- PAITHAN, DISTRICT- AURANGABAD.",Godavari,MAHARASHTRA,Table 13: Water Quality of river Godavari - 2024,63,28,32,5.0,7.5,8.2,8.8,527,870,2.8,4.8,0.32,2.48,2,4,2,70,2,2
2024,1312,"RIVER GODAVARI AT JAIKWADI DAM, VILLAGE- PAITHAN, TALUKA- PAITHAN, DISTRICT- AURANGABAD.",Godavari,MAHARASHTRA,Table 13: Water Quality of river Godavari - 2024,63,28,32,5.1,7.5,8.2,8.8,526,913,2.8,4.2,0.31,2.27,2,2,2,80,2,2
2024,2159,"RIVER GODAVARI AT D/S OF PAITHAN AT PATHEGAON BRIDGE, VILLAGE- PATHEGAON, TALUKA- PAITHAN, DISTRICT- AURANGABAD.",Godavari,MAHARASHTRA,Table 13: Water Quality of river Godavari - 2024,63,28,32,4.6,7.2,8.2,8.8,530,1053,3.4,5.2,0.40,2.27,2,8,2,170,2,2
2024,2161,"RIVER GODAVARI AT JALNA INTAKE WATER PUMP HOUSE, VILLAGE- SHAHABAD, TALUKA- AMBAD, DISTRICT- JALNA.",Godavari,MAHARASHTRA,Table 13: Water Quality of river Godavari - 2024,63,24,34,5.4,7.0,8.0,8.7,456,5436,4.0,7.0,0.55,6.86,2,14,2,425,2,2
2024,2157,"RIVER GODAVARI AT LATUR WATER INTAKE NEAR PUMP HOUSE. VILLAGE. DHAMEGAON, TALUKA. KALUMB, DISTRICT. OSMANABAD.",Godavari,MAHARASHTRA,Table 13: Water Quality of river Godavari - 2024,63,20,33,5.6,7.3,7.7,8.1,390,920,3.2,7.0,0.49,5.25,2,2,2,70,2,2
2024,1209,"RIVER GODAVARI AT RAHER, VILLAGE.RAHER, TALUKA. NAYAGAON, DISTRICT. NANDED.",Godavari,MAHARASHTRA,Table 13: Water Quality of river Godavari - 2024,63,19,36,5.5,7.4,8.1,8.7,286,920,3.0,6.0,0.45,3.26,2,5,2,350,2,2
2024,1210,"RIVER GODAVARI NEAR INTAKE WATER PUMP HOUSE, VILLAGE- VISHNUPURI, TALUKA- NANDED, DISTRICT- NANDED.",Godavari,MAHARASHTRA,Table 13: Water Quality of river Godavari - 2024,63,20,35,5.4,7.4,8.0,8.6,292,650,3.0,5.0,0.79,5.74,2,7,2,550,2,2
2024,2360,"RIVER GODAVARI AT BASARA (V & M), NIRMAL (D)",Godavari,TELANGANA,Table 13: Water Quality of river Godavari - 2024,63,21,24,6.8,7.3,6.8,8.2,670,1117,2.8,3.6,10.04,26.02,2,6,20,25,2,5
2024,4227,"RIVER GODAVARI- POCHERA WATER FALLS, POCHERA (V), BOATH (M), ADILABAD (D)",,TELANGANA,Table 13: Water Quality of river Godavari - 2024,63,21,25,6.0,7.5,7.3,8.8,472,790,2.6,3.7,12.09,24.11,2,6,2,26,2,6
2024,5105,"RIVER GODAVARI PUSHKAR GHAT , MANCHERIAL (V&M), MANCHERIAL (D)",Godavari Pushkar Ghat,TELANGANA,Table 13: Water Quality of river Godavari - 2024,63,22,25,6.4,7.4,7.0,8.1,580,1364,2.2,3.7,15.03,35.17,2,6,17,25,2,4
2024,2361,"RIVER GODAVARI-RIVER GODAVARI AT MANCHERIAL, NEAR RAIL WAY BRIDGE B/C OF RALLAVAGU, MANCHERIAL (D)",,TELANGANA,Table 13: Water Quality of river Godavari - 2024,63,25,26,6.0,6.6,7.5,8.5,290,736,1.0,2.0,0.63,1.82,2,8,26,47,2,2
2024,2362,"RIVER GODAVARI-D/S AT RAMAGUNDAM NEAR FCI INTAKE WELL, PEDDAPALLI",,TELANGANA,Table 13: Water Quality of river Godavari - 2024,63,25,26,5.9,6.5,7.5,8.5,487,1022,1.1,2.0,0.80,1.86,2,11,26,350,2,2
2024,2363,"RIVER GODAVARI AT GODAVARIKHANI NEAR BATHING GHAT , PEDDAPALLI",Godavari,TELANGANA,Table 13: Water Quality of river Godavari - 2024,63,25,26,5.8,6.5,7.5,8.3,429,1092,1.0,2.0,1.22,5.50,2,2,21,94,2,2
2024,2364,"RIVER GODAVARI AT RAMAGUNDAM UPSTREAM NEAR DAM, PEDDAPALLI",Godavari,TELANGANA,Table 13: Water Quality of river Godavari - 2024,63,25,26,5.9,6.5,7.5,8.6,455,1173,1.0,2.0,0.64,5.70,2,2,26,70,2,2
2024,5497,"RIVER GODAVARI D/S AFTER CONFLUENCE OF RAMAGUNDAM FERTILIZE AND CHEMICALS LTD (RFCL),DISCHARGE INTO RIVER",Godavari,TELANGANA,"Table 13.1: Water Quality of tributary streamsIndravati, Kanhan, Karakavagu, Kinnerasani, Kolar (Mah), Maneru, Manjeera, Manjira, Morna, Nakkavagu,",64,25,27,1.3,6.4,6.3,8.5,420,1501,1.2,3.2,1.80,12.90,2,21,34,350,2,2
2024,2356,"RIVER GODAVARI D/S OF RAMAGUNDAM AT MANTHANI, PEDDAPALLI",Godavari,TELANGANA,"Table 13.1: Water Quality of tributary streamsIndravati, Kanhan, Karakavagu, Kinnerasani, Kolar (Mah), Maneru, Manjeera, Manjira, Morna, Nakkavagu,",64,25,28,5.9,6.6,7.6,8.6,451,1288,1.0,2.4,0.65,2.44,2,2,25,79,2,2
2024,4662,"RIVER GODAVARI AT KALESHWARAM, 500 MTS. BEFORE BATHING GHAT, KALESHWARAM (V), MAHADEVPUR (M),JAYASHANKAR BHUPALAPALLY",Godavari,TELANGANA,"Table 13.1: Water Quality of tributary streamsIndravati, Kanhan, Karakavagu, Kinnerasani, Kolar (Mah), Maneru, Manjeera, Manjira, Morna, Nakkavagu,",64,26,28,6.1,6.6,7.6,8.2,278,711,1.0,1.8,0.30,2.84,2,9,14,63,2,2
2024,2365,"RIVER GODAVARI - U/S AT KAMALAPUR ,AT M/S.AP RAYONS LTD., INTAKE WELL , KAMALAPUR (V), MANGAPET (M), MULUGU (D)",Godavari,TELANGANA,"Table 13.1: Water Quality of tributary streamsIndravati, Kanhan, Karakavagu, Kinnerasani, Kolar (Mah), Maneru, Manjeera, Manjira, Morna, Nakkavagu,",64,26,28,5.0,6.6,7.8,8.5,97,503,1.0,1.8,0.30,1.20,2,2,20,33,2,2
2024,2366,"RIVER GODAVARI - D/S AT KAMALAPUR ,AT M/S.AP RAYONS LTD., DISCHARGE POINT , MANGAPET (V&M), MULUGU (D)",Godavari,TELANGANA,"Table 13.1: Water Quality of tributary streamsIndravati, Kanhan, Karakavagu, Kinnerasani, Kolar (Mah), Maneru, Manjeera, Manjira, Morna, Nakkavagu,",64,26,28,6.1,6.5,7.2,8.6,97,508,1.0,1.8,0.30,1.14,2,2,23,46,2,2
2024,2367,"RIVER GODAVARI - U/S AT BHADRACHALAM BATHING GHAT, BHADRADRI KOTHAGUDEM",Godavari,TELANGANA,"Table 13.1: Water Quality of tributary streamsIndravati, Kanhan, Karakavagu, Kinnerasani, Kolar (Mah), Maneru, Manjeera, Manjira, Morna, Nakkavagu,",64,25,29,6.1,6.5,7.5,8.4,180,579,1.0,1.8,0.42,2.46,2,4,26,46,2,2
2024,2368,"RIVER GODAVARI - D/S AT BHADRACHALAM BATHING GHAT , BHADRADRI KOTHAGUDEM",Godavari,TELANGANA,"Table 13.1: Water Quality of tributary streamsIndravati, Kanhan, Karakavagu, Kinnerasani, Kolar (Mah), Maneru, Manjeera, Manjira, Morna, Nakkavagu,",64,25,30,5.9,6.4,7.5,8.4,183,594,1.0,2.0,0.46,1.86,2,11,22,63,2,2
2024,2369,"RIVER GODAVARI AT BURGAMPAHAD , BHADRADRI KOTHAGUDEM",Godavari,TELANGANA,"Table 13.1: Water Quality of tributary streamsIndravati, Kanhan, Karakavagu, Kinnerasani, Kolar (Mah), Maneru, Manjeera, Manjira, Morna, Nakkavagu,",64,25,29,6.0,6.4,6.1,8.2,270,890,1.0,1.8,0.36,14.60,2,2,24,70,2,2
2024,4367,"RIVER GODAVARI KOUNDINYA MUKTHI (V), KUKUNUR (M), BORDER POINT BETWEEN ANDHRA PRADESH & TELANGANA STATES",Godavari Koundinya Mukthi,ANDHRA PRADESH,"Table 13.1: Water Quality of tributary streamsIndravati, Kanhan, Karakavagu, Kinnerasani, Kolar (Mah), Maneru, Manjeera, Manjira, Morna, Nakkavagu,",64,24,31,5.4,7.5,7.1,8.3,193,790,1.9,2.5,0.32,3.26,3,4,43,120,2,3
2024,4359,RIVER GODAVARI AFTER CONFLUENCE WITH SABARI TRIBUTARY (KUNAVARAM) AT WADDIGUDEM(V) V.R. PURAM (M),Godavari,ANDHRA PRADESH,"Table 13.1: Water Quality of tributary streamsIndravati, Kanhan, Karakavagu, Kinnerasani, Kolar (Mah), Maneru, Manjeera, Manjira, Morna, Nakkavagu,",64,23,30,6.0,7.8,7.1,8.3,77,215,1.5,2.8,0.32,0.85,3,4,64,120,2,2
2024,1218,"RIVER GODAVARI AT RAJAHMUNDRY U/S, KUMARADEVAM (V), KOVVUR (M)",Godavari,ANDHRA PRADESH,"Table 13.1: Water Quality of tributary streamsIndravati, Kanhan, Karakavagu, Kinnerasani, Kolar (Mah), Maneru, Manjeera, Manjira, Morna, Nakkavagu,",64,25,28,5.0,7.8,6.9,8.0,150,536,1.8,2.4,0.32,1.06,3,4,43,120,2,3
2024,2370,"RIVER GODAVARI AT RAJAMUNDRY U/S OF NALLA CHANNEL,RAJAMUNDRY",Godavari,ANDHRA PRADESH,"Table 13.1: Water Quality of tributary streamsIndravati, Kanhan, Karakavagu, Kinnerasani, Kolar (Mah), Maneru, Manjeera, Manjira, Morna, Nakkavagu,",64,24,28,6.4,7.8,6.3,8.3,172,403,1.9,2.4,0.32,2.83,3,4,64,150,2,3
2024,2371,"RIVER GODAVARI AT RAJAMUNDRY D/S OF NALLA CHANNEL, RAJAMUNDRY",Godavari,ANDHRA PRADESH,"Table 13.1: Water Quality of tributary streamsIndravati, Kanhan, Karakavagu, Kinnerasani, Kolar (Mah), Maneru, Manjeera, Manjira, Morna, Nakkavagu,",64,25,28,6.0,7.8,6.3,8.0,150,365,1.8,2.3,0.32,1.53,4,11,93,210,2,3
2024,3067,"RIVER GODAVARI D/S DOWLEISWARAM AFTER CONFLUENCE OF STP OUTLET, DOWLEISWARAM (V)",Godavari,ANDHRA PRADESH,"Table 13.1: Water Quality of tributary streamsIndravati, Kanhan, Karakavagu, Kinnerasani, Kolar (Mah), Maneru, Manjeera, Manjira, Morna, Nakkavagu,",64,25,27,6.0,8.0,6.1,7.9,138,292,2.1,2.6,0.32,1.58,3,11,93,210,2,3
2024,1219,"RIVER GODAVARI AT RAJAHMUNDRY D/S, DOWLESWARAM (V), RAJAHMUNDRY (M)",Godavari,ANDHRA PRADESH,"Table 13.1: Water Quality of tributary streamsIndravati, Kanhan, Karakavagu, Kinnerasani, Kolar (Mah), Maneru, Manjeera, Manjira, Morna, Nakkavagu,",64,25,28,6.5,7.6,6.3,7.8,152,290,2.0,2.8,0.32,1.63,3,9,64,210,2,3
2024,30062,RIVER INDRAWATI AT NOWRANGPUR (ODISHA) Streptococci (MPN/100ml 100 Ml,Indrawati,ODISHA,"Table 13.1: Water Quality of tributary streamsIndravati, Kanhan, Karakavagu, Kinnerasani, Kolar (Mah), Maneru, Manjeera, Manjira, Morna, Nakkavagu,",64,26,31,5.7,7.7,7.5,7.7,95,166,1.0,2.0,0.32,0.37,450,2800,11000,160000,13,330
2024,1854,"RIVER INDRAVATI NELSONNAR,A/C OF DANTEWADA",,CHHATTISGARH,"Table 13.1: Water Quality of tributary streamsIndravati, Kanhan, Karakavagu, Kinnerasani, Kolar (Mah), Maneru, Manjeera, Manjira, Morna, Nakkavagu,",65,30,31,7.6,7.6,7.3,7.4,,,1.9,2.0,,,,,24,32,,
2024,1855,"RIVER INDRAVATI,PANDEMURGA B/C OF GODAVARI RIVER",,CHHATTISGARH,"Table 13.1: Water Quality of tributary streamsIndravati, Kanhan, Karakavagu, Kinnerasani, Kolar (Mah), Maneru, Manjeera, Manjira, Morna, Nakkavagu,",65,31,31,7.4,7.4,7.4,7.4,,,1.9,1.9,,,,,35,35,,
2024,5537,"RIVER KANHAN NEAR MANDIR MAIN GHAT KHAPPADIWAR, CHHINDWARA",Kanhan,MADHYA PRADESH,"Table 13.1: Water Quality of tributary streamsIndravati, Kanhan, Karakavagu, Kinnerasani, Kolar (Mah), Maneru, Manjeera, Manjira, Morna, Nakkavagu,",65,20,26,7.0,7.7,7.4,8.1,306,693,1.8,2.0,1.06,3.08,2,11,22,43,,
2024,2170,"RIVER KANHAN AT U/S OF M/S VIDARBHA PAPER MILLS, VILLAGE- SINORA, TALUKA- PARSEONI, DISTRICT- NAGPUR.",Kanhan,MAHARASHTRA,"Table 13.1: Water Quality of tributary streamsIndravati, Kanhan, Karakavagu, Kinnerasani, Kolar (Mah), Maneru, Manjeera, Manjira, Morna, Nakkavagu,",65,18,35,5.6,7.4,7.7,8.7,596,1346,3.0,3.5,0.30,2.64,22,49,140,280,2,2
2024,2171,"RIVER KANHAN AT D/S OF M/S VIDARBHA PAPER MILLS, VILLAGE- SINORA, TALUKA- PARSEONI, DISTRICT- NAGPUR.",Kanhan,MAHARASHTRA,"Table 13.1: Water Quality of tributary streamsIndravati, Kanhan, Karakavagu, Kinnerasani, Kolar (Mah), Maneru, Manjeera, Manjira, Morna, Nakkavagu,",65,18,35,5.4,7.1,7.7,8.6,603,1463,3.4,4.0,0.48,2.93,26,110,150,430,2,2
2024,1909,"RIVER KANHAN AT D/S OF NAGPUR, VILLAGE- AGARGAON, TALUKA- KUHI, DISTRICT- NAGPUR.",Kanhan,MAHARASHTRA,"Table 13.1: Water Quality of tributary streamsIndravati, Kanhan, Karakavagu, Kinnerasani, Kolar (Mah), Maneru, Manjeera, Manjira, Morna, Nakkavagu,",65,17,21,4.9,6.9,7.5,8.5,692,1340,3.0,7.4,0.30,5.28,17,40,140,430,2,2
2024,3080,"RIVER KINNERASANI (TRIBUTRARY OF GODAVARI) - U/S OF KARAKAVAGU AT PALONCHA , BHADRADRI KOTHAGUDEM",Kinnerasani,TELANGANA,"Table 13.1: Water Quality of tributary streamsIndravati, Kanhan, Karakavagu, Kinnerasani, Kolar (Mah), Maneru, Manjeera, Manjira, Morna, Nakkavagu,",65,23,30,4.7,6.3,7.3,8.5,268,956,1.0,1.8,0.87,2.60,2,2,21,47,2,2
2024,3081,"RIVER KINNERASANI (TRIBUTRARY OF GODAVARI) - D/S OF KARAKAVAGU AT PALONCHA, BHADRADRI KOTHAGUDEM",Kinnerasani,TELANGANA,"Table 13.1: Water Quality of tributary streamsIndravati, Kanhan, Karakavagu, Kinnerasani, Kolar (Mah), Maneru, Manjeera, Manjira, Morna, Nakkavagu,",65,23,30,4.7,6.2,7.3,8.5,349,639,1.0,2.0,0.02,2.90,2,2,21,70,2,2
2024,2372,"RIVER KINNERASANI (TRIBUTRARY OF GODAVARI) - KINNERASANI AFTER CONFLUENCE OF KTPS ASH POND EFFLUENTS ,BHADRADRI KOTHAGUDEM",Kinnerasani,TELANGANA,"Table 13.1: Water Quality of tributary streamsIndravati, Kanhan, Karakavagu, Kinnerasani, Kolar (Mah), Maneru, Manjeera, Manjira, Morna, Nakkavagu,",65,25,30,5.8,6.3,7.6,8.7,161,619,1.0,2.8,0.78,2.20,2,2,21,49,2,2
2024,1908,"RIVER KOLAR BEFORE CONFLUENCE WITH KANHAN RIVER AT WAREGAON BRIDGE, VILLAGE- WAREGAON, TALUKA-KAMPTEE, DISTRICT -NAGPUR.",Kolar,MAHARASHTRA,"Table 13.1: Water Quality of tributary streamsIndravati, Kanhan, Karakavagu, Kinnerasani, Kolar (Mah), Maneru, Manjeera, Manjira, Morna, Nakkavagu,",65,18,35,5.1,6.6,7.9,8.6,492,1462,3.0,7.1,0.30,3.03,22,34,110,170,2,2
2024,4257,"RIVER MANERU (TRIBUTARY OF GODAVARI) - AT D/S OF MUNICIPAL DUMP SITE, KARIMNAGAR",Maneru,TELANGANA,"Table 13.1: Water Quality of tributary streamsIndravati, Kanhan, Karakavagu, Kinnerasani, Kolar (Mah), Maneru, Manjeera, Manjira, Morna, Nakkavagu,",65,26,26,6.0,6.1,7.6,7.6,402,740,1.6,1.8,2.10,5.90,2,10,58,94,2,2
2024,4664,"RIVER MANERU (TRIBUTARY OF GODAVARI) - AT GHATTEPALLI (V) NEAR SULTHANABAD, KARIMNAGAR",Maneru,TELANGANA,"Table 13.1: Water Quality of tributary streamsIndravati, Kanhan, Karakavagu, Kinnerasani, Kolar (Mah), Maneru, Manjeera, Manjira, Morna, Nakkavagu,",65,25,26,5.0,6.1,7.5,8.2,459,843,1.1,2.8,0.80,3.56,2,2,33,49,2,2
2024,1158,"RIVER MANERU (TRIBUTARY OF GODAVARI) - AT SOMANPALLY , PEDDAPALLI",Maneru,TELANGANA,"Table 13.1: Water Quality of tributary streamsIndravati, Kanhan, Karakavagu, Kinnerasani, Kolar (Mah), Maneru, Manjeera, Manjira, Morna, Nakkavagu,",65,25,27,6.0,6.2,7.6,8.4,389,661,1.0,2.4,0.63,3.10,2,2,27,84,2,2
2024,1157,"RIVER MANJEERA (TRIBUTARY OF GODAVARI) - AT RAIPALLY, SANGAREEDY",Manjeera,TELANGANA,"Table 13.1: Water Quality of tributary streamsIndravati, Kanhan, Karakavagu, Kinnerasani, Kolar (Mah), Maneru, Manjeera, Manjira, Morna, Nakkavagu,",65,17,25,6.8,7.6,7.1,8.0,529,714,2.3,3.2,16.02,27.06,4,5,31,39,2,4
2024,1781,"RIVER MANJEERA (TRIBUTARY OF GODAVARI) - AT GANAPATHI SUGARS, SANGAREDDY",Manjeera,TELANGANA,"Table 13.1: Water Quality of tributary streamsIndravati, Kanhan, Karakavagu, Kinnerasani, Kolar (Mah), Maneru, Manjeera, Manjira, Morna, Nakkavagu,",65,18,24,5.9,6.8,7.1,8.3,550,823,2.4,3.6,12.05,26.05,4,8,31,49,2,5
2024,2374,"RIVER MANJEERA (TRIBUTARY OF GODAVARI) - U/S OF RIVER MANJEERA AT GOWDICHERLA BEFORE CONFLUENCE WITH NAKKAVAGU, SANGAREDY",Manjeera,TELANGANA,"Table 13.1: Water Quality of tributary streamsIndravati, Kanhan, Karakavagu, Kinnerasani, Kolar (Mah), Maneru, Manjeera, Manjira, Morna, Nakkavagu,",65,18,24,6.0,6.7,6.7,7.5,910,1197,2.8,3.6,18.02,30.06,6,8,30,34,4,6
2024,2375,"RIVER MANJEERA (TRIBUTARY OF GODAVARI) - D/S OF RIVER MANJEERA AT GOWDICHERLA ATFTER CONFLUENCE WITH NAKKAVAGU, SANGAREDDY",Manjeera,TELANGANA,"Table 13.1: Water Quality of tributary streamsIndravati, Kanhan, Karakavagu, Kinnerasani, Kolar (Mah), Maneru, Manjeera, Manjira, Morna, Nakkavagu,",65,19,24,6.2,6.9,6.9,7.6,760,1423,3.0,4.0,16.05,32.15,6,8,33,43,4,5
2024,4226,"RIVER MANJEERA (TRIBUTARY OF GODAVARI) - RIVER MANJEERA AT YEDU PAYALA TEMPLE, NAGSAMPALLI (V), PAPANNAPET (M), MEDAK DISTRICT",Manjeera,TELANGANA,"Table 13.1: Water Quality of tributary streamsIndravati, Kanhan, Karakavagu, Kinnerasani, Kolar (Mah), Maneru, Manjeera, Manjira, Morna, Nakkavagu,",66,17,21,6.1,7.2,6.5,8.3,596,1209,2.2,4.1,19.04,43.11,5,6,47,84,2,5
2024,2673,"RIVER MANJRA AT D/S OF LATUR, NEAR LATUR- NANDED BRIDGE, VILLAGE- BHATKHEDA, TALUKA- LATUR, DISTRICT- LATUR.",Manjra,MAHARASHTRA,"Table 13.1: Water Quality of tributary streamsIndravati, Kanhan, Karakavagu, Kinnerasani, Kolar (Mah), Maneru, Manjeera, Manjira, Morna, Nakkavagu,",66,20,23,5.7,7.3,8.0,8.4,326,642,3.2,5.4,0.53,5.97,2,2,14,275,2,2
2024,2675,RIVER MORNA D/S OF RAILWAY BRIDGE AKOLA,Morna,MAHARASHTRA,"Table 13.1: Water Quality of tributary streamsIndravati, Kanhan, Karakavagu, Kinnerasani, Kolar (Mah), Maneru, Manjeera, Manjira, Morna, Nakkavagu,",66,20,26,3.5,6.2,7.7,8.3,602,1725,3.4,9.1,0.30,5.86,26,350,120,1600,2,2
2024,2349,"RIVER MANJEERA (TRIBUTARY OF GODAVARI) - NAKKA VAGU AT BACHUGUDEM, SANGAREEDY",Manjeera,TELANGANA,"Table 13.1: Water Quality of tributary streamsIndravati, Kanhan, Karakavagu, Kinnerasani, Kolar (Mah), Maneru, Manjeera, Manjira, Morna, Nakkavagu,",66,17,22,4.6,5.7,7.1,8.0,1333,1836,3.9,47.0,3.42,47.14,6,8,58,94,5,8
2024,5541,"RIVER PENCH NEAR ROAD BRIDGE HALLAKHURD,CHHINDWARA",Pench,MADHYA PRADESH,"Table 13.1: Water Quality of tributary streamsIndravati, Kanhan, Karakavagu, Kinnerasani, Kolar (Mah), Maneru, Manjeera, Manjira, Morna, Nakkavagu,",66,19,27,7.0,7.8,7.4,8.2,319,716,1.7,2.0,1.08,3.02,2,14,22,48,,
2024,2699,"RIVER PENGANGA AT MEHKAR -BULDANA ROAD BRIDGE, VILLAGE-MEHKAR, TALUKA- MEHKAR,DISTRICT-AKOLA.",Penganga,MAHARASHTRA,"Table 13.1: Water Quality of tributary streamsIndravati, Kanhan, Karakavagu, Kinnerasani, Kolar (Mah), Maneru, Manjeera, Manjira, Morna, Nakkavagu,",66,23,26,5.1,6.8,7.8,8.4,603,10970,3.2,7.1,0.32,4.92,23,280,140,1600,2,2
2024,2698,"RIVER PENGANGA D/S OF ISAPUR DAM, VILLAGE- ISAPUR,TALUKA- PUSAD, DISTRICT- YAVATMAL.",Penganga,MAHARASHTRA,"Table 13.1: Water Quality of tributary streamsIndravati, Kanhan, Karakavagu, Kinnerasani, Kolar (Mah), Maneru, Manjeera, Manjira, Morna, Nakkavagu,",66,20,23,5.1,6.9,7.8,8.7,544,1162,3.2,4.5,0.30,5.68,20,32,120,220,2,2
2024,2697,"RIVER PENGANGA NEAR WATER SUPPLY SCHEME OF UMARKHED M.C., VILLAGE. BELKHED,TALUKA. UMARKHED, DISTRICT. YAVATMAL.",Penganga,MAHARASHTRA,"Table 13.1: Water Quality of tributary streamsIndravati, Kanhan, Karakavagu, Kinnerasani, Kolar (Mah), Maneru, Manjeera, Manjira, Morna, Nakkavagu,",66,20,23,5.7,7.0,7.9,8.5,562,1367,3.0,3.4,0.30,2.78,17,34,70,280,2,2
2024,2373,"RIVER SABARI AT KUNAVARAM, EAST GODAVARI DIST",Sabari,ANDHRA PRADESH,"Table 13.1: Water Quality of tributary streamsIndravati, Kanhan, Karakavagu, Kinnerasani, Kolar (Mah), Maneru, Manjeera, Manjira, Morna, Nakkavagu,",66,23,28,6.0,7.5,7.0,8.5,78,144,1.4,2.5,0.32,0.85,3,7,43,93,2,3
2024,1856,"RIVER SHANKNI DANTEWADA,A/C OF DANKANI RIVER",,CHHATTISGARH,"Table 13.1: Water Quality of tributary streamsIndravati, Kanhan, Karakavagu, Kinnerasani, Kolar (Mah), Maneru, Manjeera, Manjira, Morna, Nakkavagu,",66,30,31,7.4,7.5,7.4,7.5,,,2.0,2.1,,,,,34,37,,
2024,3330,"RIVER WAINGANGA AT CHHAPARA , SEONI, NEAR WSS INTAKE POINT",Wainganga,MADHYA PRADESH,"Table 13.1: Water Quality of tributary streamsIndravati, Kanhan, Karakavagu, Kinnerasani, Kolar (Mah), Maneru, Manjeera, Manjira, Morna, Nakkavagu,",66,20,30,6.6,8.0,7.1,8.1,238,719,1.1,1.8,0.32,3.82,2,10,4,63,,
2024,3331,"RIVER WAINGANGA AT CHHAPARA, NEAR ROAD BRIDGE AFTER MIXING MOTI & CHAMARIYA NALLA, JABALPUR",Wainganga,MADHYA PRADESH,"Table 13.1: Water Quality of tributary streamsIndravati, Kanhan, Karakavagu, Kinnerasani, Kolar (Mah), Maneru, Manjeera, Manjira, Morna, Nakkavagu,",66,19,30,6.7,7.8,7.1,8.2,256,723,1.4,2.6,0.32,1.60,2,11,5,94,,
2024,1213,"RIVER WAINGANGA AT BALAGHAT, M.P.",Wainganga,MADHYA PRADESH,"Table 13.1: Water Quality of tributary streamsIndravati, Kanhan, Karakavagu, Kinnerasani, Kolar (Mah), Maneru, Manjeera, Manjira, Morna, Nakkavagu,",66,19,30,6.7,7.8,6.9,7.8,278,371,1.0,2.6,0.20,1.22,2,10,7,48,,
2024,2173,"RIVER WAINGANGA AT U/S OF ELLORA PAPER MILLS, VILLAGE. TUMSAR, TALUKA. TUMSAR, DISTRICT. BHANDARA.",Wainganga,MAHARASHTRA,"Table 13.1: Water Quality of tributary streamsIndravati, Kanhan, Karakavagu, Kinnerasani, Kolar (Mah), Maneru, Manjeera, Manjira, Morna, Nakkavagu,",66,17,21,5.6,8.3,7.6,8.7,575,1214,3.0,4.7,0.30,1.06,17,47,110,350,2,2
2024,2172,"RIVER WAINGANGA AT D/S OF ELLORA PAPER MILLS, VILLAGE. TUMSAR, TALUKA. TUMSAR, DISTRICT. BHANDARA.",Wainganga,MAHARASHTRA,"Table 13.1: Water Quality of tributary streamsIndravati, Kanhan, Karakavagu, Kinnerasani, Kolar (Mah), Maneru, Manjeera, Manjira, Morna, Nakkavagu,",66,17,21,5.3,7.5,7.7,8.7,611,1170,3.2,5.6,0.30,1.45,22,48,140,1600,2,2
2024,2175,"RIVER WAINGANGA AT U/S OF GAURAV PAPER MILLS, NEAR JACKWELL, VILLAGE. BRAMHPURI, TALUKA. CHANDRAPUR, DISTRICT. CHANDRAPUR.",Wainganga,MAHARASHTRA,"Table 13.1: Water Quality of tributary streamsIndravati, Kanhan, Karakavagu, Kinnerasani, Kolar (Mah), Maneru, Manjeera, Manjira, Morna, Nakkavagu,",66,19,23,5.3,7.0,7.9,8.8,840,1246,3.0,3.4,0.30,2.99,17,40,140,350,2,2
2024,2176,"RIVER WAINGANGA AT D/S OF GAURAV PAPER MILLS, NEAR JACKWELL, VILLAGE. BRAMHPURI, TALUKA. CHANDRAPUR, DISTRICT. CHANDRAPUR.",Wainganga,MAHARASHTRA,"Table 13.1: Water Quality of tributary streamsIndravati, Kanhan, Karakavagu, Kinnerasani, Kolar (Mah), Maneru, Manjeera, Manjira, Morna, Nakkavagu,",67,20,23,5.2,6.9,7.8,8.8,902,1496,3.2,5.8,0.30,3.05,22,48,170,430,2,2
2024,1910,"RIVER WAINGANGA AFTER CONFLUENCE WITH KANHAN RIVER, VILLAGE- AMBHORA,TALUKA- KUHI, DISTRICT- NAGPUR. TALUKA. GONDPIPRI, DISTRICT.CHANDRAPUR.",Wainganga,MAHARASHTRA,"Table 13.1: Water Quality of tributary streamsIndravati, Kanhan, Karakavagu, Kinnerasani, Kolar (Mah), Maneru, Manjeera, Manjira, Morna, Nakkavagu,",67,17,22,5.2,6.9,7.6,8.7,692,929,3.2,4.2,0.30,7.70,21,39,110,350,2,39
2024,30059,RIVER WARDHA AT VILLAGE BANGAON NEAR PANDHURNA (MP & MAHARASHTRA),Wardha,MADHYA PRADESH,"Table 13.1: Water Quality of tributary streamsIndravati, Kanhan, Karakavagu, Kinnerasani, Kolar (Mah), Maneru, Manjeera, Manjira, Morna, Nakkavagu,",67,28,35,6.6,6.9,7.2,7.5,273,445,1.1,2.4,0.32,0.54,2,1600,2,1600,2,23
2024,1315,"RIVER WARDHA AT PULGAON RAILWAY BRIDGE, VILLAGE- PULGAON,TALUKA - WARDHA, DISTRICT- WARDHA.",Wardha,MAHARASHTRA,"Table 13.1: Water Quality of tributary streamsIndravati, Kanhan, Karakavagu, Kinnerasani, Kolar (Mah), Maneru, Manjeera, Manjira, Morna, Nakkavagu,",67,16,20,5.7,7.2,8.0,8.7,646,1146,3.0,3.4,0.30,4.72,21,40,110,350,2,2
2024,2721,"RIVER WARDHA AT U/S OF ACC LTD. GHUGGUS NEAR WCL PUMP HOUSE, VILLAGE- GHUGGUS, TALUKA- CHANDRAPUR, DISTRICT- CHANDRAPUR.",Wardha,MAHARASHTRA,"Table 13.1: Water Quality of tributary streamsIndravati, Kanhan, Karakavagu, Kinnerasani, Kolar (Mah), Maneru, Manjeera, Manjira, Morna, Nakkavagu,",67,20,22,5.5,6.9,7.9,8.7,796,1250,3.0,3.5,0.30,2.98,24,47,150,350,2,2
2024,2174,"RIVER WARDHA AT D/S OF ACC LTD. GHUGGUS NEAR WCL PUMP HOUSE, VILLAGE- GHUGGUS, TALUKA- CHANDRAPUR",Wardha,MAHARASHTRA,"Table 13.1: Water Quality of tributary streamsIndravati, Kanhan, Karakavagu, Kinnerasani, Kolar (Mah), Maneru, Manjeera, Manjira, Morna, Nakkavagu,",67,19,24,5.1,6.5,7.8,8.7,703,1120,3.0,5.5,0.30,2.82,4,47,170,430,2,2
2024,2156,"RIVER WARDHA AT CONFLUENCE POINT OF PENGANGA & WARDHA. VILLAGE. JUGAD, TALUKA. WANI, DISTRICT. YAVATMAL.",Wardha,MAHARASHTRA,"Table 13.1: Water Quality of tributary streamsIndravati, Kanhan, Karakavagu, Kinnerasani, Kolar (Mah), Maneru, Manjeera, Manjira, Morna, Nakkavagu,",67,19,24,5.0,6.9,7.9,8.7,670,1096,3.2,7.4,0.30,3.07,17,40,140,280,2,2
2024,2719,"RIVER WARDHA AT D/S OF ERAI RIVER AT HADASTI NEAR ARUN ENGG. WORKS, VILLAGE- HADASTI, TALUKA- CHANDRAPUR, DISTRICT- CHANDRAPUR.",Wardha,MAHARASHTRA,"Table 13.1: Water Quality of tributary streamsIndravati, Kanhan, Karakavagu, Kinnerasani, Kolar (Mah), Maneru, Manjeera, Manjira, Morna, Nakkavagu,",67,19,23,5.2,7.1,8.0,8.8,709,1234,3.2,4.0,0.42,2.80,17,48,130,430,2,2
2024,2720,"RIVER WARDHA AT U/S OF ERAI RIVER AT HADASTI NEAR ARUN ENGG. WORKS, VILLAGE- HADASTI, TALUKA- CHANDRAPUR, DISTRICT- CHANDRAPUR.",Wardha,MAHARASHTRA,"Table 13.1: Water Quality of tributary streamsIndravati, Kanhan, Karakavagu, Kinnerasani, Kolar (Mah), Maneru, Manjeera, Manjira, Morna, Nakkavagu,",67,19,23,5.4,7.2,7.8,8.7,649,1190,2.9,4.0,0.30,3.50,21,39,120,350,2,2
2024,1212,"RIVER WARDHA AT RAJURA BRIDGE, VILLAGE- RAJURA, TALUKA- CHANDRAPUR, DISTRICT- CHANDRAPUR.",Wardha,MAHARASHTRA,"Table 13.1: Water Quality of tributary streamsIndravati, Kanhan, Karakavagu, Kinnerasani, Kolar (Mah), Maneru, Manjeera, Manjira, Morna, Nakkavagu,",67,20,24,5.1,6.9,7.9,8.7,690,1104,3.0,4.2,0.30,3.01,21,41,150,350,2,2
2024,2722,"RIVER WENA AT U/S OF MOHATA MILLS, NEAR RAILWAY BRIDGE ON WARDHA ? CHANDRAPUR RAILWAY LINE, VILLAGE- HINGANGHAT, TALUKA- HINGANGHAT, DISTRICT- WARDHA.",Wena,MAHARASHTRA,"Table 13.1: Water Quality of tributary streamsIndravati, Kanhan, Karakavagu, Kinnerasani, Kolar (Mah), Maneru, Manjeera, Manjira, Morna, Nakkavagu,",67,17,22,5.2,7.1,8.1,8.7,656,1146,3.0,3.8,0.30,3.34,4,46,70,540,2,2
2024,2723,"RIVER WENA AT D/S OF MOHATA MILLS, NEAR BRIDGE ON HINGANGHAT- WADNER ROAD, VILLAGE- HINGANGHAT, TALUKA- HINGANGHAT, DISTRICT- WARDHA.",Wena,MAHARASHTRA,"Table 13.1: Water Quality of tributary streamsIndravati, Kanhan, Karakavagu, Kinnerasani, Kolar (Mah), Maneru, Manjeera, Manjira, Morna, Nakkavagu,",67,17,22,5.0,7.1,7.9,8.8,696,1130,3.4,4.0,0.30,4.88,11,43,94,350,2,2
2024,4372,"RIVER GOSTANI SAMPLE BEFORE CONFLUENCE WITH M/S DELTA PAPER MILL EFFLUENTS, VENDRA (V), PALAKODERU (M)",Gostani Sample,ANDHRA PRADESH,"Table 13.1: Water Quality of tributary streamsIndravati, Kanhan, Karakavagu, Kinnerasani, Kolar (Mah), Maneru, Manjeera, Manjira, Morna, Nakkavagu,",67,23,30,0.3,7.3,7.2,7.8,784,2920,2.2,4.2,0.46,5.69,3,9,75,460,,
2024,4373,"RIVER GOSTANI SAMPLE AFTER CONFLUENCE WITH M/S DELTA PAPEER MILL EFFLUENTS, BENDRA, PALAKODERU (M), BUT BEFORE CONFLUENCE WITH YANAMADURRU DRAIN",Gostani Sample,ANDHRA PRADESH,Table 14: Water Quality of river Krishna - 2024,68,23,30,0.3,6.2,7.0,7.6,735,2970,2.0,4.4,0.43,5.85,3,11,93,240,,
2024,2657,"RIVER BINDUSARA AT BEED, NEAR INTAKE WATER PUMP HOUSE AT DAM, VILLAGE- PALIGAON, TALUKA- BEED, DISTRICT- BEED.",Bindusara,MAHARASHTRA,Table 14: Water Quality of river Krishna - 2024,68,24,36,5.2,6.9,7.9,8.7,342,5800,2.8,6.8,0.56,15.62,2,9,2,425,2,2
2024,2660,"RIVER DARNA AT CHEHEDI WATER WORKS (PUMPING STATION), VILLAGE- CHEHEDI, TALUKA- NASHIK, DISTRICT- NASHIK.",Darna,MAHARASHTRA,Table 14: Water Quality of river Krishna - 2024,68,19,23,3.4,7.0,7.3,8.6,157,902,2.2,9.0,0.30,2.87,6,47,45,350,2,2
2024,2661,"RIVER DARNA AT ASWALI ( DARNA DAM),VILLAGE- ASWALI,TALUKA- IGATPURI,DISTRICT- NASHIK.",Darna,MAHARASHTRA,Table 14: Water Quality of river Krishna - 2024,68,20,23,5.4,7.1,7.5,8.4,124,730,2.2,3.5,0.30,1.62,4,24,31,170,2,2
2024,2662,"RIVER DARNA AT MES SITE PUMPING STATION, VILLAGE- BHAGUR, TALUKA- NASHIK, DISTRICT- NASHIK.",Darna,MAHARASHTRA,Table 14: Water Quality of river Krishna - 2024,68,20,23,5.0,6.8,7.2,8.7,133,702,2.2,5.2,0.30,2.13,4,20,31,280,2,2
2024,2663,"RIVER DARNA AT BHAGUR PUMPING STATION NEAR PANDHURLI BRIDGE, VILLAGE- BHAGUR, TALUKA- NASHIK, DISTRICT- NASHIK.",Darna,MAHARASHTRA,Table 14: Water Quality of river Krishna - 2024,68,20,23,5.2,7.0,7.4,8.8,138,829,2.4,3.6,0.30,2.78,4,32,40,350,2,2
2024,2664,"RIVER DARNA AT SANSARI, VILLAGE- SANSARI,TALUKA- NASHIK,DISTRICT- NASHIK.",Darna,MAHARASHTRA,Table 14: Water Quality of river Krishna - 2024,68,10,25,5.1,6.8,7.4,8.7,150,2192,2.4,4.5,0.30,2.18,4,33,7,220,2,2
2024,1194,"RIVER KRISHNA AT DHOM DAM, VILLAGE- WAI, TALUKA-MAHABALESHWAR, DISTRICT-SATARA.",Krishna,MAHARASHTRA,Table 14: Water Quality of river Krishna - 2024,68,25,31,5.9,6.9,7.7,8.8,78,133,1.0,4.3,0.30,1.11,2,20,94,425,2,5
2024,2190,"RIEVR KRISHNA AT GANPATI GHAT, WAI, VILLAGE- WAI,TALUKA- WAI,DISTRICT- SATARA.",Rievr Krishna,MAHARASHTRA,Table 14: Water Quality of river Krishna - 2024,68,25,31,4.9,6.5,7.7,8.2,162,421,1.0,6.1,0.41,10.05,11,120,150,920,2,12
2024,2187,"RIVER KRISHNA AT KSHETRA MAHULI, VILLAGE- KSHETRA-MAHULI,TALUKA- MAHULI, DISTRICT- SATARA.",Krishna,MAHARASHTRA,Table 14: Water Quality of river Krishna - 2024,68,25,30,5.3,7.2,8.1,8.6,372,630,1.0,5.5,0.31,14.22,17,170,225,920,2,17
2024,2188,"RIVER KRISHNA AT KRISHNA- VENNA SANGAM MAHULI , VILLAGE- MAHULI,TALUKA- MAHULI, DISTRICT- SATARA.",Krishna,MAHARASHTRA,Table 14: Water Quality of river Krishna - 2024,68,25,30,4.9,7.0,7.9,8.4,264,658,1.0,8.0,0.30,18.00,11,140,220,920,2,13
2024,1906,"RIVER KRISHNA AT WALWA, D/S OF ISLAMPUR NEAR VITHAL TEMPLE, VILLAGE- WALWA, TALUKA- WALWA, DISTRICT- SANGLI.",Krishna,MAHARASHTRA,Table 14: Water Quality of river Krishna - 2024,69,22,31,4.8,7.6,7.6,8.7,93,877,2.8,3.2,0.40,3.31,6,9,20,39,2,2
2024,1310,"RIVER KRISHNA AT KURUNDWAD NEAR SANTAJI GHORPADE GHAT , VILLAGE.NARSHINGWADI, KURUNDWAD, TALUKA. SHIROL, DISTRICT. KOLHAPUR.",Krishna,MAHARASHTRA,Table 14: Water Quality of river Krishna - 2024,69,24,30,5.6,7.5,7.2,8.8,136,1036,2.6,3.8,0.30,3.13,6,9,20,43,2,2
2024,1153,"RIVER KRISHNA AT RAJAPUR WEIR, VILLAGE. RAJAPUR, TALUKA. SHIROL, DISTRICT. KOLHAPUR.",Krishna,MAHARASHTRA,Table 14: Water Quality of river Krishna - 2024,69,24,30,5.5,7.6,7.6,8.6,125,789,2.6,3.4,0.30,2.21,4,9,17,38,2,2
2024,1889,RIVER KRISHNA - ANKALI BRIDGE ALONG CHIKKODI KAGWAD ROAD,Krishna,KARNATAKA,Table 14: Water Quality of river Krishna - 2024,69,22,30,5.5,9.5,7.1,8.6,264,948,1.0,6.6,1.51,18.27,540,920,920,1600,220,540
2024,1182,RIVER KRISHNA AT U/S OF UGARKHURD BARRAGE,Krishna,KARNATAKA,Table 14: Water Quality of river Krishna - 2024,69,24,30,5.4,8.6,7.1,8.6,260,1018,1.2,4.8,2.47,13.03,540,920,920,1600,170,540
2024,2763,RIVER KRISHNA AT ASANGI VILLAGE (JAMAKANDI VILLAGE),Krishna,KARNATAKA,Table 14: Water Quality of river Krishna - 2024,69,19,30,5.6,8.9,7.2,8.9,328,1510,1.2,3.0,2.77,50.02,350,920,920,1600,110,540
2024,5597,"RIVER KRISHNA AT ALMATTI DAM HAVELI , OLD JACKWELL POINT, BAGALKOTE",Krishna,KARNATAKA,Table 14: Water Quality of river Krishna - 2024,69,18,19,5.1,7.6,7.2,8.9,264,710,1.0,6.0,0.96,27.02,350,920,920,1600,210,540
2024,2781,RIVER KRISHNA AT D/S OF ALAMATTI DAM,Krishna,KARNATAKA,Table 14: Water Quality of river Krishna - 2024,69,21,29,5.5,8.5,7.1,8.5,328,1580,1.0,3.0,1.22,39.01,350,920,920,1600,170,540
2024,1181,RIVER KRISHNA AT D/S OF NARAYANPURA DAM,Krishna,KARNATAKA,Table 14: Water Quality of river Krishna - 2024,69,21,29,4.2,8.6,7.1,8.6,330,1880,1.0,2.8,1.26,41.26,540,920,920,1600,140,430
2024,30056,RIVER KRISHNA AT DEODURGA (BANGALORE),Krishna,KARNATAKA,Table 14: Water Quality of river Krishna - 2024,69,26,28,6.8,8.0,8.0,8.2,586,1353,1.0,2.9,0.52,1.02,220,790,1600,5400,,
2024,1784,"RIVER KRISHNA AT THANGADI, THANGADI(V), KRISHNA(M), NARAYANAPET(D)",Krishna,TELANGANA,Table 14: Water Quality of river Krishna - 2024,69,23,27,6.0,6.5,7.5,8.3,280,2294,1.0,3.0,1.20,4.26,2,40,13,220,2,6
2024,1170,"RIVER KRISHNA AT D/S OF DEVASAGAR BDG. AGRAHARAM, GADWAL(MUNCI.), JOGULAMBA GADWAL(D)",Krishna,KARNATAKA,Table 14: Water Quality of river Krishna - 2024,69,26,29,6.8,7.2,8.0,8.8,604,1670,2.2,3.0,0.30,4.64,170,580,920,2800,,
2024,4225,"RIVER KRISHNA AT JOGULAMBA TEMPLE, ALAMPUR(V&M), JOGULAMBA GADWAL(D)",Krishna,TELANGANA,Table 14: Water Quality of river Krishna - 2024,69,24,28,5.2,6.4,7.2,8.4,179,2160,1.0,4.8,0.70,4.98,2,23,21,350,2,2
2024,1175,"RIVER KRISHNA A/C WITH TUNGABHADRA, SANGAMESHWARAM (V), KOTTAPALLE (M)",,ANDHRA PRADESH,Table 14: Water Quality of river Krishna - 2024,69,24,29,5.0,8.2,7.1,8.3,348,1064,1.0,2.5,0.32,0.84,35,284,167,830,,
2024,3083,"RIVER KRISHNA D/S OF SRISHAILAM, SRISHAILAM",Krishna,ANDHRA PRADESH,Table 14: Water Quality of river Krishna - 2024,69,22,29,5.4,7.6,7.4,8.2,425,872,1.0,2.2,0.35,1.14,39,281,142,870,,
2024,5108,"RIVER KRISHNA BEFORE CONFLUENCE OF RIVER MUSI AT WADAPALLY (V), DAMARACHARLA (M), NALGONDA (D)",Krishna,TELANGANA,"Table 14.1: Water Quality of tributary streams Nira, Venna, Musi, Bhima, Hundri,",70,18,24,6.2,7.2,7.2,7.9,754,1231,2.0,3.8,12.10,35.12,2,6,4,41,2,5
2024,1465,"RIVER KRISHNA - CONFLUENCE OF RIVER KRISHNA & RIVER MUSI AT WADAPALLY (V), DAMARCHARLA (M), NALGONDA DISTRICT",Krishna,TELANGANA,"Table 14.1: Water Quality of tributary streams Nira, Venna, Musi, Bhima, Hundri,",70,18,23,5.4,7.6,6.7,8.2,857,1545,3.1,3.9,20.02,41.30,6,9,31,40,4,6
2024,4381,"RIVER KRISHNA AFTER CONFLUENCE WITH RIVER MUSI AT VADAPALLI (V), DACHEPALLI (M) BETWEEN ANDHRA PRADESH & TELANGANA STATES",Krishna,ANDHRA PRADESH,"Table 14.1: Water Quality of tributary streams Nira, Venna, Musi, Bhima, Hundri,",70,19,29,6.8,7.6,7.3,8.2,637,964,2.5,2.9,0.92,1.47,4,39,75,150,2,2
2024,5109,"RIVER KRISHNA AFTER CONFLUENCE OF RIVER MUSI AT WADAPALLY (V), DAMARACHARLA (M), NALGONDA(D)",Krishna,TELANGANA,"Table 14.1: Water Quality of tributary streams Nira, Venna, Musi, Bhima, Hundri,",70,18,23,6.2,7.5,6.7,8.0,962,1582,2.4,4.5,15.02,49.24,5,6,32,41,2,4
2024,4663,"RIVER KRISHNA AT MATTEPALLY, 500 MTS. BEFORE BATHING GHAT, SURYAPET",Krishna,TELANGANA,"Table 14.1: Water Quality of tributary streams Nira, Venna, Musi, Bhima, Hundri,",70,18,23,5.7,6.8,6.9,8.2,925,1461,3.0,4.5,23.25,42.24,6,8,34,43,3,6
2024,5110,"RIVER KRISHNA AT PULICHINTALA RESERVOIR AT CHINTHALAPALEM (V&M), SURYAPET (D)",Krishna,TELANGANA,"Table 14.1: Water Quality of tributary streams Nira, Venna, Musi, Bhima, Hundri,",70,18,23,6.0,7.1,6.9,8.0,814,1384,3.1,4.8,16.11,38.10,4,6,34,43,2,4
2024,1786,"RIVER KRISHNA AT VEDADRI (V), JAGGAYYAPETA (M)",Krishna,ANDHRA PRADESH,"Table 14.1: Water Quality of tributary streams Nira, Venna, Musi, Bhima, Hundri,",70,24,25,6.9,7.7,7.3,8.0,526,1120,2.4,2.9,1.12,2.14,9,28,64,210,2,2
2024,1787,"RIVER KRISHNA AT AMARAVATI, AMARAVATI (V & M)",Krishna,ANDHRA PRADESH,"Table 14.1: Water Quality of tributary streams Nira, Venna, Musi, Bhima, Hundri,",70,20,29,6.7,7.6,6.9,8.1,588,1020,2.4,2.8,1.20,1.66,9,15,64,150,2,2
2024,4375,"RIVER KRISHNA, PAVITHRA SANGAMAM, AFTER CONFLUENCE WITH RIVER GODAVARI WATER, FERRY (V), IBRAHIMPATNAM (M)",,ANDHRA PRADESH,"Table 14.1: Water Quality of tributary streams Nira, Venna, Musi, Bhima, Hundri,",70,25,25,7.1,7.8,7.2,7.9,476,892,2.2,2.8,0.95,1.51,9,20,64,120,2,2
2024,1463,"RIVER NIRA AT SAROLA BRIDGE, VILLAGE- SAROLA, TALUKA-BHOR, DISTRICT- PUNE.",Nira,MAHARASHTRA,"Table 14.1: Water Quality of tributary streams Nira, Venna, Musi, Bhima, Hundri,",71,27,29,4.3,7.0,7.6,8.9,77,1245,1.0,6.2,0.30,6.69,4,70,140,540,2,9
2024,2683,"RIVER NIRA AT SHINDEWADI, VILLAGE- SHIRVAL, TALUKA- KHANDALA, DISTRICT- SATARA.",Nira,MAHARASHTRA,"Table 14.1: Water Quality of tributary streams Nira, Venna, Musi, Bhima, Hundri,",71,26,33,5.2,7.2,7.5,9.0,81,1377,2.0,7.0,0.30,3.64,8,46,220,550,2,45
2024,2682,"RIVER NIRA AT U/S OF JUBILANT ORGANOSIS, VILLAGE- NIRA (DATTAGHAT),TALUKA- BARAMATI, DISTRICT- PUNE.",Nira,MAHARASHTRA,"Table 14.1: Water Quality of tributary streams Nira, Venna, Musi, Bhima, Hundri,",71,27,29,3.0,6.9,7.8,8.7,108,901,1.0,8.3,0.30,6.07,2,170,220,920,2,13
2024,2195,"RIVER NIRA AT D/S OF JUBILANT ORGANOSIS, VILLAGE- NIMBUT, TALUKA- BARAMATI, DISTRICT- PUNE.",Nira,MAHARASHTRA,"Table 14.1: Water Quality of tributary streams Nira, Venna, Musi, Bhima, Hundri,",71,27,29,3.5,6.8,7.8,8.6,123,995,2.0,11.5,0.30,5.75,11,240,350,1600,2,170
2024,2681,"RIVER NIRA AT SANGAVI, VILLAGE- SANGAVI, TALUKA- PHALTAN, DISTRICT- SATARA.",Nira,MAHARASHTRA,"Table 14.1: Water Quality of tributary streams Nira, Venna, Musi, Bhima, Hundri,",71,26,37,2.8,6.9,8.0,8.9,155,2998,3.6,20.0,0.30,8.94,14,130,350,920,2,14
2024,2716,"RIVER VENNA AT MAHABALESHWAR, VILLAGE. MAHABALESHWAR, TALUKA. MAHABALESHWAR, DISTRICT. SATARA.",Venna,MAHARASHTRA,"Table 14.1: Water Quality of tributary streams Nira, Venna, Musi, Bhima, Hundri,",71,21,29,5.6,7.1,7.1,7.8,32,639,1.0,5.9,0.30,3.22,6,35,95,350,2,5
2024,2186,"RIVER VENNA AT VARYE, VILLAGE - VARYE,TALUKA- SATARA, DISTRICT- SATARA.",Venna,MAHARASHTRA,"Table 14.1: Water Quality of tributary streams Nira, Venna, Musi, Bhima, Hundri,",71,25,30,5.3,6.9,7.8,8.4,171,432,1.0,5.1,0.30,9.55,2,20,110,225,2,5
2024,2717,"RIVER VENNA AT MAHULI, VILLAGE- MAHULI, TALUKA- MAHULI, DISTRICT- SATARA.",Venna,MAHARASHTRA,"Table 14.1: Water Quality of tributary streams Nira, Venna, Musi, Bhima, Hundri,",71,23,30,4.6,6.8,7.6,8.3,243,625,1.0,7.6,0.30,15.50,14,43,220,540,2,9
2024,4253,"RIVER MUSI AT BAPUGHAT SANGAM, HYDERABAD",Musi,TELANGANA,"Table 14.1: Water Quality of tributary streams Nira, Venna, Musi, Bhima, Hundri,",71,25,28,0.3,1.6,6.9,8.2,758,1526,5.6,12.0,1.80,9.51,17,94,350,540,2,9
2024,4656,"RIVER MUSI AT MOOSARAMBAGH BRIDGE, HYDERABAD",Musi,TELANGANA,"Table 14.1: Water Quality of tributary streams Nira, Venna, Musi, Bhima, Hundri,",71,25,28,0.3,0.3,7.0,8.5,982,1639,6.2,16.0,1.50,12.60,21,120,290,920,2,11
2024,2339,"RIVER MUSI AT NAGOLE, RANGA REDDY",Musi,TELANGANA,"Table 14.1: Water Quality of tributary streams Nira, Venna, Musi, Bhima, Hundri,",71,25,28,0.3,0.3,7.1,8.2,1088,1650,8.0,18.0,1.60,13.78,21,110,350,920,2,13
2024,4659,"RIVER MUSI - OUTLET OF NALLA CHERUVU, PEERAJADIGUDA, RANGAREDDY",Musi,TELANGANA,"Table 14.1: Water Quality of tributary streams Nira, Venna, Musi, Bhima, Hundri,",71,25,28,0.3,0.3,6.4,8.1,1048,1734,6.0,12.0,2.90,18.69,24,140,430,920,2,10
2024,4660,"RIVER MUSI AT PEERAJADIGUDA, RANGA REDDY",Musi,TELANGANA,"Table 14.1: Water Quality of tributary streams Nira, Venna, Musi, Bhima, Hundri,",71,25,28,0.3,0.3,6.9,8.1,952,1687,6.2,14.0,3.40,12.40,17,110,350,920,2,9
2024,1173,"RIVER MUSI - D/S AT PRATAPASINGARAM , SHAMSHABAD",Musi,TELANGANA,"Table 14.1: Water Quality of tributary streams Nira, Venna, Musi, Bhima, Hundri,",71,25,28,0.3,3.6,6.7,7.9,866,1702,4.0,12.0,3.20,20.30,17,120,350,1600,2,8
2024,4657,"RIVER MUSI AT PILLAIPALLI, RANGAREDDY",Musi,TELANGANA,"Table 14.1: Water Quality of tributary streams Nira, Venna, Musi, Bhima, Hundri,",71,25,27,0.3,3.6,6.6,7.8,890,1729,4.0,8.0,3.86,18.00,11,94,280,920,2,5
2024,4254,"RIVER MUSI AT RUDRAVELLY BRIDGE,YADADRI",Musi,TELANGANA,"Table 14.1: Water Quality of tributary streams Nira, Venna, Musi, Bhima, Hundri,",71,18,24,5.6,12.6,6.6,7.5,1262,1942,3.2,4.3,27.12,44.15,6,8,24,84,4,6
2024,4658,"RIVER MUSI AT VALIGONDA BRIDGE, NALGONDA DIST",Musi,TELANGANA,"Table 14.1: Water Quality of tributary streams Nira, Venna, Musi, Bhima, Hundri,",71,18,24,5.1,6.4,6.7,7.7,1041,2066,3.0,4.6,24.16,52.18,6,9,63,94,4,6
2024,3082,"RIVER MUSI AT SOLIPET (KASANIGUDA), NALGONDA",Musi,TELANGANA,"Table 14.1: Water Quality of tributary streams Nira, Venna, Musi, Bhima, Hundri,",71,17,24,6.0,6.8,7.1,8.8,1155,2002,2.8,3.9,21.02,53.09,6,8,47,79,4,6
2024,5106,"RIVER MUSI AT BHEEMARAM BRIDGE, BHEEMARAM (V), KETHEPALLY (M), NALGONDA (D)",Musi,TELANGANA,"Table 14.1: Water Quality of tributary streams Nira, Venna, Musi, Bhima, Hundri,",71,18,24,6.2,7.3,7.1,8.3,1014,1995,3.2,4.1,20.10,58.21,6,6,34,43,4,5
2024,5107,"RIVER MUSI BEFORE CONFLUENCE OF RIVER KRISHNA AT WADAPALLY (V), DAMARACHARLA (M), NALGONDA(D)",Musi,TELANGANA,"Table 14.1: Water Quality of tributary streams Nira, Venna, Musi, Bhima, Hundri,",72,17,24,6.2,7.2,6.7,8.0,920,2198,3.1,3.9,24.16,52.08,5,7,31,41,2,6
2024,1189,"RIVER BHIMA AT PUNE (MUTHA RIVER) AT U/S OF VITHALWADI NEAR SHANKAR MANDIR, VILLAGE. VITHALWADI, TALUKA. HAWELI, DISTRICT. PUNE.",Bhima,MAHARASHTRA,"Table 14.1: Water Quality of tributary streams Nira, Venna, Musi, Bhima, Hundri,",72,26,29,0.3,7.0,7.4,7.9,168,737,2.2,32.0,0.56,13.70,48,350,350,1800,6,31
2024,1190,"RIVER BHIMA AT D/S OF BUNDGARDEN, VILLAGE . YERWADA,TALUKA. HAWELI, DISTRICT. PUNE.",Bhima,MAHARASHTRA,"Table 14.1: Water Quality of tributary streams Nira, Venna, Musi, Bhima, Hundri,",72,26,29,1.5,4.4,7.3,8.0,206,618,10.7,34.0,0.30,11.20,25,920,430,1800,4,34
2024,2655,"RIVER BHIMA AT KOREGAON NEAR KOREGAON BRIDGE, VILLAGE- KOREGAON,TALUKA- SHIRUR, DISTRICT- PUNE.",Bhima,MAHARASHTRA,"Table 14.1: Water Quality of tributary streams Nira, Venna, Musi, Bhima, Hundri,",72,22,28,4.2,6.4,7.5,8.7,212,750,3.2,9.3,0.30,12.66,7,220,130,1800,2,17
2024,1191,"RIVER BHIMA AFTER CONFLUENCE WITH MULA- MUTHA AT PARGAON NEAR VASANT BANDARA,VILLAGE- PARGAON,TALUKA- DAUND, DISTRICT- PUNE.",Bhima,MAHARASHTRA,"Table 14.1: Water Quality of tributary streams Nira, Venna, Musi, Bhima, Hundri,",72,26,28,1.0,6.4,7.1,8.3,210,1158,3.0,19.0,0.30,13.06,14,195,275,1800,4,85
2024,1192,"RIVER BHIMA AT DAUND NEAR MAHADEV TEMPLE,VILLAGE- DAUND, TALUKA- DAUND, DISTRICT- PUNE.",Bhima,MAHARASHTRA,"Table 14.1: Water Quality of tributary streams Nira, Venna, Musi, Bhima, Hundri,",72,26,28,2.8,6.7,7.4,8.3,218,1786,1.4,19.0,0.30,16.06,14,130,225,1600,4,17
2024,2656,"RIVER BHIMA BACKWATER OF UJANI DAM, NEAR RAW WATER PUMP HOUSE, VILLAGE- KUMBARGAON, TALUKA- INDAPUR, DISTRICT- PUNE.",,MAHARASHTRA,"Table 14.1: Water Quality of tributary streams Nira, Venna, Musi, Bhima, Hundri,",72,26,29,2.6,6.6,7.6,8.9,306,1518,2.2,9.8,0.30,7.36,2,110,200,550,2,17
2024,1188,"RIVER BHIMA AT NARSINGPUR NEAR SANGAM BRIDGE AFTER CONFLUENCE WITH NIRA, VILLAGE- NARSINGPUR, TALUKA-MALSHIRAS, DISTRICT- SOLAPUR. VILLAGE- TAKALI, TALUKA- SOUTH SOLAPUR, DISTRICT- SOLAPUR.",Bhima,MAHARASHTRA,"Table 14.1: Water Quality of tributary streams Nira, Venna, Musi, Bhima, Hundri,",72,27,36,2.1,6.6,7.7,8.9,356,1033,2.4,18.5,0.30,6.00,11,280,170,1800,2,22
2024,5582,"RIVER BHIMA DOWNSTREAM, DHULKED VILL",Bhima,KARNATAKA,"Table 14.1: Water Quality of tributary streams Nira, Venna, Musi, Bhima, Hundri,",72,21,29,4.8,9.7,7.4,8.5,438,2060,1.1,4.0,0.37,69.04,540,920,1600,1600,140,540
2024,1183,RIVER BHIMA AT D/S OF ROAD BRIDGE AT GANGAPUR VILLAGE,Bhima,KARNATAKA,"Table 14.1: Water Quality of tributary streams Nira, Venna, Musi, Bhima, Hundri,",72,25,31,6.4,7.9,7.8,8.6,604,1538,3.0,4.5,0.30,2.00,1700,280000,14000,350000,,
2024,1184,RIVER BHIMA AT FEROZABAD VILLAGE (D/S),Bhima,KARNATAKA,"Table 14.1: Water Quality of tributary streams Nira, Venna, Musi, Bhima, Hundri,",72,26,32,5.0,8.7,7.7,8.7,735,1509,3.0,4.0,0.50,2.90,790,35000,1400,170000,,
2024,1888,RIVER BHIMA AT CONFLUENCE OF JEWARGI TOWN SEWAGE DISPOSAL POINT,Bhima,KARNATAKA,"Table 14.1: Water Quality of tributary streams Nira, Venna, Musi, Bhima, Hundri,",72,26,31,5.1,8.5,7.7,8.7,733,1433,2.9,5.0,0.50,3.40,170,14000,330,92000,,
2024,30057,RIVER BHIMA AT GANGAPUR (BANGALORE),Bhima,KARNATAKA,"Table 14.1: Water Quality of tributary streams Nira, Venna, Musi, Bhima, Hundri,",72,24,28,5.9,7.9,7.8,8.3,811,1280,1.0,7.2,1.22,1.72,130,1100,540,5400,,
2024,1167,RIVER BHIMA AT D/S OF BDG. NEAR YADGIR,Bhima,KARNATAKA,"Table 14.1: Water Quality of tributary streams Nira, Venna, Musi, Bhima, Hundri,",72,24,36,4.8,8.3,7.4,8.4,527,2260,3.0,4.0,0.30,1.80,260,34000,2800,140000,,
2024,5158,"RIVER HUNDRI AT GAJULADINNE RESERVOIR GAJULADINNE (V),GONEGANDLA (M)",Hundri,ANDHRA PRADESH,"Table 14.1: Water Quality of tributary streams Nira, Venna, Musi, Bhima, Hundri,",73,20,26,5.2,8.5,7.3,8.3,370,829,1.0,2.5,0.32,0.83,56,267,177,816,,
2024,2350,"RIVER HUNDRI AT LAXMIPURAM (V), KALLUR (M)",Hundri,ANDHRA PRADESH,"Table 14.1: Water Quality of tributary streams Nira, Venna, Musi, Bhima, Hundri,",73,23,28,5.6,8.3,7.8,8.4,863,1498,1.0,2.4,0.35,3.00,71,284,198,866,,
2024,1091,RIVER BHADRA AT MALLESWARAM D/S OF KIOCL,Bhadra,KARNATAKA,"Table 14.1: Water Quality of tributary streams Nira, Venna, Musi, Bhima, Hundri,",73,20,28,6.7,8.0,6.7,7.6,63,128,1.5,2.1,0.38,0.90,14,40,110,280,,
2024,2771,RIVER BHADRA AT U/S OF KIOCL,Bhadra,KARNATAKA,"Table 14.1: Water Quality of tributary streams Nira, Venna, Musi, Bhima, Hundri,",73,20,29,6.9,8.2,6.7,7.6,57,104,1.4,2.1,0.40,0.82,12,39,110,220,,
2024,2765,RIVER BHADRA AT U/S OF MPM,Bhadra,KARNATAKA,"Table 14.1: Water Quality of tributary streams Nira, Venna, Musi, Bhima, Hundri,",73,25,27,5.3,10.1,7.3,8.0,107,270,1.0,2.2,0.30,2.35,22,270,350,2800,,
2024,1387,RIVER BHADRA AT D/S OF BHADRAVATHI,Bhadra,KARNATAKA,"Table 14.1: Water Quality of tributary streams Nira, Venna, Musi, Bhima, Hundri,",73,24,27,4.5,10.1,7.1,8.0,120,320,1.2,4.0,0.30,2.27,270,3200,1300,21000,,
2024,4105,"RIVER BHADRA D/S MYSORE PAPER MILL (MPM), BHADRAWATI, SHIVAMOGGA",Bhadra,KARNATAKA,"Table 14.1: Water Quality of tributary streams Nira, Venna, Musi, Bhima, Hundri,",73,24,27,4.1,11.1,7.3,8.0,114,270,1.0,3.0,0.30,2.12,78,390,920,2200,,
2024,1169,"RIVER BHADRA AT D/S OF KIOCL ROAD BRIDGE, NEAR HOLEHUNNUR",Bhadra,KARNATAKA,"Table 14.1: Water Quality of tributary streams Nira, Venna, Musi, Bhima, Hundri,",73,24,27,5.0,10.1,7.1,8.1,140,270,1.1,3.0,0.30,1.58,40,260,700,2400,,
2024,1911,"RIVER CHANDRABHAGA AT U/S OF PANDHARPUR TOWN, VILLAGE. GURSALE,TALUKA. PANDHARPUR, DIST. SOLAPUR.",Chandrabhaga,MAHARASHTRA,"Table 14.1: Water Quality of tributary streams Nira, Venna, Musi, Bhima, Hundri,",73,27,34,5.1,7.0,8.1,8.9,255,1506,2.4,10.7,0.30,7.77,2,240,175,1600,2,17
2024,1912,"RIVER CHANDRABHAGA AT D/S OF PANDHARPUR TOWN REAR VISHNUPANT MANDIR, VILLAGE. GOPALPUR,TALUKA. PANDHARPUR,DISTRICT. SOLAPUR.",Chandrabhaga,MAHARASHTRA,"Table 14.1: Water Quality of tributary streams Nira, Venna, Musi, Bhima, Hundri,",73,25,35,4.7,6.1,8.0,8.6,276,1864,2.4,12.2,0.30,6.18,20,350,275,1800,6,17
2024,1163,RIVER GHATAPRABHA AT W.A. POINT TO GOKAK TOWN,Ghataprabha,KARNATAKA,"Table 14.1: Water Quality of tributary streams Nira, Venna, Musi, Bhima, Hundri,",73,22,28,5.0,12.0,7.1,8.3,268,710,1.1,3.8,2.45,27.13,350,920,920,1600,130,430
2024,4104,RIVER GHATAPRABHA DAVALSHWAR BARRAGE JACKWELL FOR DRINKING WATER SUPPLY,,KARNATAKA,"Table 14.1: Water Quality of tributary streams Nira, Venna, Musi, Bhima, Hundri,",73,18,26,5.3,7.8,7.2,9.0,272,1070,1.2,4.3,1.50,34.33,540,920,920,1600,130,540
2024,1185,RIVER GHATAPRABHA AT D/S OF MUDHOL ROAD CROSS BDG.,Ghataprabha,KARNATAKA,"Table 14.1: Water Quality of tributary streams Nira, Venna, Musi, Bhima, Hundri,",73,18,25,5.5,8.1,7.4,9.1,268,1008,1.5,4.3,1.18,33.20,350,920,920,1600,140,540
2024,2665,"RIVER GHOD AT SHIRUR, VILLAGE. SHIRUR,TALUKA. SHIRUR,DISTRICT. PUNE.",Ghod,MAHARASHTRA,"Table 14.1: Water Quality of tributary streams Nira, Venna, Musi, Bhima, Hundri,",73,22,27,2.3,6.2,7.3,8.7,198,1293,2.6,14.4,0.36,12.78,23,50,220,550,4,11
2024,2669,"RIVER INDRAYANI AT U/S OF MOSHIGAON,VILLAGE- MOSHI, TALUKA- HAWELI, DISTRICT- PUNE.",Indrayani,MAHARASHTRA,"Table 14.1: Water Quality of tributary streams Nira, Venna, Musi, Bhima, Hundri,",73,22,27,3.1,5.9,7.2,8.5,158,932,2.2,13.2,0.60,7.88,25,250,170,1600,4,25
2024,2668,"RIVER INDRAYANI AT D/S OF MOSHI VILLAGE. VILLAGE- MOSHI, TALUKA- HAWELI, DISTRICT- PUNE.",Indrayani,MAHARASHTRA,"Table 14.1: Water Quality of tributary streams Nira, Venna, Musi, Bhima, Hundri,",73,22,27,2.5,6.4,7.4,8.3,147,772,1.8,13.2,0.50,8.92,20,350,210,1800,6,150
2024,2197,"RIVER INDRAYANI AT D/S OF ALANDIGAON, VILLAGE. ALANDIGAON, TALUKA. HAWELI, DISTRICT. PUNE.",Indrayani,MAHARASHTRA,"Table 14.1: Water Quality of tributary streams Nira, Venna, Musi, Bhima, Hundri,",73,22,27,2.1,6.6,7.4,8.1,160,771,2.3,16.1,0.37,8.99,47,350,500,1800,6,35
2024,1895,RIVER KAGINA D/S OF SEWAGE DISPOSAL POINT,Kagina,KARNATAKA,"Table 14.1: Water Quality of tributary streams Nira, Venna, Musi, Bhima, Hundri,",73,26,33,5.0,8.0,7.5,8.8,348,668,2.0,4.0,0.30,1.80,220,92000,540,160000,,
2024,2777,RIVER KAGINA AT SHAHABAD BRIDGE,Kagina,KARNATAKA,"Table 14.1: Water Quality of tributary streams Nira, Venna, Musi, Bhima, Hundri,",73,26,32,5.7,8.3,7.8,8.8,348,615,2.0,4.0,0.30,1.20,94,17000,140,130000,,
2024,4500,"RIVER KAGINA AT D/S OF BRIDGE CUM BARRAGE, SADEM",Kagina,KARNATAKA,"Table 14.1: Water Quality of tributary streams Nira, Venna, Musi, Bhima, Hundri,",73,26,33,5.0,7.7,7.7,8.5,364,607,2.0,3.0,0.30,1.30,17,7000,39,35000,,
2024,2189,"RIVER KOYNA AT KARAD, VILLAGE- KARAD,TALUKA- KARAD, DISTRICT- SATARA.",Koyna,MAHARASHTRA,"Table 14.1: Water Quality of tributary streams Nira, Venna, Musi, Bhima, Hundri,",74,20,30,5.5,7.2,7.7,8.4,68,445,1.0,6.2,0.30,2.01,17,110,140,920,2,9
2024,1187,RIVER MALPRABHA AT D/S OF KHANAPUR VILLAGE,Malprabha,KARNATAKA,"Table 14.1: Water Quality of tributary streams Nira, Venna, Musi, Bhima, Hundri,",74,22,26,6.1,8.5,6.6,8.2,190,458,1.3,5.3,1.72,74.00,540,920,920,1600,170,540
2024,1164,"RIVER MALAPRABHA AT WATER ABSTRACTION POINT TO HUBLI, DHARWAD",Malaprabha,KARNATAKA,"Table 14.1: Water Quality of tributary streams Nira, Venna, Musi, Bhima, Hundri,",74,20,28,5.4,8.6,7.1,8.4,196,458,1.0,4.2,1.18,9.98,350,920,920,1600,140,540
2024,2764,RIVER MALAPRABHA AT BADAMI BRIDGE,Malaprabha,KARNATAKA,"Table 14.1: Water Quality of tributary streams Nira, Venna, Musi, Bhima, Hundri,",74,18,23,6.5,9.2,7.3,8.1,392,838,1.3,3.5,1.92,17.07,920,1840,1600,3200,170,1080
2024,1186,RIVER MALAPRABHA AT D/S OF AIHOLE TOWN,Malaprabha,KARNATAKA,"Table 14.1: Water Quality of tributary streams Nira, Venna, Musi, Bhima, Hundri,",74,18,23,6.7,9.6,7.4,8.1,390,830,1.0,5.7,1.72,15.22,540,1840,920,3200,150,1080
2024,4098,RIVER MARKANDEYA AT RAKKASAKOPPA RESRVOIR,Markandeya,KARNATAKA,"Table 14.1: Water Quality of tributary streams Nira, Venna, Musi, Bhima, Hundri,",74,22,28,5.7,8.7,6.7,8.8,190,268,1.1,2.2,0.96,18.07,280,920,920,1600,130,430
2024,2193,"RIVER MULA AT AUNDH BRIDGE, VILLAGE- AUNDHGAON,TALUKA- HAWELI, DISTRICT- PUNE.",Mula,MAHARASHTRA,"Table 14.1: Water Quality of tributary streams Nira, Venna, Musi, Bhima, Hundri,",74,26,29,1.0,6.7,7.5,7.9,151,866,3.6,25.6,0.37,6.76,63,540,540,1800,6,21
2024,2192,"RIVER MULA-MUTHA AT MUNDHAWA BRIDGE,VILLAGE- MUNDHAWA,TALUKA- HAWELI,DISTRICT- PUNE.",,MAHARASHTRA,"Table 14.1: Water Quality of tributary streams Nira, Venna, Musi, Bhima, Hundri,",74,26,29,1.8,4.6,7.3,7.9,208,674,10.2,22.0,0.30,14.80,58,350,280,1800,6,40
2024,2677,"RIVER MULA-MUTHA AT D/S OF THEUR, VILLAGE. THEUR, TALUKA. HAWELI, DISTRICT. PUNE.",,MAHARASHTRA,"Table 14.1: Water Quality of tributary streams Nira, Venna, Musi, Bhima, Hundri,",74,24,28,2.6,5.2,7.5,7.9,157,711,3.0,18.4,0.34,11.84,33,350,350,1600,4,22
2024,1177,"RIVER MUNNERU B/C WITH KRISHNA, KEESARA (V & M)",,ANDHRA PRADESH,"Table 14.1: Water Quality of tributary streams Nira, Venna, Musi, Bhima, Hundri,",74,25,26,6.8,7.6,7.5,8.1,593,1110,2.4,2.9,1.01,1.46,11,23,93,240,2,2
2024,4251,"RIVER KRISHNA - D/S OF MUNNERU RIVER, PRAKASH NAGAR, KHAMMAM",Krishna,TELANGANA,"Table 14.1: Water Quality of tributary streams Nira, Venna, Musi, Bhima, Hundri,",74,24,30,4.6,6.3,7.3,8.5,242,1468,1.0,3.2,1.33,10.86,2,14,39,220,2,2
2024,2680,"RIVER MUTHA AT KHADAKVASLA DAM, VILLAGE- KHADAKVASLA,TALUKA- HAWELI, DISTRICT- PUNE.",Mutha,MAHARASHTRA,"Table 14.1: Water Quality of tributary streams Nira, Venna, Musi, Bhima, Hundri,",74,22,27,5.2,6.9,7.5,8.3,70,826,1.2,4.1,0.30,1.11,2,21,84,240,2,11
2024,2679,"RIVER MUTHA AT DECCAN BRIDGE, VILLAGE- DECCAN,TALUKA- PUNE, DISTRICT- PUNE.",Mutha,MAHARASHTRA,"Table 14.1: Water Quality of tributary streams Nira, Venna, Musi, Bhima, Hundri,",74,26,29,0.3,6.3,7.4,7.9,166,557,1.0,32.5,0.53,11.94,110,1600,350,1800,2,27
2024,2678,"RIVER MUTHA NEAR VEER SAVARKAR BHAVAN, VILLAGE- PUNE M.C, TALUKA- PUNE, DISTRICT - PUNE.",Mutha,MAHARASHTRA,"Table 14.1: Water Quality of tributary streams Nira, Venna, Musi, Bhima, Hundri,",74,26,29,0.3,5.3,7.4,7.8,169,554,1.2,50.2,0.70,13.84,48,540,430,1800,6,20
2024,2191,"RIVER MUTHA AT SANGAM BRIDGE NEAR GANAPATHYGHAT, VILLAGE . SHIVAJI NAGAR, TALUKA. PUNE, DISTRICT. PUNE.",Mutha,MAHARASHTRA,"Table 14.1: Water Quality of tributary streams Nira, Venna, Musi, Bhima, Hundri,",74,26,29,0.9,5.3,7.3,7.9,216,606,1.0,35.0,0.35,6.58,120,540,540,1800,6,27
2024,1178,"RIVER PALLERU B/C WITH KRISHNA, JAGGAIAPET (V &M)",,ANDHRA PRADESH,"Table 14.1: Water Quality of tributary streams Nira, Venna, Musi, Bhima, Hundri,",74,25,28,6.7,7.6,7.3,8.0,620,1260,2.5,2.9,1.25,2.14,11,21,120,240,2,2
2024,1904,"RIVER PANCHAGANGA AT U/S OF KOLHAPUR TOWN NEAR BALINGA PUMPING STATION, VILLAGE- BALINGA, TALUKA- KARVIR, DISTRICT- KOLHAPUR.",Panchaganga,MAHARASHTRA,"Table 14.1: Water Quality of tributary streams Nira, Venna, Musi, Bhima, Hundri,",74,24,29,4.5,7.4,7.3,8.7,85,502,2.6,3.1,0.30,2.11,4,9,15,34,2,2
2024,1905,"RIVER PANCHAGANGA AT D/S OF KOLHAPUR TOWN AT GANDHI NAGAR NEAR NH.4 BRIDGE AND MIDC, VILLAGE. UCHEGAON, TALUKA. KOLHAPUR, DISTRICT. KOLHAPUR.",Panchaganga,MAHARASHTRA,"Table 14.1: Water Quality of tributary streams Nira, Venna, Musi, Bhima, Hundri,",74,24,30,5.0,7.5,7.2,8.8,90,566,2.0,5.2,0.30,4.14,6,8,20,33,2,2
2024,1311,"RIVER PANCHAGANGA AT ICHALKARANJI NEAR MIDC INTAKE WELL. VILLAGE. SHIRADHWAD (ICHALKARANJI GHAT), TALUKA.HATKANANGALE, DISTRICT. KOLHAPUR.",Panchaganga,MAHARASHTRA,"Table 14.1: Water Quality of tributary streams Nira, Venna, Musi, Bhima, Hundri,",75,24,31,4.9,7.5,7.5,8.7,124,465,2.6,7.5,0.30,2.47,4,9,17,41,2,2
2024,2163,"RIVER PANCHAGANGA AT SHIROL NEAR SHIROL INTAKE WELL, VILLAGE- SHIROL, TALUKA- SHIROL, DISTRICT- KOLHAPUR.",Panchaganga,MAHARASHTRA,"Table 14.1: Water Quality of tributary streams Nira, Venna, Musi, Bhima, Hundri,",75,24,30,5.4,7.4,7.5,8.8,143,1128,2.8,3.4,0.30,2.58,5,8,17,33,2,2
2024,2196,"RIVER PAWANA AT SANGAVIGAON, VILLAGE- SANGAVIGAON, TALUKA- HAWELI, DISTRICT- PUNE.",Pawana,MAHARASHTRA,"Table 14.1: Water Quality of tributary streams Nira, Venna, Musi, Bhima, Hundri,",75,26,29,0.3,5.5,7.3,8.0,188,700,6.3,30.0,0.60,4.34,34,920,540,1800,9,46
2024,2692,"RIVER PAWANA AT RAVET WEIR, VILLAGE. RAVET, TALUKA. HAWELI, DISTRICT. PUNE.",Pawana,MAHARASHTRA,"Table 14.1: Water Quality of tributary streams Nira, Venna, Musi, Bhima, Hundri,",75,26,29,5.2,6.8,7.5,8.1,121,236,1.0,7.4,0.30,1.89,2,40,79,900,2,95
2024,2693,"RIVER PAWANA AT CHINCHWADGAON, VILLAGE. CHINCHWADGAON,TALUKA. HAWELI,DISTRICT. PUNE.",Pawana,MAHARASHTRA,"Table 14.1: Water Quality of tributary streams Nira, Venna, Musi, Bhima, Hundri,",75,26,29,2.3,6.2,7.2,8.2,163,609,2.3,17.6,0.40,3.36,25,540,350,1800,11,58
2024,2694,"RIVER PAWANA AT PIMPRIGAON, VILLAGE- PIMPRIGAON, TALUKA- HAWELI, DISTRICT- PUNE.",Pawana,MAHARASHTRA,"Table 14.1: Water Quality of tributary streams Nira, Venna, Musi, Bhima, Hundri,",75,26,29,0.3,4.6,7.1,8.0,183,637,8.8,28.3,0.75,5.70,20,350,540,1800,2,195
2024,2690,"RIVER PAWANA AT KASARWADI, VILLAGE- KASARWADI, TALUKA- HAWELI, DISTRICT- PUNE.",Pawana,MAHARASHTRA,"Table 14.1: Water Quality of tributary streams Nira, Venna, Musi, Bhima, Hundri,",75,26,29,0.3,4.9,7.4,7.9,189,692,5.6,36.0,0.77,4.14,92,540,900,1800,13,48
2024,2691,"RIVER PAWANA AT DAPODI BRIDGE, AT PAWANA- MULLA SANGAM, VILLAGE- DAPODI, TALUKA- HAWELI, DISTRICT- PUNE.",Pawana,MAHARASHTRA,"Table 14.1: Water Quality of tributary streams Nira, Venna, Musi, Bhima, Hundri,",75,26,29,0.3,5.0,7.5,8.0,181,770,1.2,33.0,0.70,5.14,50,430,550,1800,9,43
2024,2705,"RIVER SINA NEAR LABOTI TOLL NAKA, VILLAGE. LABOTI,TALUKA. MOHAL, DISTRICT. SOLAPUR.",Sina,MAHARASHTRA,"Table 14.1: Water Quality of tributary streams Nira, Venna, Musi, Bhima, Hundri,",75,28,30,4.7,6.5,8.1,8.6,570,1095,4.4,16.6,0.30,9.32,14,40,250,540,2,9
2024,1168,RIVER TUNGA AT D/S OF SHIMOGA TOWN,Tunga,KARNATAKA,"Table 14.1: Water Quality of tributary streams Nira, Venna, Musi, Bhima, Hundri,",75,24,27,1.0,11.1,6.9,7.9,90,240,1.0,6.0,0.30,1.70,330,3300,1700,24000,,
2024,4106,RIVER TUNGA U/S SHIVAMOGGA CITY,Tunga,KARNATAKA,"Table 14.1: Water Quality of tributary streams Nira, Venna, Musi, Bhima, Hundri,",75,25,27,1.0,10.2,7.0,7.8,70,230,1.0,5.4,0.30,1.50,70,340,790,2400,,
2024,1896,RIVER TUNGABHADRA AT CONFLUENCE POINT OF TUNGA AND BHADRA AT KUDLI,Tungabhadra,KARNATAKA,"Table 14.1: Water Quality of tributary streams Nira, Venna, Musi, Bhima, Hundri,",75,24,27,5.0,10.0,7.2,8.2,110,320,1.0,2.6,0.30,1.53,70,310,700,2800,,
2024,1029,RIVER TUNGABHADRA AT HARALAHALLI BRIDGE,Tungabhadra,KARNATAKA,"Table 14.1: Water Quality of tributary streams Nira, Venna, Musi, Bhima, Hundri,",75,25,29,6.7,7.6,7.1,8.9,150,720,1.0,3.0,0.30,2.05,34,330,540,2800,,
2024,2766,RIVER TUNGABHADRA AT NEW BRIDGE,Tungabhadra,KARNATAKA,"Table 14.1: Water Quality of tributary streams Nira, Venna, Musi, Bhima, Hundri,",75,24,30,6.9,7.5,7.0,8.5,103,420,1.0,3.0,0.30,3.99,78,320,700,4300,,
2024,2768,RIVER TUNGABHADRA AT D/S OF HARIHAR POLYFIBERS,Tungabhadra,KARNATAKA,"Table 14.1: Water Quality of tributary streams Nira, Venna, Musi, Bhima, Hundri,",75,24,30,6.1,7.1,7.1,8.5,184,1610,2.5,14.7,0.30,8.00,79,260,920,3500,,
2024,2767,RIVER TUNGABHADRA AT U/S OF HARIHAR POLYFIBERS,Tungabhadra,KARNATAKA,"Table 14.1: Water Quality of tributary streams Nira, Venna, Musi, Bhima, Hundri,",75,24,30,6.7,7.6,6.6,8.8,85,340,1.2,2.6,0.30,1.99,33,490,540,5400,,
2024,2770,RIVER TUNGABHADRA AT HARIHAR WATER SUPPLY INTAKE,Tungabhadra,KARNATAKA,"Table 14.1: Water Quality of tributary streams Nira, Venna, Musi, Bhima, Hundri,",75,24,30,6.2,7.6,7.2,8.4,110,410,2.0,5.0,0.30,2.79,210,1400,1700,16000,,
2024,2769,RIVER TUNGABHADRA AT JACKWELL POINT,Tungabhadra,KARNATAKA,Table 15: Water Quality of river Pennar and tributary streams Kundu & Chunnambar - 2024,76,24,30,6.3,7.1,6.9,8.4,120,570,2.0,6.0,0.30,4.20,40,460,540,4300,,
2024,5591,RIVER TUNGABHADRA AT NADIHARALAHALLI,Tungabhadra,KARNATAKA,Table 15: Water Quality of river Pennar and tributary streams Kundu & Chunnambar - 2024,76,24,30,6.5,7.4,6.9,8.5,95,540,1.3,3.6,0.30,1.89,110,260,700,2200,,
2024,5592,RIVER TUNGABHADRA AT AIRANI,Tungabhadra,KARNATAKA,Table 15: Water Quality of river Pennar and tributary streams Kundu & Chunnambar - 2024,76,25,30,6.9,7.8,7.4,8.6,96,550,1.2,3.0,0.30,1.78,34,220,540,2200,,
2024,4495,RIVER TUNGABHADRA AT ARAVI,Tungabhadra,KARNATAKA,Table 15: Water Quality of river Pennar and tributary streams Kundu & Chunnambar - 2024,76,25,30,6.2,7.6,7.1,9.0,120,720,1.0,4.0,0.30,2.03,70,330,920,3500,,
2024,5593,RIVER TUNGABHADRA AT HIREBIDARI,Tungabhadra,KARNATAKA,Table 15: Water Quality of river Pennar and tributary streams Kundu & Chunnambar - 2024,76,25,30,6.9,7.9,7.1,8.9,102,630,1.1,3.0,0.30,1.78,49,330,540,2800,,
2024,5594,RIVER TUNGABHADRA AT KONANATHAMBIGE,Tungabhadra,KARNATAKA,Table 15: Water Quality of river Pennar and tributary streams Kundu & Chunnambar - 2024,76,25,30,6.9,7.7,6.9,8.9,94,860,1.0,3.2,0.30,1.86,110,270,920,3500,,
2024,5595,RIVER TUNGABHADRA AT SOMALAPURA,Tungabhadra,KARNATAKA,Table 15: Water Quality of river Pennar and tributary streams Kundu & Chunnambar - 2024,76,25,30,6.8,7.8,7.1,8.8,110,940,1.2,2.4,0.30,2.34,78,330,790,3500,,
2024,5596,RIVER TUNGABHADRA AT KURUVATHI,Tungabhadra,KARNATAKA,Table 15: Water Quality of river Pennar and tributary streams Kundu & Chunnambar - 2024,76,25,30,6.6,7.5,7.1,9.0,130,650,1.4,4.0,0.30,2.03,94,700,790,3500,,
2024,4494,RIVER TUNGABHADRA AT MYLARA,Tungabhadra,KARNATAKA,Table 15: Water Quality of river Pennar and tributary streams Kundu & Chunnambar - 2024,76,25,30,6.7,7.4,7.1,8.9,160,680,1.1,10.0,0.30,2.06,210,940,1300,9200,,
2024,2776,RIVER TUNGABHADRA AT D/S OF GANGAWATHI,Tungabhadra,KARNATAKA,Table 15: Water Quality of river Pennar and tributary streams Kundu & Chunnambar - 2024,76,22,34,6.5,7.4,7.2,8.3,268,760,2.0,2.6,0.30,0.80,330,630,1700,3300,,
2024,3558,RIVER TUNGABHADRA AT DADESUGUR BRIDGE GAUGING STATION,Tungabhadra,KARNATAKA,Table 15: Water Quality of river Pennar and tributary streams Kundu & Chunnambar - 2024,76,26,28,6.5,7.3,7.5,8.5,310,2200,2.0,3.0,0.80,2.00,140,460,920,2200,,
2024,30054,RIVER TUNGABHADRA AT HOCHECHALLI (BANGALORE),Tungabhadra,KARNATAKA,Table 15: Water Quality of river Pennar and tributary streams Kundu & Chunnambar - 2024,76,25,27,6.3,8.1,7.8,9.2,599,2610,1.0,2.9,0.32,0.32,22,79,130,540,,
2024,1785,RIVER TUNGABHADRA AT MANTHRALAYAM (V & M),Tungabhadra,ANDHRA PRADESH,Table 15: Water Quality of river Pennar and tributary streams Kundu & Chunnambar - 2024,76,24,27,5.5,7.2,7.7,8.4,235,1504,1.0,2.4,0.34,1.16,63,303,180,980,,
2024,1174,"RIVER TUNGABHADRA AT KURNOOL U/S, BHAVAPURAM (V), KURNOOL (M)",Tungabhadra,ANDHRA PRADESH,Table 15: Water Quality of river Pennar and tributary streams Kundu & Chunnambar - 2024,76,21,30,5.1,8.0,7.3,8.2,474,1818,1.0,2.8,0.34,1.48,52,312,192,921,,
2024,4388,"RIVER TUNGABHADRA, UPSTREAM OF KURNOOL TOWN BEFORE JOINING CITY DOMESTIC SEWAGE AND AFTER M/S RAYALASEEMA ALKALIES INDUSTRIES NEAR SIVALAYAM TEMPLE, GONDIPARLA (V), KURNOOL (M)",,ANDHRA PRADESH,Table 15: Water Quality of river Pennar and tributary streams Kundu & Chunnambar - 2024,76,24,26,5.0,8.5,7.1,8.3,519,1763,1.0,2.8,0.32,2.68,80,306,186,980,,
2024,4389,"RIVER TUNGABHADRA, DOWNSTREAM OF KURNOOL TOWN AFTER JOINING CITY DOMESTIC SEWAGE, PADIDEMPADU (V),",,ANDHRA PRADESH,Table 15: Water Quality of river Pennar and tributary streams Kundu & Chunnambar - 2024,76,22,30,5.1,8.2,7.2,8.4,263,1918,1.0,2.8,0.32,2.11,58,293,190,980,,
2024,2711,"RIVER URMODI AT NAGTHNE KT WARE, VILLAGE- NAGTHANE,TALUKA- SATARA, DISTRICT- SATARA.",Urmodi,MAHARASHTRA,Table 15: Water Quality of river Pennar and tributary streams Kundu & Chunnambar - 2024,76,26,31,4.8,7.0,7.9,8.4,131,506,1.0,8.4,0.30,5.13,7,80,250,540,3,8
2024,2715,"RIVER VEL AT SHIKRAPUR, VILLAGE. SHIKRAPUR,TALUKA. SHIRUR, DISTRICT. PUNE.",Vel,MAHARASHTRA,Table 15: Water Quality of river Pennar and tributary streams Kundu & Chunnambar - 2024,76,27,27,6.0,6.1,8.4,8.5,552,643,2.4,8.8,4.00,5.37,30,38,425,540,4,5
2024,1255,"RIVER PENNAR B/C WITH CHITRAVATHI, TADIPATRI (M), VENGANUR (V)",,ANDHRA PRADESH,Table 16: Water Quality of river Cauvery - 2024,77,22,24,4.9,8.4,8.1,8.3,1771,2167,1.5,2.5,0.34,2.39,55,61,173,210,,
2024,1256,"RIVER PENNAR A/C WITH PAPAGNI, PUSHPAGIRI (V),VALLUR (M)",,ANDHRA PRADESH,Table 16: Water Quality of river Cauvery - 2024,77,22,32,5.2,8.1,7.0,8.2,447,1698,1.0,2.6,0.32,1.30,40,258,155,816,,
2024,1257,"RIVER PENNAR A/C WITH CHEYYURU, SOMASILA (V), ANANTHASAGARAM (M)",,ANDHRA PRADESH,Table 16: Water Quality of river Cauvery - 2024,77,20,30,6.2,7.6,7.1,8.2,732,948,1.0,2.9,1.09,1.64,9,21,75,150,2,2
2024,2351,"RIVER KUNDU, NANDYAL, NEAR OVER BDG.,NANDYAL TOWN",,ANDHRA PRADESH,Table 16: Water Quality of river Cauvery - 2024,77,22,26,5.3,8.7,7.3,8.1,423,1542,1.0,2.8,0.39,1.04,51,344,163,980,,
2024,1689,"CHUNNAMBAR RIVER, KILINJIKUPPAM ROAD, NONANKUPPAM, PUDUCHERRY.",,PUDUCHERRY,Table 16: Water Quality of river Cauvery - 2024,77,28,32,5.9,11.5,7.7,9.3,405,1618,3.0,9.5,0.32,0.32,2,1600,2,1600,2,540
2024,1198,RIVER CAUVERY AT NAPOKULU BDG (D/S),Cauvery,KARNATAKA,Table 16: Water Quality of river Cauvery - 2024,77,17,26,6.9,8.4,7.0,8.2,48,151,1.0,2.0,0.30,0.98,20,40,210,330,,
2024,1195,RIVER CAUVERY AT KUSHAL NAGAR U/S (NEAR BAICHANAHALLI),Cauvery,KARNATAKA,Table 16: Water Quality of river Cauvery - 2024,77,17,30,6.3,7.8,7.0,8.2,87,172,1.0,3.0,0.43,1.82,25,110,240,840,,
2024,1171,"RIVER CAUVERY AT SRI RANGAPATTANNA, D/S OF ROAD BDG.",Cauvery,KARNATAKA,Table 16: Water Quality of river Cauvery - 2024,77,20,30,5.1,6.8,7.5,8.5,210,393,2.0,6.0,0.93,2.42,120,390,1300,3300,,
2024,1386,RIVER CAUVERY AT D/S OF KAREKUARA VILLAGE,Cauvery,KARNATAKA,Table 16: Water Quality of river Cauvery - 2024,77,21,30,6.0,7.2,7.7,8.6,186,406,1.2,4.0,0.98,3.10,78,170,940,1400,,
2024,2773,RIVER CAUVERY AT BANNUR BRIDGE,Cauvery,KARNATAKA,Table 16: Water Quality of river Cauvery - 2024,77,20,29,6.2,7.3,7.2,8.6,211,456,1.2,3.1,0.92,2.82,14,240,940,1500,,
2024,2774,RIVER CAUVERY AT RANGANATHITTU,Cauvery,KARNATAKA,Table 16: Water Quality of river Cauvery - 2024,77,21,31,6.0,7.0,7.7,8.5,181,364,1.6,4.0,0.90,2.10,83,210,940,1700,,
2024,3566,RIVER CAUVERY AT KRS DAM MANDYA,Cauvery,KARNATAKA,Table 16: Water Quality of river Cauvery - 2024,77,21,30,6.5,7.3,7.6,8.6,162,358,1.0,2.3,0.70,1.32,61,120,700,940,,
2024,3568,RIVER CAUVERY AT WATER SUPPLY INTAKE POINT TO SRIRANGAPATNA TOWN,Cauvery,KARNATAKA,Table 16: Water Quality of river Cauvery - 2024,77,20,31,5.1,6.9,7.6,8.5,211,489,1.9,5.0,1.12,3.12,93,260,1200,2200,,
2024,3569,RIVER CAUVERY AT WATER SUPPLY INTAKE POINT TO MANDYA TOWN,Cauvery,KARNATAKA,Table 16: Water Quality of river Cauvery - 2024,78,22,30,5.4,6.9,7.6,8.5,209,395,1.8,5.0,1.12,2.32,100,270,1200,2400,,
2024,3570,RIVER CAUVERY D/S OF KR NAGAR BRIDGE,Cauvery,KARNATAKA,Table 16: Water Quality of river Cauvery - 2024,78,21,27,6.7,7.3,7.6,8.4,140,342,1.0,2.5,0.88,2.32,78,170,940,1300,,
2024,3571,RIVER CAUVERY U/S OF KR NAGAR,Cauvery,KARNATAKA,Table 16: Water Quality of river Cauvery - 2024,78,21,27,6.8,7.5,7.5,8.6,132,340,1.0,2.2,0.70,2.12,61,120,700,1100,,
2024,3573,RIVER CAUVERY D/S OF KUSHALANAGAR TOWN,Cauvery,KARNATAKA,Table 16: Water Quality of river Cauvery - 2024,78,17,28,6.4,7.9,6.9,8.9,96,176,1.0,3.0,0.61,1.32,24,63,230,630,,
2024,3576,RIVER CAUVERY AT WATER SUPPLY INTAKE POINT TO MYSORE,Cauvery,KARNATAKA,Table 16: Water Quality of river Cauvery - 2024,78,21,27,6.7,7.5,7.7,8.6,153,331,1.0,2.1,0.90,2.92,61,93,700,940,,
2024,3578,RIVER CAUVERY D/S OF MADDUR WATER SUPPLY TREATMENT PLANT AT BACHALLI,Cauvery,KARNATAKA,Table 16: Water Quality of river Cauvery - 2024,78,24,28,5.9,7.5,7.7,8.5,204,469,1.0,3.5,0.90,2.52,61,140,700,1300,,
2024,3579,RIVER CAUVERY AT WATER SUPPLY INTAKE POINT AT KOLLEGALA DASANAPURA,Cauvery,KARNATAKA,Table 16: Water Quality of river Cauvery - 2024,78,22,29,6.1,6.9,7.6,8.5,160,493,1.9,4.0,0.89,2.92,92,210,1100,1700,,
2024,3581,RIVER CAUVERY AT WATER SUPPLY INTAKE POINT AT TORE KADANA HALLI,Cauvery,KARNATAKA,Table 16: Water Quality of river Cauvery - 2024,78,24,29,6.4,7.5,6.9,8.6,208,467,1.0,3.0,0.87,2.32,61,170,700,1400,,
2024,4109,RIVER CAUVERY BEFORE CONFLUENCE AT SANGAM,Cauvery,KARNATAKA,Table 16: Water Quality of river Cauvery - 2024,78,25,39,4.9,7.0,7.2,8.5,222,1328,4.0,8.0,0.79,5.00,5,2200,33,5400,,
2024,4099,"RIVER CAUVERY D/S BHARACHUKI FALLS, SATHEGALA, KOLLEGALA",Cauvery,KARNATAKA,Table 16: Water Quality of river Cauvery - 2024,78,23,32,6.5,7.7,7.6,8.5,146,465,1.0,2.5,0.82,1.83,68,93,700,1100,,
2024,4102,RIVER CAUVERY D/S AT BHAGAMANDALA BRIDGE,Cauvery,KARNATAKA,Table 16: Water Quality of river Cauvery - 2024,78,16,25,6.7,8.2,7.0,8.1,50,98,1.0,2.1,0.33,0.90,17,40,210,270,,
2024,4103,"RIVER CAUVERY D/S AT KANIVE RAMALINGESWARA TEMPLE BRIDGE, KUSHALANAGAR",Cauvery,KARNATAKA,Table 16: Water Quality of river Cauvery - 2024,78,17,30,6.5,7.8,6.9,8.4,77,173,1.0,3.0,0.44,1.32,2,68,220,700,,
2024,30052,RIVER CAUVERY AT AJJIBORE (BANGALORE),Cauvery,KARNATAKA,Table 16: Water Quality of river Cauvery - 2024,78,25,26,7.2,8.2,8.1,8.7,309,521,1.0,1.7,0.32,0.79,14,79,130,350,,
2024,1320,"RIVER CAUVERY AT ERODE NEAR VIRAPALAYAM, TAMILNADU",Cauvery,TAMIL NADU,Table 16: Water Quality of river Cauvery - 2024,78,21,29,4.6,6.8,6.9,8.3,287,1341,2.0,3.2,0.32,7.29,11,75,32,145,,
2024,3015,"RIVER CAUVERY AT PUGALUR, KARUR, TAMILNADU",Cauvery,TAMIL NADU,Table 16: Water Quality of river Cauvery - 2024,78,25,30,6.0,7.0,7.3,8.2,248,1107,2.1,3.0,0.32,0.94,2,816,4,1600,,
2024,1324,"RIVER CAUVERY AT MOHANUR NEAR PATTAIPALAYAM, TAMILNADU",Cauvery,TAMIL NADU,Table 16: Water Quality of river Cauvery - 2024,78,26,30,5.4,7.7,8.0,8.9,277,1923,1.0,3.6,0.32,2.28,12,120,39,200,,
2024,1451,"RIVER CAUVERY AT THIRUMUKKUDAL-CONFL. PT.OF R. AMRAVATI, TAMILNADU",Cauvery,TAMIL NADU,Table 16: Water Quality of river Cauvery - 2024,78,25,27,5.6,7.0,7.1,7.9,220,1362,2.1,2.9,0.40,1.33,6,14,11,49,,
2024,3016,"RIVER CAUVERY AT PETTAIVAITHALAI, TRICHY, TAMILNADU",Cauvery,TAMIL NADU,Table 16: Water Quality of river Cauvery - 2024,78,25,28,6.4,7.6,7.4,8.1,217,1147,1.0,2.6,0.40,2.12,5,21,8,47,,
2024,1202,"RIVER CAUVERY AT TIRUCHIRAPPALLI U/S, TAMILNADU",Cauvery,TAMIL NADU,Table 16: Water Quality of river Cauvery - 2024,78,23,28,6.9,7.6,7.5,8.3,222,1115,1.4,2.8,0.42,1.53,2,17,14,46,,
2024,1325,"RIVER CAUVERY AT TIRUCHIRAPPALLI D/S, TAMILNADU",Cauvery,TAMIL NADU,Table 16: Water Quality of river Cauvery - 2024,78,23,27,6.5,7.5,7.4,8.2,246,1624,1.5,2.7,0.44,2.18,6,96,11,195,,
2024,1203,"RIVER CAUVERY AT TRICHY, GRAND ANAICUT, TAMILNADU",Cauvery,TAMIL NADU,Table 16: Water Quality of river Cauvery - 2024,79,22,28,6.4,7.5,7.3,8.1,187,1140,1.0,2.4,0.46,2.12,4,19,17,62,,
2024,1206,"RIVER CAUVERY AT KARUTHATTANUDI THANJAVUR, TAMILNADU",Cauvery,TAMIL NADU,Table 16: Water Quality of river Cauvery - 2024,79,24,28,6.8,7.4,7.4,7.8,220,1064,1.2,1.8,1.04,2.52,10,21,24,81,,
2024,3018,"RIVER CAUVERY AT MAYILADUTHURAI, NAGAPATTINAM, TAMILNADU",Cauvery,TAMIL NADU,Table 16: Water Quality of river Cauvery - 2024,79,27,29,4.0,5.4,7.7,8.6,335,510,3.0,10.0,0.32,0.76,28,88,49,687,,
2024,3012,"RIVER CAUVERY AT KOMARAPALAYAM, NAMAKAL, TAMILNADU",Cauvery,TAMIL NADU,Table 16: Water Quality of river Cauvery - 2024,79,25,31,5.6,6.9,7.6,8.2,198,749,1.0,3.6,0.32,3.45,14,68,20,126,,
2024,3013,"RIVER CAUVERY AT URRACHIKOTTAI, ERODE, TAMILNADU",Cauvery,TAMIL NADU,Table 16: Water Quality of river Cauvery - 2024,79,21,28,5.8,7.1,6.5,8.6,169,553,1.8,2.9,0.32,2.85,12,40,27,92,,
2024,3014,"RIVER CAUVERY AT SEERAPALAYAM, NAMAKAL, TAMILNADU",Cauvery,TAMIL NADU,Table 16: Water Quality of river Cauvery - 2024,79,24,31,5.5,6.5,7.8,8.3,199,675,1.0,2.7,0.32,2.13,12,66,21,161,,
2024,4827,RIVER CAUVERY LOCATIONS AT KUMARAPALAYAM,Cauvery Locations,TAMIL NADU,Table 16: Water Quality of river Cauvery - 2024,79,23,30,5.2,7.4,7.6,8.1,181,903,1.0,3.6,0.32,1.93,14,177,27,312,,
2024,3017,"RIVER CAUVERY AT KUMBAKONAM, THANJAVUR, TAMILNADU",Cauvery,TAMIL NADU,Table 16: Water Quality of river Cauvery - 2024,79,24,28,6.1,7.9,7.1,8.0,201,860,1.3,2.5,0.45,1.57,11,96,22,158,,
2024,1326,"RIVER CAUVERY AT COLEROON, TAMILNADU",Cauvery,TAMIL NADU,Table 16: Water Quality of river Cauvery - 2024,79,24,30,5.6,6.8,7.8,8.3,1401,37168,2.4,8.0,1.08,2.37,17,95,33,170,,
2024,1322,"RIVER CAUVERY AT 1KM. D/S OF BHAVANI CONFL.,R.N. PUNDUR, TAMILNADU",Cauvery,TAMIL NADU,Table 16: Water Quality of river Cauvery - 2024,79,21,29,5.0,7.4,7.0,8.0,184,1139,1.8,3.0,0.32,2.86,11,39,31,81,,
2024,10064,RIVER CAUVERY AT BHAWANI D/S,Cauvery,TAMIL NADU,Table 16: Water Quality of river Cauvery - 2024,79,21,29,4.7,6.9,7.0,8.6,169,1002,1.3,2.8,0.38,6.59,11,47,32,90,,
2024,10065,RIVER CAUVERY AT ERODE U/S,Cauvery,TAMIL NADU,Table 16: Water Quality of river Cauvery - 2024,79,21,27,4.9,6.8,7.2,7.9,284,660,1.6,2.9,0.39,2.92,11,37,24,68,,
2024,10067,RIVER CAUVERY AT KUMARAPALAYAM U/S,Cauvery,TAMIL NADU,Table 16: Water Quality of river Cauvery - 2024,79,26,31,5.2,7.6,7.5,8.5,182,527,1.0,3.2,0.32,1.76,14,66,27,134,,
2024,10070,RIVER CAUVERY AT PALLIPALAYAM D/S,Cauvery,TAMIL NADU,Table 16: Water Quality of river Cauvery - 2024,79,22,30,5.5,7.4,7.8,8.2,191,948,1.0,3.0,0.32,2.28,14,36,27,71,,
2024,10073,RIVER CAUVERY AT KARUR U/S,Cauvery,TAMIL NADU,Table 16: Water Quality of river Cauvery - 2024,79,25,29,6.0,6.8,7.5,8.9,259,1157,2.1,2.6,0.32,1.40,2,20,4,61,,
2024,10078,RIVER CAUVERY AT MAYILADUTHURAI D/S,Cauvery,TAMIL NADU,Table 16: Water Quality of river Cauvery - 2024,79,27,30,4.0,5.2,7.6,9.1,345,523,6.0,9.0,0.32,0.86,23,435,53,3100,,
2024,3580,RIVER CAUVERY AT WATER SUPPLY INTAKE POINT AT SHIVANSAMUDRA,Cauvery,KARNATAKA,Table 16: Water Quality of river Cauvery - 2024,79,24,29,6.4,7.5,7.7,8.6,205,460,1.0,3.0,0.86,2.72,68,140,790,1200,,
2024,5587,RIVER CAUVERY AT BALMAVATI BRIDGE TO THANDRA HOLE TRIBUTARY,Cauvery,KARNATAKA,Table 16: Water Quality of river Cauvery - 2024,79,17,27,7.1,8.0,6.9,7.7,57,161,1.0,1.6,0.32,0.94,20,40,210,240,,
2024,5583,RIVER CAUVERY D/S AT KONDANAGIRI BRIDGE,Cauvery,KARNATAKA,Table 16: Water Quality of river Cauvery - 2024,79,19,26,6.6,7.8,6.8,8.4,51,192,1.0,2.0,0.32,1.42,17,68,210,430,,
2024,5584,"RIVER CAUVERY D/S OF AT BETHRI BRIDGE , MURNAD",Cauvery,KARNATAKA,Table 16: Water Quality of river Cauvery - 2024,79,18,26,6.5,7.8,6.9,8.1,60,175,1.0,2.5,0.32,1.22,21,81,210,470,,
2024,5585,"RIVER CAUVERY D/S OF AT NELLU DIKERI BRIDGE, SIDDAPURA",Cauvery,KARNATAKA,Table 16: Water Quality of river Cauvery - 2024,79,18,28,6.4,7.7,7.0,8.0,51,165,1.0,3.0,0.32,1.32,17,78,210,630,,
2024,5586,"RIVER CAUVERY D/S OF AT DUBARE, HANGING BRIDGE (THEPPA DA KINDI)",Cauvery,KARNATAKA,"Table 16.1: Water Quality of tributary streams Bhavani, Yagachi, Hemavathi, Shimsha,",80,18,29,6.8,7.9,7.1,8.1,76,152,1.0,2.1,0.32,1.22,17,84,210,430,,
2024,5590,"RIVER CAUVERY AT GANJAM WATER SUPPLY INTAKE POINT NEAR GOSAI GHAT, SRIRANGAPATNA",Cauvery,KARNATAKA,"Table 16.1: Water Quality of tributary streams Bhavani, Yagachi, Hemavathi, Shimsha,",80,19,28,6.5,7.5,7.5,8.5,181,453,1.0,2.5,0.61,4.42,92,140,840,1200,,
2024,5580,"RIVER CAUVERY ATGANJAM WATER SUPPLY INTAKE POINT NEAR GOSAI GHAT, SRIRANGAPATNA,MAYDYA",Cauvery,KARNATAKA,"Table 16.1: Water Quality of tributary streams Bhavani, Yagachi, Hemavathi, Shimsha,",80,19,30,6.5,7.4,7.6,8.4,188,449,1.0,3.0,0.64,3.22,82,140,790,1300,,
2024,5579,"RIVER CAUVERY AT KARIGHATTA NIMISHAMBA TEMPLE ROAD BRIDGE SRIRANGAPATNA,MAYDYA",Cauvery,KARNATAKA,"Table 16.1: Water Quality of tributary streams Bhavani, Yagachi, Hemavathi, Shimsha,",80,20,30,6.0,6.9,7.6,8.6,227,556,2.0,4.5,1.10,4.62,110,1400,1200,2300,,
2024,5581,"RIVER CAUVERY AT MAHADEVPURA ROAD BRIDGE,MAYDYA",Cauvery,KARNATAKA,"Table 16.1: Water Quality of tributary streams Bhavani, Yagachi, Hemavathi, Shimsha,",80,19,29,5.4,6.8,7.6,8.7,270,549,2.0,5.0,1.30,4.82,110,450,1400,3100,,
2024,1323,RIVER CAUVERY ATPARAMATHY VELORE TAMILNADU,Cauvery,TAMIL NADU,"Table 16.1: Water Quality of tributary streams Bhavani, Yagachi, Hemavathi, Shimsha,",80,24,30,5.4,7.2,7.5,8.3,260,1700,1.0,3.9,0.32,6.54,12,59,37,111,,
2024,1201,"RIVER BHAVANI AT BADTHARAKALIAMMAN KOIL, TAMILNADU",Bhavani,TAMIL NADU,"Table 16.1: Water Quality of tributary streams Bhavani, Yagachi, Hemavathi, Shimsha,",80,20,27,5.6,7.4,7.3,8.0,56,334,2.0,2.6,0.32,0.62,14,34,33,58,,
2024,1204,"RIVER BHAVANI AT SIRUMUGAI, TAMILNADU",Bhavani,TAMIL NADU,"Table 16.1: Water Quality of tributary streams Bhavani, Yagachi, Hemavathi, Shimsha,",80,21,28,5.7,7.2,7.3,8.2,72,604,2.0,2.9,0.32,0.63,11,28,32,68,,
2024,1321,"RIVER BHAVANI AT BHAVANI SAGAR, TAMILNADU",Bhavani,TAMIL NADU,"Table 16.1: Water Quality of tributary streams Bhavani, Yagachi, Hemavathi, Shimsha,",80,18,27,4.8,6.8,6.4,7.6,106,497,1.7,2.9,0.32,3.00,11,39,27,77,,
2024,3019,"RIVER BHAVANI AT D/S OF BHAVANISAGAR, SATHYAMANGALAM, ERODE, TAMILNADU",Bhavani,TAMIL NADU,"Table 16.1: Water Quality of tributary streams Bhavani, Yagachi, Hemavathi, Shimsha,",80,19,28,5.4,7.5,6.4,8.0,120,628,1.7,2.7,0.32,2.84,11,109,17,261,,
2024,3020,"RIVER BHAVANI AT U/S OF KALINGARAYAN CANAL (B5), ERODE, TAMILNADU",Bhavani,TAMIL NADU,"Table 16.1: Water Quality of tributary streams Bhavani, Yagachi, Hemavathi, Shimsha,",80,23,29,5.1,6.0,7.3,8.1,345,659,2.1,2.9,0.41,2.57,14,33,39,71,,
2024,3021,"RIVER BHAVANI AT D/S OF KALINGARAYAN CANAL (B10), ERODE, TAMILNADU",Bhavani,TAMIL NADU,"Table 16.1: Water Quality of tributary streams Bhavani, Yagachi, Hemavathi, Shimsha,",80,23,29,5.4,6.8,7.7,8.2,382,663,1.9,2.8,0.38,2.70,12,76,33,170,,
2024,1893,"RIVER YAGACHI NEAR PUMPING STATION, HASSAN CITY",Yagachi,KARNATAKA,"Table 16.1: Water Quality of tributary streams Bhavani, Yagachi, Hemavathi, Shimsha,",80,23,30,4.5,7.0,7.3,7.9,310,730,2.0,3.4,0.67,2.50,210,490,1700,3500,,
2024,1199,RIVER HEMAVATHI AT D/S OF HOLENARASIPURA TOWN AT RAMADEV WEIR,Hemavathi,KARNATAKA,"Table 16.1: Water Quality of tributary streams Bhavani, Yagachi, Hemavathi, Shimsha,",81,22,31,6.0,7.4,6.9,7.9,106,210,1.6,2.1,0.48,1.20,40,110,280,1100,,
2024,1166,"RIVER SHIMSHA AT D/S OF BRIDGE, HALAGUR",Shimsha,KARNATAKA,"Table 16.1: Water Quality of tributary streams Bhavani, Yagachi, Hemavathi, Shimsha,",81,22,29,5.4,6.7,7.7,8.0,401,853,2.2,3.9,1.74,3.82,130,680,1400,5800,,
2024,1200,"RIVER SHIMSHA AT D/S OF HIGHWAY BRIDGE, YEDIYUR",Shimsha,KARNATAKA,"Table 16.1: Water Quality of tributary streams Bhavani, Yagachi, Hemavathi, Shimsha,",81,21,28,4.5,6.9,6.6,8.0,137,452,4.0,8.0,0.57,1.52,2,260,9,2800,2,94
2024,3567,RIVER SHIMSHA D/S NEAR MADDUAR TOWN,Shimsha,KARNATAKA,"Table 16.1: Water Quality of tributary streams Bhavani, Yagachi, Hemavathi, Shimsha,",81,23,28,6.2,6.9,7.5,8.0,398,682,2.0,3.6,1.52,3.22,110,210,1300,2100,,
2024,1319,RIVER AMRAVATI AT 1KM D/S FROM EFF.DIS. PT. AT MADHUTHUKKULAM,Amravati,TAMIL NADU,"Table 16.1: Water Quality of tributary streams Bhavani, Yagachi, Hemavathi, Shimsha,",81,24,26,6.4,7.2,6.9,7.9,72,380,2.0,2.3,0.32,0.85,2,921,2,2400,,
2024,4812,RIVER LOCATED ON THE SOUTHERN BANK OF AMARAVATHI AND DOWNSTREAM SIDE OF KARUR DYEING CLUSTER,Located,TAMIL NADU,"Table 16.1: Water Quality of tributary streams Bhavani, Yagachi, Hemavathi, Shimsha,",81,24,27,5.9,6.8,7.3,8.0,1768,2726,2.2,2.9,0.32,1.43,2,45,2,73,,
2024,4813,RIVER LOCATED ADJACENT TO KARU MSW DUMP SITE AND ON THE NORTHERN BANK OF AMARAVATHI AND DOWNSTREAM SIDE OF KARU DYEING CLUSTER,Located Adjacent To Karu Msw Dump Site And,TAMIL NADU,"Table 16.1: Water Quality of tributary streams Bhavani, Yagachi, Hemavathi, Shimsha,",81,24,28,6.2,6.8,6.9,7.6,462,3825,2.0,2.3,0.32,1.78,2,48,6,86,,
2024,1165,RIVER ARKAVATHI AT D/S OF KANAKAPURA TOWN,Arkavathi,KARNATAKA,"Table 16.1: Water Quality of tributary streams Bhavani, Yagachi, Hemavathi, Shimsha,",81,25,38,1.2,6.8,6.9,8.6,482,1429,5.0,52.0,2.00,6.00,9,40000,49,170000,5,1600
2024,2778,RIVER ARKAVATHI AT TIPPAGONDANAHALLI RESERVOIR,Arkavathi,KARNATAKA,"Table 16.1: Water Quality of tributary streams Bhavani, Yagachi, Hemavathi, Shimsha,",81,25,37,0.3,6.3,7.2,8.6,980,1585,4.0,53.0,3.57,22.00,7,46000,63,350000,11,540
2024,1205,"RIVER BHAVANI AT BHAVANI, TAMILNADU",Bhavani,TAMIL NADU,"Table 16.1: Water Quality of tributary streams Bhavani, Yagachi, Hemavathi, Shimsha,",81,24,29,4.5,6.6,7.2,8.6,299,655,2.1,2.9,0.44,3.88,11,40,32,85,,
2024,4108,RIVER AKRAVATHI BEFORE CONFLUENCE AT SANGAM,Akravathi,KARNATAKA,"Table 16.1: Water Quality of tributary streams Bhavani, Yagachi, Hemavathi, Shimsha,",81,25,39,4.6,7.0,7.1,8.5,505,1365,4.0,8.0,1.65,9.90,7,630,79,9200,,
2024,1197,RIVER KABINI AT SARAGUR VILLAGE D/S,Kabini,KARNATAKA,"Table 16.1: Water Quality of tributary streams Bhavani, Yagachi, Hemavathi, Shimsha,",81,21,28,5.9,7.0,7.1,8.5,181,437,1.5,4.0,0.54,1.98,91,170,1100,1500,,
2024,1207,"RIVER KABANI AT MUTHANKARA, WAYANAD",Kabani,KERALA,"Table 16.1: Water Quality of tributary streams Bhavani, Yagachi, Hemavathi, Shimsha,",81,23,31,5.5,7.6,6.1,8.1,40,160,1.0,2.0,0.30,0.30,3,63,4,170,2,110
2024,1445,RIVER KABINI AT WATER INTAKE OF KIADB AT NANJANGUD,Kabini,KARNATAKA,"Table 16.1: Water Quality of tributary streams Bhavani, Yagachi, Hemavathi, Shimsha,",81,20,28,6.6,7.6,7.0,8.2,158,370,1.0,2.5,0.74,2.10,61,93,700,940,,
2024,2775,"RIVER KABINI AT BATHING GHAT, NANJANAGUD",Kabini,KARNATAKA,"Table 16.1: Water Quality of tributary streams Bhavani, Yagachi, Hemavathi, Shimsha,",81,21,29,5.8,6.9,7.0,8.2,251,475,2.0,5.0,1.14,21.11,120,450,1300,2700,,
2024,3575,RIVER KABINI U/S INTAKE POINT TO NANJANAGUD & GUNDLUPET AT DEBUR,Kabini,KARNATAKA,"Table 16.1: Water Quality of tributary streams Bhavani, Yagachi, Hemavathi, Shimsha,",81,20,29,5.3,7.1,7.2,8.2,182,373,1.6,3.8,0.80,2.12,91,170,940,2200,,
2024,3577,RIVER KABINI AT WATER SUPPLY INTAKE POINT TO T. NARASIPURA,Kabini,KARNATAKA,"Table 16.1: Water Quality of tributary streams Bhavani, Yagachi, Hemavathi, Shimsha,",81,22,29,5.2,6.9,7.1,8.2,206,493,2.0,6.0,1.32,3.02,110,630,1400,3500,,
2024,1197,RIVER KABINI AT SARAGUR VILLAGE D/S,Kabini,KARNATAKA,"Table 16.1: Water Quality of tributary streams Bhavani, Yagachi, Hemavathi, Shimsha,",81,21,28,5.9,7.0,7.1,8.5,181,437,1.5,4.0,0.54,1.98,91,170,1100,1500,,
2024,1196,RIVER LAKSHMANTIRTHA AT D/S OF HUNSUR TOWN,Lakshmantirtha,KARNATAKA,"Table 16.1: Water Quality of tributary streams Bhavani, Yagachi, Hemavathi, Shimsha,",81,20,28,5.2,6.8,7.3,8.2,224,567,2.0,4.8,2.22,4.14,200,360,2200,3500,,
2024,2772,RIVER LAKSHMANTIRTHA AT D/S OF KATTEMALAVADI,Lakshmantirtha,KARNATAKA,"Table 16.1: Water Quality of tributary streams Bhavani, Yagachi, Hemavathi, Shimsha,",82,20,27,5.3,6.7,7.5,8.2,229,566,2.1,4.8,1.92,3.71,170,360,2100,3300,,
2024,3572,RIVER LAKSHMANTIRTHA AT WATER SUPPLY INTAKE POINT TO HUNSUR TOWN,Lakshmantirtha,KARNATAKA,"Table 16.1: Water Quality of tributary streams Bhavani, Yagachi, Hemavathi, Shimsha,",82,20,28,4.6,6.5,7.6,8.5,225,670,2.3,8.0,1.12,4.30,140,930,1700,4700,,
2024,3024,"RIVER SARABANGA AT EDAPADI AT SALEM, D/S OF TEXTILE DYEING INDUSTRIES EFFLUENT, TAMILNADU",Sarabanga,TAMIL NADU,"Table 16.1: Water Quality of tributary streams Bhavani, Yagachi, Hemavathi, Shimsha,",82,30,30,0.3,5.2,7.9,7.9,769,2190,6.3,80.0,0.41,4.59,140,770,330,1986,,
2024,10034,RIVER ADYAR AT EKKATTUTHANGAL,Adyar,TAMIL NADU,"Table 16.1: Water Quality of tributary streams Bhavani, Yagachi, Hemavathi, Shimsha,",82,26,32,0.3,5.5,6.5,7.5,534,1866,4.2,20.0,0.32,10.37,72,805,548,7050,,
2024,10035,RIVER ADYAR AT JAFERKHANPET,Adyar,TAMIL NADU,"Table 16.1: Water Quality of tributary streams Bhavani, Yagachi, Hemavathi, Shimsha,",82,28,34,0.3,4.8,6.7,7.5,564,1896,5.0,46.0,0.58,7.11,73,1116,579,8583,,
2024,10036,RIVER ADYAR AT MARAIMALAI BRIDGE,Adyar,TAMIL NADU,"Table 16.1: Water Quality of tributary streams Bhavani, Yagachi, Hemavathi, Shimsha,",82,26,30,0.3,5.8,6.6,7.4,513,1802,5.0,52.0,0.57,12.15,96,955,770,8285,,
2024,10038,RIVER ADYAR AT KOTTURPURAM BRIDGE,Adyar,TAMIL NADU,"Table 16.1: Water Quality of tributary streams Bhavani, Yagachi, Hemavathi, Shimsha,",82,27,33,1.2,3.8,6.7,7.5,525,9840,4.0,50.0,0.32,12.65,107,973,1100,8570,,
2024,10039,RIVER ADYAR NEAR BOAT CLUB,Adyar,TAMIL NADU,"Table 16.1: Water Quality of tributary streams Bhavani, Yagachi, Hemavathi, Shimsha,",82,27,32,0.3,3.6,6.9,7.5,566,5660,5.0,44.0,0.32,12.96,106,1020,1400,8845,,
2024,10040,RIVER COOUM AT ANNA NAGAR,Cooum,TAMIL NADU,"Table 16.1: Water Quality of tributary streams Bhavani, Yagachi, Hemavathi, Shimsha,",82,28,33,0.3,3.8,6.7,7.3,828,2120,8.0,33.0,0.32,11.82,200,1517,1400,11160,,
2024,10041,RIVER COOUM AT ARUMBAKKAM,Cooum,TAMIL NADU,"Table 16.1: Water Quality of tributary streams Bhavani, Yagachi, Hemavathi, Shimsha,",82,28,34,0.3,3.5,6.7,7.3,820,1981,6.0,39.0,0.32,10.61,200,1521,1400,10462,,
2024,10042,RIVER COOUM AT AMANJIKARAI,Cooum,TAMIL NADU,"Table 16.1: Water Quality of tributary streams Bhavani, Yagachi, Hemavathi, Shimsha,",82,28,32,1.3,26.0,6.7,7.4,822,2270,5.4,26.0,0.32,10.62,330,1340,1700,10208,,
2024,10043,RIVER COOUM AT POONAMALLE,Cooum,TAMIL NADU,"Table 16.1: Water Quality of tributary streams Bhavani, Yagachi, Hemavathi, Shimsha,",82,28,34,0.3,2.5,6.8,7.3,750,2380,8.0,24.0,0.32,10.06,200,1880,1400,10300,,
2024,10044,RIVER COOUM AT COLLAGE ROAD,Cooum,TAMIL NADU,"Table 16.1: Water Quality of tributary streams Bhavani, Yagachi, Hemavathi, Shimsha,",82,27,33,0.3,2.8,6.8,7.3,681,2200,6.0,42.0,0.32,13.64,330,1462,1700,14830,,
2024,10045,RIVER COOUM NEAR CENTRAL JAIL,Cooum,TAMIL NADU,"Table 16.1: Water Quality of tributary streams Bhavani, Yagachi, Hemavathi, Shimsha,",82,27,31,0.3,0.3,6.8,7.2,864,2020,15.0,54.0,0.32,11.48,390,1887,2100,15210,,
2024,10046,RIVER COOUM AT NAPIER BRIDGE,Cooum,TAMIL NADU,"Table 16.1: Water Quality of tributary streams Bhavani, Yagachi, Hemavathi, Shimsha,",82,27,34,0.3,1.8,6.6,7.1,900,15820,11.0,38.0,0.32,16.60,330,3430,1700,18890,,
2024,10057,RIVER VENNAR AT THANJAVUR U/S,Vennar,TAMIL NADU,"Table 16.1: Water Quality of tributary streams Bhavani, Yagachi, Hemavathi, Shimsha,",82,25,28,6.8,8.8,7.4,8.8,216,1055,1.0,2.3,1.28,1.78,4,36,11,91,,
2024,10058,RIVER VENNAR AT THANJAVUR D/S,Vennar,TAMIL NADU,"Table 16.1: Water Quality of tributary streams Bhavani, Yagachi, Hemavathi, Shimsha,",82,25,28,6.8,7.6,7.4,8.2,217,1040,1.3,2.2,0.68,1.51,4,48,14,112,,
2024,5578,"RIVER SHIMSHA DOWNSTREAM OF MADDUR NEAR VYDYANATHESWARA TEMPLE ROAD BRIDGE,MAYDYA",Shimsha,KARNATAKA,"Table 16.1: Water Quality of tributary streams Bhavani, Yagachi, Hemavathi, Shimsha,",82,23,29,5.1,6.6,7.3,8.0,400,681,2.6,4.0,2.12,3.22,120,400,1500,2700,,
2024,4501,"RIVER ARKAVATHI AT MANCHANBELE RESERVOIR, MANCHANABALE DAM",Arkavathi,KARNATAKA,"Table 16.1: Water Quality of tributary streams Bhavani, Yagachi, Hemavathi, Shimsha,",82,22,38,4.3,6.9,6.9,8.7,695,1178,4.0,8.0,3.02,5.00,5,4300,43,16000,2,5400
2024,1208,"RIVER BHAVANI AT ELACHIVAZHY, PALAKKAD",Bhavani,KERALA,"Table 16.1: Water Quality of tributary streams Bhavani, Yagachi, Hemavathi, Shimsha,",82,24,31,4.1,8.0,7.7,8.2,72,365,1.0,3.4,0.30,0.44,2,1300,200,1500,2,200
2024,5228,"RIVER KABANI AT MUTHANGA,WAYANAD",Kabani,KERALA,"Table 16.1: Water Quality of tributary streams Bhavani, Yagachi, Hemavathi, Shimsha,",82,22,32,4.2,7.7,6.0,8.2,60,210,1.0,5.2,0.30,0.30,2,94,24,160,4,70
2024,5229,"RIVER KABANI AT BANASURA SAGAR DAM AT KALPETTA,WAYANAD",Kabani,KERALA,"Table 16.1: Water Quality of tributary streams Bhavani, Yagachi, Hemavathi, Shimsha,",82,23,32,6.1,8.6,6.0,7.9,23,124,1.0,2.5,0.30,0.30,2,34,10,84,2,11
2024,5227,"RIVER KALINDI AT BAVALI, WAYANAD",Kalindi,KERALA,Table 17: Water Quality of river Subarnrekha and tributary stream Harmu - 2024,83,24,32,3.6,7.7,6.1,8.0,50,177,1.0,1.8,0.30,0.30,2,49,2,79,2,41
2024,5226,"RIVER PAPANASINI AT THIRUNELLY, WAYANAD",Papanasini,KERALA,Table 17: Water Quality of river Subarnrekha and tributary stream Harmu - 2024,83,23,32,5.5,8.4,5.8,8.1,45,170,1.0,3.0,0.30,0.30,2,52,10,112,2,50
2024,10059,RIVER VAIGAI AT MADURAI U/S,Vaigai,TAMIL NADU,Table 17: Water Quality of river Subarnrekha and tributary stream Harmu - 2024,83,25,31,5.2,7.1,6.0,8.7,299,934,1.0,5.0,0.32,1.03,5,27,19,49,,
2024,10060,RIVER VAIGAI AT MADURAI D/S,Vaigai,TAMIL NADU,Table 17: Water Quality of river Subarnrekha and tributary stream Harmu - 2024,83,25,32,4.0,6.2,6.6,9.1,338,1494,1.4,7.0,0.33,1.59,9,34,17,63,,
2024,1641,RIVER SUBARNAREKHA AT RAJGHAT (THENGUDIA),Subarnarekha,ODISHA,Table 17: Water Quality of river Subarnrekha and tributary stream Harmu - 2024,83,24,32,6.0,9.1,7.3,8.5,160,530,1.1,1.4,0.32,0.78,170,1700,490,4900,,
2024,2385,RIVER SUBARNAREKHA AT NAMKUM ROAD BRIDGE,Subarnarekha,JHARKHAND,Table 17: Water Quality of river Subarnrekha and tributary stream Harmu - 2024,83,11,30,5.4,7.7,6.6,7.6,,,2.0,2.4,,,,,,,,
2024,2386,RIVER SUBARNAREKHA AT MURI ROAD BRIDGE,Subarnarekha,JHARKHAND,Table 17: Water Quality of river Subarnrekha and tributary stream Harmu - 2024,83,10,28,6.6,7.8,6.5,7.6,,,1.4,3.2,,,,,,,,
2024,2387,RIVER SUBARNAREKHA AT GHATISLA ROAD BRIDGE,Subarnarekha,JHARKHAND,Table 17: Water Quality of river Subarnrekha and tributary stream Harmu - 2024,83,19,40,7.2,8.3,7.2,7.7,168,236,1.0,1.8,,,,,,,,
2024,2395,RIVER SUBARNAREKHA AT HATIA DAM,Subarnarekha,JHARKHAND,Table 17: Water Quality of river Subarnrekha and tributary stream Harmu - 2024,83,8,23,7.8,8.2,7.2,7.4,,,2.0,2.8,,,,,,,,
2024,2397,RIVER SUBARNAREKHA AT GATALSUD DAM,Subarnarekha,JHARKHAND,Table 17: Water Quality of river Subarnrekha and tributary stream Harmu - 2024,83,9,26,7.8,8.0,6.6,7.9,,,2.0,2.6,,,,,,,,
2024,2399,RIVER SUBARNAREKHA AT CHANDIL DAM,Subarnarekha,JHARKHAND,Table 17: Water Quality of river Subarnrekha and tributary stream Harmu - 2024,83,19,37,7.2,8.2,7.2,7.7,174,208,1.0,1.8,,,,,,,,
2024,4743,"RIVER SUBARNAREKHA U/S HCL GHATSHILA, E.S",Subarnarekha,JHARKHAND,Table 17: Water Quality of river Subarnrekha and tributary stream Harmu - 2024,83,19,40,7.2,8.2,7.2,7.6,172,212,1.0,2.4,,,,,,,,
2024,4744,RIVER SUBARNAREKHA BEFORE MEETING KHARKAI RIVER,Subarnarekha,JHARKHAND,Table 17: Water Quality of river Subarnrekha and tributary stream Harmu - 2024,83,18,36,6.8,8.1,7.3,7.9,194,284,1.0,2.2,,,,,,,,
2024,4746,RIVER SUBARNAREKHA AFTER CONFLUENCE OF KHARKAI RIVER,Subarnarekha,JHARKHAND,Table 17: Water Quality of river Subarnrekha and tributary stream Harmu - 2024,84,9,36,6.2,8.0,7.1,7.7,174,204,1.0,3.0,,,,,,,,
2024,4748,"RIVER SUBARNAREKHA AT BAHARAGORA ROAD BRIDGE, P.O- BAHARAGORA, E.S",Subarnarekha,JHARKHAND,Table 17: Water Quality of river Subarnrekha and tributary stream Harmu - 2024,84,15,38,7.4,8.0,7.4,7.8,198,252,1.0,1.4,,,,,,,,
2024,4749,"RIVER SUBARNAREKHA, NEAR RING ROAD BRIDGE SEMBO, NAGRI, RANCHI",,JHARKHAND,Table 17: Water Quality of river Subarnrekha and tributary stream Harmu - 2024,84,12,32,4.2,7.8,6.6,7.5,,,2.0,3.2,,,,,,,,
2024,4750,RIVER SUBARNAREKHA NEAR INTAKE WELL HATIA RAILWAY,Subarnarekha,JHARKHAND,Table 17: Water Quality of river Subarnrekha and tributary stream Harmu - 2024,84,11,32,3.5,4.5,6.3,7.6,,,2.0,2.6,,,,,,,,
2024,4752,"RIVER SUBARNAREKHA NEAR OBERIA ROAD BRIDGE, HATIA RANCH",Subarnarekha,JHARKHAND,Table 17: Water Quality of river Subarnrekha and tributary stream Harmu - 2024,84,11,30,3.0,4.1,6.5,7.6,,,2.0,2.8,,,,,,,,
2024,4084,"RIVER SURBARNREKHA AT HATIA ROAD BRIDGE, RANCHI",Surbarnrekha,JHARKHAND,Table 17: Water Quality of river Subarnrekha and tributary stream Harmu - 2024,84,8,23,2.9,3.4,6.5,6.6,,,2.0,2.8,,,,,,,,
2024,4086,"RIVER SUBARNAREKHA U/S HINDALCO IND LTD, MURLI WORKS, CHHOTAMURI, RANCHI",Subarnarekha,JHARKHAND,Table 17: Water Quality of river Subarnrekha and tributary stream Harmu - 2024,84,12,32,7.7,8.0,6.5,7.5,,,2.0,2.6,,,,,,,,
2024,4756,"RIVER SUBARNAREKHA AT RUCCA DAM, RUCCA, RANCHI",Subarnarekha,JHARKHAND,Table 17: Water Quality of river Subarnrekha and tributary stream Harmu - 2024,84,12,25,7.8,8.0,7.3,7.4,,,2.1,2.8,,,,,,,,
2024,30067,RIVER SUBARNAREKHA AT BEHRAGORA ODISHA- JHARKHAND,Subarnarekha,JHARKHAND,Table 17: Water Quality of river Subarnrekha and tributary stream Harmu - 2024,84,28,33,6.4,8.5,7.1,8.7,195,346,1.0,1.0,0.32,0.41,45,2200,1400,92000,2,790
2024,30068,RIVER SUBARNAREKHA AT GOPIBALLAVPUR (WEST BENGAL),Subarnarekha,WEST BENGAL,Table 17: Water Quality of river Subarnrekha and tributary stream Harmu - 2024,84,27,33,6.4,9.5,7.1,7.9,194,336,1.0,3.0,0.32,0.33,45,4900,1100,28000,2,490
2024,30069,RIVER SUBARNAREKHA AT LAKHANNATH (ORISSA),Subarnarekha,ODISHA,Table 17: Water Quality of river Subarnrekha and tributary stream Harmu - 2024,84,27,31,6.3,8.5,7.0,7.8,163,342,1.0,1.0,0.32,0.32,140,920000,1700,16000000,45,1100
2024,4753,"RIVER HARMU NEAR HARMU BRIDGE, HARMU, RANCHI",Harmu,JHARKHAND,Table 17: Water Quality of river Subarnrekha and tributary stream Harmu - 2024,84,10,28,3.2,4.3,6.5,6.6,,,6.8,8.4,,,,,,,,
2024,4754,RIVER HARMU BEFORE METTING TO SWARNREKHA RIVER,Harmu,JHARKHAND,Table 17: Water Quality of river Subarnrekha and tributary stream Harmu - 2024,84,11,29,4.0,4.6,6.5,6.7,,,8.6,9.6,,,,,,,,
